datetime,open,high,low,close,volume
2026-07-07T19:15:00+00:00,2979.69,2981.69,2975.73,2979.43,9679
2026-07-07T19:30:00+00:00,2979.43,2982.18,2977.64,2980.32,9299
2026-07-07T19:45:00+00:00,2980.32,2987.43,2979.93,2983.03,9347
2026-07-07T20:00:00+00:00,2983.03,2983.19,2980.79,2982.12,2329
2026-07-07T20:15:00+00:00,2982.12,2982.98,2979.79,2980.49,931
2026-07-07T20:30:00+00:00,2980.49,2981.43,2979.83,2980.83,513
2026-07-07T20:45:00+00:00,2980.83,2981.63,2979.57,2981.57,541
2026-07-07T22:00:00+00:00,2981.57,2981.57,2974.01,2977.72,1435
2026-07-07T22:15:00+00:00,2977.72,2979.57,2977.56,2979.17,467
2026-07-07T22:30:00+00:00,2979.17,2980.28,2977.81,2979.38,517
2026-07-07T22:45:00+00:00,2979.38,2981.01,2978.27,2979.42,532
2026-07-07T23:00:00+00:00,2979.42,2980.43,2978.41,2980.03,592
2026-07-07T23:15:00+00:00,2980.03,2983.03,2979.76,2982.27,487
2026-07-07T23:30:00+00:00,2982.27,2982.78,2978.97,2979.12,598
2026-07-07T23:45:00+00:00,2979.12,2980.03,2976.31,2976.97,1379
2026-07-08T00:00:00+00:00,2976.97,2979.73,2974.07,2977.62,4079
2026-07-08T00:15:00+00:00,2977.62,2981.97,2976.72,2980.12,3708
2026-07-08T00:30:00+00:00,2980.12,2984.03,2977.93,2983.82,2710
2026-07-08T00:45:00+00:00,2983.82,2988.53,2983.36,2988.02,2009
2026-07-08T01:00:00+00:00,2988.02,2988.52,2984.11,2987.71,2237
2026-07-08T01:15:00+00:00,2987.71,2987.78,2984.21,2984.66,1681
2026-07-08T01:30:00+00:00,2984.66,2985.98,2982.58,2983.67,2177
2026-07-08T01:45:00+00:00,2983.67,2985.77,2982.56,2983.72,2391
2026-07-08T02:00:00+00:00,2983.72,2984.13,2980.37,2980.48,2124
2026-07-08T02:15:00+00:00,2980.48,2983.13,2979.66,2981.38,1891
2026-07-08T02:30:00+00:00,2981.38,2983.23,2980.16,2983.21,1636
2026-07-08T02:45:00+00:00,2983.21,2984.22,2982.46,2983.12,1557
2026-07-08T03:00:00+00:00,2983.12,2985.18,2983.06,2984.66,1221
2026-07-08T03:15:00+00:00,2984.66,2987.18,2983.88,2986.52,976
2026-07-08T03:30:00+00:00,2986.52,2987.41,2984.11,2984.38,1442
2026-07-08T03:45:00+00:00,2984.38,2985.08,2983.53,2983.78,1392
2026-07-08T04:00:00+00:00,2983.78,2984.53,2982.68,2983.37,1432
2026-07-08T04:15:00+00:00,2983.37,2985.22,2982.61,2984.27,1444
2026-07-08T04:30:00+00:00,2984.27,2985.17,2982.21,2983.82,1639
2026-07-08T04:45:00+00:00,2983.82,2984.61,2981.71,2983.98,1765
2026-07-08T05:00:00+00:00,2983.98,2985.31,2982.67,2982.88,1994
2026-07-08T05:15:00+00:00,2982.88,2984.53,2980.78,2981.28,1720
2026-07-08T05:30:00+00:00,2981.28,2981.32,2978.57,2979.16,1682
2026-07-08T05:45:00+00:00,2979.16,2979.38,2974.76,2977.38,1620
2026-07-08T06:00:00+00:00,2977.38,2977.38,2973.03,2973.82,1706
2026-07-08T06:15:00+00:00,2973.82,2976.97,2973.43,2974.42,1677
2026-07-08T06:30:00+00:00,2974.42,2975.18,2969.82,2970.28,1770
2026-07-08T06:45:00+00:00,2970.28,2973.68,2968.73,2971.86,1407
2026-07-08T07:00:00+00:00,2971.86,2972.63,2965.07,2968.06,2820
2026-07-08T07:15:00+00:00,2968.06,2973.73,2967.01,2973.51,2532
2026-07-08T07:30:00+00:00,2973.51,2976.88,2970.76,2974.31,2176
2026-07-08T07:45:00+00:00,2974.31,2974.48,2970.66,2971.02,1877
2026-07-08T08:00:00+00:00,2971.02,2973.38,2968.56,2972.36,2600
2026-07-08T08:15:00+00:00,2972.36,2972.73,2944.77,2945.18,13755
2026-07-08T08:30:00+00:00,2945.18,2947.47,2936.92,2941.16,9207
2026-07-08T08:45:00+00:00,2941.16,2947.23,2939.46,2940.08,5432
2026-07-08T09:00:00+00:00,2940.08,2940.86,2934.31,2934.36,5618
2026-07-08T09:15:00+00:00,2934.36,2939.72,2934.31,2937.83,4559
2026-07-08T09:30:00+00:00,2937.83,2941.83,2935.91,2938.87,3520
2026-07-08T09:45:00+00:00,2938.87,2942.42,2936.86,2938.23,2712
2026-07-08T10:00:00+00:00,2938.23,2940.43,2936.92,2940.31,3203
2026-07-08T10:15:00+00:00,2940.31,2945.38,2938.72,2945.31,2379
2026-07-08T10:30:00+00:00,2945.31,2948.62,2943.56,2948.61,2788
2026-07-08T10:45:00+00:00,2948.61,2949.07,2946.16,2946.53,1983
2026-07-08T11:00:00+00:00,2946.53,2947.86,2944.03,2947.07,2568
2026-07-08T11:15:00+00:00,2947.07,2949.53,2945.06,2948.08,1721
2026-07-08T11:30:00+00:00,2948.08,2963.88,2946.76,2958.62,4482
2026-07-08T11:45:00+00:00,2958.62,2960.31,2954.96,2957.61,4386
2026-07-08T12:00:00+00:00,2957.61,2965.81,2954.68,2963.41,2993
2026-07-08T12:15:00+00:00,2963.41,2965.41,2961.26,2965.13,1965
2026-07-08T12:30:00+00:00,2965.13,2966.93,2962.96,2965.18,1979
2026-07-08T12:45:00+00:00,2965.18,2967.83,2960.32,2960.68,3332
2026-07-08T13:00:00+00:00,2960.68,2967.03,2960.31,2965.08,3553
2026-07-08T13:15:00+00:00,2965.08,2965.38,2959.06,2961.02,3700
2026-07-08T13:30:00+00:00,2961.02,2972.07,2957.12,2965.12,21119
2026-07-08T13:45:00+00:00,2965.12,2971.83,2958.91,2968.26,17184
2026-07-08T14:00:00+00:00,2968.26,2970.58,2957.47,2959.17,17255
2026-07-08T14:15:00+00:00,2959.17,2963.18,2951.87,2954.98,17082
2026-07-08T14:30:00+00:00,2954.98,2957.22,2948.21,2950.76,15312
2026-07-08T14:45:00+00:00,2950.76,2951.01,2941.36,2943.67,13565
2026-07-08T15:00:00+00:00,2943.67,2945.77,2939.42,2940.51,10571
2026-07-08T15:15:00+00:00,2940.51,2942.23,2931.11,2933.32,12538
2026-07-08T15:30:00+00:00,2933.32,2936.02,2929.11,2931.41,11757
2026-07-08T15:45:00+00:00,2931.41,2932.48,2927.58,2930.43,8802
2026-07-08T16:00:00+00:00,2930.43,2942.06,2930.42,2940.68,9657
2026-07-08T16:15:00+00:00,2940.68,2945.97,2938.06,2944.81,8196
2026-07-08T16:30:00+00:00,2944.81,2950.03,2939.11,2947.91,11016
2026-07-08T16:45:00+00:00,2947.91,2951.43,2946.12,2950.67,7021
2026-07-08T17:00:00+00:00,2950.67,2950.78,2944.92,2946.67,6260
2026-07-08T17:15:00+00:00,2946.67,2955.53,2946.43,2954.96,5318
2026-07-08T17:30:00+00:00,2954.96,2957.62,2951.47,2952.22,5230
2026-07-08T17:45:00+00:00,2952.22,2954.07,2948.42,2950.81,4848
2026-07-08T18:00:00+00:00,2950.81,2956.62,2948.61,2955.23,5042
2026-07-08T18:15:00+00:00,2955.23,2955.96,2950.71,2953.47,3535
2026-07-08T18:30:00+00:00,2953.47,2954.38,2949.91,2953.06,3732
2026-07-08T18:45:00+00:00,2953.06,2955.78,2951.56,2954.32,3200
2026-07-08T19:00:00+00:00,2954.32,2956.27,2950.82,2951.06,3330
2026-07-08T19:15:00+00:00,2951.06,2953.92,2950.42,2952.68,3089
2026-07-08T19:30:00+00:00,2952.68,2953.52,2948.61,2950.73,3944
2026-07-08T19:45:00+00:00,2950.73,2959.63,2944.98,2954.73,8563
2026-07-08T20:00:00+00:00,2954.73,2955.73,2951.53,2952.66,2469
2026-07-08T20:15:00+00:00,2952.66,2953.33,2949.21,2950.13,1401
2026-07-08T20:30:00+00:00,2950.13,2950.96,2946.22,2949.71,1856
2026-07-08T20:45:00+00:00,2949.71,2951.13,2946.31,2947.66,1172
2026-07-08T22:00:00+00:00,2947.66,2952.2,2947.66,2950.66,1019
2026-07-08T22:15:00+00:00,2950.66,2951.4,2949.15,2950.7,430
2026-07-08T22:30:00+00:00,2950.7,2952.74,2948.91,2950.26,630
2026-07-08T22:45:00+00:00,2950.26,2950.85,2949.19,2950.41,266
2026-07-08T23:00:00+00:00,2950.41,2951.77,2950.09,2951.3,404.53716370269035
2026-07-08T23:15:00+00:00,2951.3,2951.31,2948.9,2950.96,421
2026-07-08T23:30:00+00:00,2950.96,2953.56,2950.15,2953.21,643
2026-07-08T23:45:00+00:00,2953.21,2954.6,2952.16,2953.51,1036
2026-07-09T00:00:00+00:00,2953.51,2957.9700000000003,2952.5,2957.8,2718
2026-07-09T00:15:00+00:00,2957.8,2959.7,2955.45,2959.2200000000003,2084
2026-07-09T00:30:00+00:00,2959.2200000000003,2961.36,2957.75,2959.61,2064
2026-07-09T00:45:00+00:00,2959.61,2962.17,2958.05,2960.9,1868
2026-07-09T01:00:00+00:00,2960.9,2963.45,2959.15,2961.3,2050
2026-07-09T01:15:00+00:00,2961.3,2963.2,2958.81,2960.27,1427
2026-07-09T01:30:00+00:00,2960.27,2962.76,2959.11,2962.55,1721
2026-07-09T01:45:00+00:00,2962.55,2964.05,2960.51,2961.7200000000003,1957
2026-07-09T02:00:00+00:00,2961.7200000000003,2964.82,2960.4,2964.15,2287
2026-07-09T02:15:00+00:00,2964.15,2967.5,2963.3,2964.12,1465
2026-07-09T02:30:00+00:00,2964.12,2965.92,2960.25,2960.25,1585
2026-07-09T02:45:00+00:00,2960.25,2960.7200000000003,2957.57,2958.75,1961
2026-07-09T03:00:00+00:00,2958.75,2959.7200000000003,2957.26,2958.27,1975
2026-07-09T03:15:00+00:00,2958.27,2961.7200000000003,2957.17,2961.71,1695
2026-07-09T03:30:00+00:00,2961.71,2963.42,2960.95,2963.1,2000
2026-07-09T03:45:00+00:00,2963.1,2963.42,2962.06,2962.61,1383
2026-07-09T04:00:00+00:00,2962.61,2963.76,2961.6,2961.8,1294
2026-07-09T04:15:00+00:00,2961.8,2963.2,2960.2,2960.92,1107
2026-07-09T04:30:00+00:00,2960.92,2964.32,2960.85,2963.76,1211
2026-07-09T04:45:00+00:00,2963.76,2964.71,2962.4,2963.87,1029
2026-07-09T05:00:00+00:00,2963.87,2968.26,2961.41,2965.81,2465
2026-07-09T05:15:00+00:00,2965.81,2966.27,2961.31,2962.37,1896
2026-07-09T05:30:00+00:00,2962.37,2965.7200000000003,2960.9700000000003,2965.7200000000003,1879
2026-07-09T05:45:00+00:00,2965.7200000000003,2968.95,2965.26,2968.62,1312
2026-07-09T06:00:00+00:00,2968.62,2969.07,2965.55,2966.92,1624
2026-07-09T06:15:00+00:00,2966.92,2968.2200000000003,2966.41,2966.9,1090
2026-07-09T06:30:00+00:00,2966.9,2967.57,2965.42,2967.27,1393
2026-07-09T06:45:00+00:00,2967.27,2967.32,2965.46,2966.05,690
2026-07-09T07:00:00+00:00,2966.05,2967.67,2964.3,2966.82,1807
2026-07-09T07:15:00+00:00,2966.82,2967.57,2965.12,2966.96,1312
2026-07-09T07:30:00+00:00,2966.96,2970.36,2966.76,2970.11,1190
2026-07-09T07:45:00+00:00,2970.11,2970.92,2965.92,2967.45,1259
2026-07-09T08:00:00+00:00,2967.45,2968.67,2966.25,2966.56,1999
2026-07-09T08:15:00+00:00,2966.56,2968.82,2965.65,2968.07,1502
2026-07-09T08:30:00+00:00,2968.07,2968.11,2963.05,2964.25,1482
2026-07-09T08:45:00+00:00,2964.25,2964.86,2962.05,2963.01,1541
2026-07-09T09:00:00+00:00,2963.01,2963.4700000000003,2961,2961.8,1362
2026-07-09T09:15:00+00:00,2961.8,2962.07,2960.6,2961,1255
2026-07-09T09:30:00+00:00,2961,2961.16,2955.9,2957.06,1849
2026-07-09T09:45:00+00:00,2957.06,2960.82,2957.02,2960.31,1219
2026-07-09T10:00:00+00:00,2960.31,2961.82,2959.4,2961.12,1071
2026-07-09T10:15:00+00:00,2961.12,2962.5,2959.87,2960.12,784
2026-07-09T10:30:00+00:00,2960.12,2960.16,2957.8,2959.7,1164
2026-07-09T10:45:00+00:00,2959.7,2960.12,2952.67,2956.81,2616
2026-07-09T11:00:00+00:00,2956.81,2959.56,2955.7200000000003,2959.07,1776
2026-07-09T11:15:00+00:00,2959.07,2959.11,2956.36,2958.7,1721
2026-07-09T11:30:00+00:00,2958.7,2960.81,2956.91,2960.4,1552
2026-07-09T11:45:00+00:00,2960.4,2963.77,2960,2962.66,1736
2026-07-09T12:00:00+00:00,2962.66,2966.45,2962.32,2966.2200000000003,1663
2026-07-09T12:15:00+00:00,2966.2200000000003,2968.46,2965.02,2968.35,1108
2026-07-09T12:30:00+00:00,2968.35,2970.41,2965.67,2965.91,1753
2026-07-09T12:45:00+00:00,2965.91,2966.65,2964.17,2966.61,1527
2026-07-09T13:00:00+00:00,2966.61,2969.91,2966.4700000000003,2968.75,1712
2026-07-09T13:15:00+00:00,2968.75,2974.21,2966.76,2972.55,2801
2026-07-09T13:30:00+00:00,2972.55,2979.8,2968.65,2977.65,18359
2026-07-09T13:45:00+00:00,2977.65,2987.2200000000003,2974.65,2985.17,12952
2026-07-09T14:00:00+00:00,2985.17,2989.31,2982.15,2986.9700000000003,12838
2026-07-09T14:15:00+00:00,2986.9700000000003,2994.27,2975.82,2990.9700000000003,17903
2026-07-09T14:30:00+00:00,2990.9700000000003,2993.61,2986.46,2991.05,12400
2026-07-09T14:45:00+00:00,2991.05,2995.9700000000003,2988.16,2995.1,11202
2026-07-09T15:00:00+00:00,2995.1,2997.01,2992.42,2993.05,8344
2026-07-09T15:15:00+00:00,2993.05,2994.56,2989.31,2991,6970
2026-07-09T15:30:00+00:00,2991,2993.61,2986.81,2993.27,6605
2026-07-09T15:45:00+00:00,2993.27,2994.27,2988.12,2989.4,5407
2026-07-09T16:00:00+00:00,2989.4,2993.87,2989.4,2993.46,4303
2026-07-09T16:15:00+00:00,2993.46,2993.96,2990.85,2992.2200000000003,3864
2026-07-09T16:30:00+00:00,2992.2200000000003,2993.5,2990.4,2992.42,4068
2026-07-09T16:45:00+00:00,2992.42,2993.12,2990.65,2992.5,3295
2026-07-09T17:00:00+00:00,2992.5,2995.31,2992.21,2994.67,3388
2026-07-09T17:15:00+00:00,2994.67,2998.32,2994.11,2998.25,2952
2026-07-09T17:30:00+00:00,2998.25,2999.16,2995.2,2997.7200000000003,3001
2026-07-09T17:45:00+00:00,2997.7200000000003,2999.32,2995.85,2996.75,2720
2026-07-09T18:00:00+00:00,2996.75,2999.27,2995.05,2998.45,3249
2026-07-09T18:15:00+00:00,2998.45,2998.82,2993.67,2995,3725
2026-07-09T18:30:00+00:00,2995,2996.45,2993.8,2995.96,3093
2026-07-09T18:45:00+00:00,2995.96,2998.06,2995.02,2997.56,2682
2026-07-09T19:00:00+00:00,2997.56,2998.07,2994.41,2996.16,3757
2026-07-09T19:15:00+00:00,2996.16,2998.07,2995.32,2996.06,3122
2026-07-09T19:30:00+00:00,2996.06,2996.46,2994.15,2995.57,3450
2026-07-09T19:45:00+00:00,2995.57,2996.41,2990.4700000000003,2993.7200000000003,5526
2026-07-09T20:00:00+00:00,2993.7200000000003,2995.71,2992.45,2994.7,1450
2026-07-09T20:15:00+00:00,2994.7,2995.4700000000003,2992.2200000000003,2992.7200000000003,605
2026-07-09T20:30:00+00:00,2992.7200000000003,2992.96,2991.31,2991.4,341
2026-07-09T20:45:00+00:00,2991.4,2991.62,2989.36,2989.62,642
2026-07-09T22:00:00+00:00,2989.62,2993.05,2989.62,2990.3,637
2026-07-09T22:15:00+00:00,2990.3,2990.7,2989.64,2989.95,337
2026-07-09T22:30:00+00:00,2989.95,2990.7,2989.88,2990.14,219
2026-07-09T22:45:00+00:00,2990.14,2990.63,2989.79,2990.34,164
2026-07-09T23:00:00+00:00,2990.34,2991.14,2989.64,2991.03,269
2026-07-09T23:15:00+00:00,2991.03,2991.44,2990.34,2991.18,254
2026-07-09T23:30:00+00:00,2991.18,2991.25,2990.48,2990.6,231
2026-07-09T23:45:00+00:00,2990.6,2990.75,2988.9,2989.54,606
2026-07-10T00:00:00+00:00,2989.54,2990.2,2986.08,2987.25,1998
2026-07-10T00:15:00+00:00,2987.25,2988.04,2984.13,2984.53,1194
2026-07-10T00:30:00+00:00,2984.53,2984.53,2981.73,2983.23,1176
2026-07-10T00:45:00+00:00,2983.23,2984.75,2982.3,2984.73,806
2026-07-10T01:00:00+00:00,2984.73,2985.2,2982.1,2983.38,1029
2026-07-10T01:15:00+00:00,2983.38,2985.3,2982.93,2985.2400000000002,714
2026-07-10T01:30:00+00:00,2985.2400000000002,2985.8,2984.2400000000002,2985.23,897
2026-07-10T01:45:00+00:00,2985.23,2987.48,2984.98,2985.7,772
2026-07-10T02:00:00+00:00,2985.7,2986.6,2984.19,2985.79,898
2026-07-10T02:15:00+00:00,2985.79,2985.94,2983.95,2984.44,847
2026-07-10T02:30:00+00:00,2984.44,2986.7,2984.03,2985.6,530
2026-07-10T02:45:00+00:00,2985.6,2987.2400000000002,2985.13,2986.89,521
2026-07-10T03:00:00+00:00,2986.89,2988.44,2986.53,2987.55,413
2026-07-10T03:15:00+00:00,2987.55,2987.6,2986.09,2986.2400000000002,306
2026-07-10T03:30:00+00:00,2986.2400000000002,2986.44,2985.54,2985.95,445
2026-07-10T03:45:00+00:00,2985.95,2987.29,2985.69,2987.05,468
2026-07-10T04:00:00+00:00,2987.05,2987.59,2986.79,2987.23,515
2026-07-10T04:15:00+00:00,2987.23,2987.35,2985.29,2985.8,383
2026-07-10T04:30:00+00:00,2985.8,2986.25,2984.85,2986.03,482
2026-07-10T04:45:00+00:00,2986.03,2986.2,2984.78,2985.19,440
2026-07-10T05:00:00+00:00,2985.19,2985.54,2984.28,2985.45,569
2026-07-10T05:15:00+00:00,2985.45,2986.05,2984.83,2985.44,684
2026-07-10T05:30:00+00:00,2985.44,2986.4,2984.9,2985.85,583
2026-07-10T05:45:00+00:00,2985.85,2987.1,2985.78,2986.08,739
2026-07-10T06:00:00+00:00,2986.08,2988.98,2986.08,2987.64,906
2026-07-10T06:15:00+00:00,2987.64,2988.6,2985.7400000000002,2986.79,1041
2026-07-10T06:30:00+00:00,2986.79,2989.54,2986.58,2987.34,903
2026-07-10T06:45:00+00:00,2987.34,2988.64,2987.19,2988.2,536
2026-07-10T07:00:00+00:00,2988.2,2990.28,2986.88,2990.2,968
2026-07-10T07:15:00+00:00,2990.2,2990.54,2988.58,2989.43,868
2026-07-10T07:30:00+00:00,2989.43,2990.35,2988.94,2989.05,872
2026-07-10T07:45:00+00:00,2989.05,2989.2,2986.03,2987.34,942
2026-07-10T08:00:00+00:00,2987.34,2991.15,2986.84,2990.63,1386
2026-07-10T08:15:00+00:00,2990.63,2990.63,2987.63,2987.9900000000002,853
2026-07-10T08:30:00+00:00,2987.9900000000002,2987.9900000000002,2984.69,2985.7400000000002,959
2026-07-10T08:45:00+00:00,2985.7400000000002,2985.85,2983.54,2985.15,757
2026-07-10T09:00:00+00:00,2985.15,2987.45,2982.79,2987.18,1355
2026-07-10T09:15:00+00:00,2987.18,2988.33,2986.64,2987.2,713
2026-07-10T09:30:00+00:00,2987.2,2988.29,2986.38,2987.04,476
2026-07-10T09:45:00+00:00,2987.04,2988.39,2986.84,2987.79,627
2026-07-10T10:00:00+00:00,2987.79,2990.69,2987.79,2989.59,537
2026-07-10T10:15:00+00:00,2989.59,2990.6,2988.5,2989.64,602
2026-07-10T10:30:00+00:00,2989.64,2991.94,2989.64,2991.83,513
2026-07-10T10:45:00+00:00,2991.83,2991.95,2989.64,2991.25,455
2026-07-10T11:00:00+00:00,2991.25,2992.34,2991.05,2991.89,672
2026-07-10T11:15:00+00:00,2991.89,2994.2400000000002,2991.38,2991.39,641
2026-07-10T11:30:00+00:00,2991.39,2992.29,2989.08,2992.29,989
2026-07-10T11:45:00+00:00,2992.29,2993.45,2990.2400000000002,2991.48,765
2026-07-10T12:00:00+00:00,2991.48,3004,2989.29,2998.25,2702
2026-07-10T12:15:00+00:00,2998.25,2998.89,2994.98,2996.04,1748
2026-07-10T12:30:00+00:00,2996.04,2998.1,2994.33,2996.7400000000002,1376
2026-07-10T12:45:00+00:00,2996.7400000000002,2998.25,2996.23,2997.14,1033
2026-07-10T13:00:00+00:00,2997.14,2999.39,2996.65,2998.34,1093
2026-07-10T13:15:00+00:00,2998.34,2998.45,2995.68,2997.23,1345
2026-07-10T13:30:00+00:00,2997.23,3002.38,2975.84,2980.63,16569
2026-07-10T13:45:00+00:00,2980.63,2990.05,2979.84,2982.44,10742
2026-07-10T14:00:00+00:00,2982.44,2984.2,2973.4,2974.1,9051
2026-07-10T14:15:00+00:00,2974.1,2978.68,2969.5,2976.94,9996
2026-07-10T14:30:00+00:00,2976.94,2980.9,2958.3,2976.33,18122
2026-07-10T14:45:00+00:00,2976.33,2978.25,2966.63,2967.83,8592
2026-07-10T15:00:00+00:00,2967.83,2970.48,2965.19,2970.23,9182
2026-07-10T15:15:00+00:00,2970.23,2976.2,2969.55,2975.23,6981
2026-07-10T15:30:00+00:00,2975.23,2975.6,2967.18,2970.15,6998
2026-07-10T15:45:00+00:00,2970.15,2972.75,2968.2400000000002,2972.2,5086
2026-07-10T16:00:00+00:00,2972.2,2974.84,2969.23,2972.63,4210
2026-07-10T16:15:00+00:00,2972.63,2974.54,2969.94,2971.75,3529
2026-07-10T16:30:00+00:00,2971.75,2974.79,2970.75,2974.7,2815
2026-07-10T16:45:00+00:00,2974.7,2977.9,2974.58,2977.59,2480
2026-07-10T17:00:00+00:00,2977.59,2978.59,2975.2400000000002,2977.58,2579
2026-07-10T17:15:00+00:00,2977.58,2979.79,2977.09,2979.15,2114
2026-07-10T17:30:00+00:00,2979.15,2982.75,2979.03,2982.7,2314
2026-07-10T17:45:00+00:00,2982.7,2984.04,2980.64,2981.33,1882.6088476333834
2026-07-10T18:00:00+00:00,2981.33,2984.6800000000003,2980.52,2981.94,2489
2026-07-10T18:15:00+00:00,2981.94,2982.23,2979.17,2979.57,2315
2026-07-10T18:30:00+00:00,2979.57,2981.9900000000002,2978.84,2979.6800000000003,1923
2026-07-10T18:45:00+00:00,2979.6800000000003,2979.6800000000003,2977.42,2978.63,1819
2026-07-10T19:00:00+00:00,2978.63,2982.44,2977.92,2982.03,2647
2026-07-10T19:15:00+00:00,2982.03,2982.17,2978.12,2979.62,2230
2026-07-10T19:30:00+00:00,2979.62,2981.82,2977.2200000000003,2980.4700000000003,2539
2026-07-10T19:45:00+00:00,2980.4700000000003,2981.63,2977.34,2979.38,3984
2026-07-10T20:00:00+00:00,2979.38,2980.4300000000003,2977.83,2979.94,1187
2026-07-10T20:15:00+00:00,2979.94,2982.14,2979.92,2981.83,596
2026-07-10T20:30:00+00:00,2981.83,2981.9300000000003,2980.39,2981.57,230
2026-07-12T22:00:00+00:00,2981.57,2981.57,2959.9500000000003,2960.2000000000003,1439
2026-07-12T22:15:00+00:00,2960.2000000000003,2963.92,2960.2000000000003,2963.8,680
2026-07-12T22:30:00+00:00,2963.8,2967.9500000000003,2963.8,2967.32,468
2026-07-12T22:45:00+00:00,2967.32,2968.42,2965.51,2968.21,386
2026-07-12T23:00:00+00:00,2968.21,2968.2200000000003,2966.76,2967.55,383
2026-07-12T23:15:00+00:00,2967.55,2967.67,2965.15,2966.27,462
2026-07-12T23:30:00+00:00,2966.27,2966.81,2965.25,2965.5,414
2026-07-12T23:45:00+00:00,2965.5,2966.87,2963.35,2965.9500000000003,1259
2026-07-13T00:00:00+00:00,2965.9500000000003,2973.81,2965.6,2972.26,2653
2026-07-13T00:15:00+00:00,2972.26,2973.1600000000003,2969.56,2969.96,1968
2026-07-13T00:30:00+00:00,2969.96,2970.3,2964.3,2966.35,1948
2026-07-13T00:45:00+00:00,2966.35,2967.9700000000003,2962.6600000000003,2964.27,2129
2026-07-13T01:00:00+00:00,2964.27,2964.46,2960.02,2961.36,2385
2026-07-13T01:15:00+00:00,2961.36,2964.1600000000003,2960.26,2961.9100000000003,1789
2026-07-13T01:30:00+00:00,2961.9100000000003,2964.12,2960.2000000000003,2960.82,2193
2026-07-13T01:45:00+00:00,2960.82,2961.12,2957.5,2960.1600000000003,1881
2026-07-13T02:00:00+00:00,2960.1600000000003,2961.1,2958.32,2960.07,1636
2026-07-13T02:15:00+00:00,2960.07,2964.8,2959.5,2964.26,1085
2026-07-13T02:30:00+00:00,2964.26,2966.32,2963.56,2966.05,1184
2026-07-13T02:45:00+00:00,2966.05,2966.86,2963.55,2963.86,780
2026-07-13T03:00:00+00:00,2963.86,2964.07,2959.96,2960.51,801
2026-07-13T03:15:00+00:00,2960.51,2960.81,2959.2000000000003,2959.9700000000003,647
2026-07-13T03:30:00+00:00,2959.9700000000003,2960.9700000000003,2958.4700000000003,2959.42,896
2026-07-13T03:45:00+00:00,2959.42,2960.2200000000003,2958.31,2958.9500000000003,727
2026-07-13T04:00:00+00:00,2958.9500000000003,2958.9500000000003,2956.1600000000003,2957.26,1009
2026-07-13T04:15:00+00:00,2957.26,2958.87,2956.1,2957.25,715
2026-07-13T04:30:00+00:00,2957.25,2957.86,2955.62,2956.35,479
2026-07-13T04:45:00+00:00,2956.35,2957.01,2955.56,2956.35,421
2026-07-13T05:00:00+00:00,2956.35,2960.06,2955.17,2959.9700000000003,1308
2026-07-13T05:15:00+00:00,2959.9700000000003,2960.02,2954.6,2954.85,1262
2026-07-13T05:30:00+00:00,2954.85,2959.02,2952.25,2957.31,1839
2026-07-13T05:45:00+00:00,2957.31,2959.87,2955.31,2959.77,1643
2026-07-13T06:00:00+00:00,2959.77,2961.52,2957.9100000000003,2958.4100000000003,1711
2026-07-13T06:15:00+00:00,2958.4100000000003,2963.07,2958.3,2963.07,1199
2026-07-13T06:30:00+00:00,2963.07,2964.82,2961.61,2964.67,970
2026-07-13T06:45:00+00:00,2964.67,2967.02,2964.25,2966.67,808
2026-07-13T07:00:00+00:00,2966.67,2973.26,2966.3,2972.81,1786
2026-07-13T07:15:00+00:00,2972.81,2973.12,2969.5,2970.57,1256
2026-07-13T07:30:00+00:00,2970.57,2973.52,2968.5,2971.86,1361
2026-07-13T07:45:00+00:00,2971.86,2973.4700000000003,2970.11,2972.9,984
2026-07-13T08:00:00+00:00,2972.9,2978.31,2972.55,2976.9100000000003,2122
2026-07-13T08:15:00+00:00,2976.9100000000003,2979.17,2975.56,2976.9500000000003,1169
2026-07-13T08:30:00+00:00,2976.9500000000003,2978.9700000000003,2976.75,2978.7200000000003,800
2026-07-13T08:45:00+00:00,2978.7200000000003,2980.27,2978.21,2979.27,776
2026-07-13T09:00:00+00:00,2979.27,2979.57,2977.9500000000003,2979.02,774
2026-07-13T09:15:00+00:00,2979.02,2981.12,2978.85,2979.6600000000003,728
2026-07-13T09:30:00+00:00,2979.6600000000003,2980.82,2978.6,2979.31,771
2026-07-13T09:45:00+00:00,2979.31,2979.4100000000003,2977.35,2977.85,715
2026-07-13T10:00:00+00:00,2977.85,2977.92,2975.35,2976.4700000000003,840
2026-07-13T10:15:00+00:00,2976.4700000000003,2977.4500000000003,2974.46,2975.26,685
2026-07-13T10:30:00+00:00,2975.26,2976.36,2974.07,2974.81,661
2026-07-13T10:45:00+00:00,2974.81,2976.2000000000003,2974.36,2976.01,865
2026-07-13T11:00:00+00:00,2976.01,2978.42,2974.11,2975.3,1457
2026-07-13T11:15:00+00:00,2975.3,2976.1,2972.81,2975.51,924
2026-07-13T11:30:00+00:00,2975.51,2976.52,2973.4100000000003,2973.81,964
2026-07-13T11:45:00+00:00,2973.81,2973.87,2968.65,2970.4700000000003,943
2026-07-13T12:00:00+00:00,2970.4700000000003,2974.2200000000003,2968.05,2969.9,2045
2026-07-13T12:15:00+00:00,2969.9,2971.8,2968.55,2969.06,1255
2026-07-13T12:30:00+00:00,2969.06,2969.06,2966.8,2968.02,1268
2026-07-13T12:45:00+00:00,2968.02,2972.67,2968.02,2972.4500000000003,1227
2026-07-13T13:00:00+00:00,2972.4500000000003,2973.12,2969.15,2971.57,1310
2026-07-13T13:15:00+00:00,2971.57,2972.4700000000003,2967.8,2971.2000000000003,1832
2026-07-13T13:30:00+00:00,2971.2000000000003,2978.62,2964.25,2970.42,17207
2026-07-13T13:45:00+00:00,2970.42,2978.15,2967.2000000000003,2974.06,15452
2026-07-13T14:00:00+00:00,2974.06,2976.6600000000003,2960.6,2965.07,13082
2026-07-13T14:15:00+00:00,2965.07,2971.32,2948.87,2969.85,18452
2026-07-13T14:30:00+00:00,2969.85,2971.07,2963.4,2965.25,9591
2026-07-13T14:45:00+00:00,2965.25,2968.1600000000003,2962.25,2967,8886
2026-07-13T15:00:00+00:00,2967,2969.11,2963.21,2964.81,6854
2026-07-13T15:15:00+00:00,2964.81,2966.17,2962.35,2965.67,5029
2026-07-13T15:30:00+00:00,2965.67,2968.07,2963.25,2963.57,5213
2026-07-13T15:45:00+00:00,2963.57,2963.96,2959.6,2960.7200000000003,5044
2026-07-13T16:00:00+00:00,2960.7200000000003,2963.9100000000003,2959.76,2962.52,4138
2026-07-13T16:15:00+00:00,2962.52,2962.56,2953.2000000000003,2955.07,5985
2026-07-13T16:30:00+00:00,2955.07,2958.87,2949.6,2957.27,9796
2026-07-13T16:45:00+00:00,2957.27,2958.9100000000003,2950.9100000000003,2956.21,7807
2026-07-13T17:00:00+00:00,2956.21,2960.9700000000003,2955.7000000000003,2957.8,5293
2026-07-13T17:15:00+00:00,2957.8,2959.75,2953.85,2954.4100000000003,5240
2026-07-13T17:30:00+00:00,2954.4100000000003,2956.21,2951.8,2955.27,4964
2026-07-13T17:45:00+00:00,2955.27,2956.57,2949.8,2950.71,5347
2026-07-13T18:00:00+00:00,2950.71,2957.4,2950.11,2951.9100000000003,6446
2026-07-13T18:15:00+00:00,2951.9100000000003,2952.25,2947.86,2950.15,5027
2026-07-13T18:30:00+00:00,2950.15,2954.7000000000003,2948.5,2953.9,4939
2026-07-13T18:45:00+00:00,2953.9,2955.52,2951.87,2953.3,4652
2026-07-13T19:00:00+00:00,2953.3,2955.67,2951.57,2953.36,4760
2026-07-13T19:15:00+00:00,2953.36,2954.87,2948.9500000000003,2949.51,5045
2026-07-13T19:30:00+00:00,2949.51,2952.57,2947.1600000000003,2952.52,5780
2026-07-13T19:45:00+00:00,2952.52,2956.27,2950.9,2955.46,6501
2026-07-13T20:00:00+00:00,2955.46,2955.87,2952.55,2953.06,1885
2026-07-13T20:15:00+00:00,2953.06,2953.52,2948.46,2951,1080
2026-07-13T20:30:00+00:00,2951,2951,2948.46,2950.02,442
2026-07-13T20:45:00+00:00,2950.02,2951.57,2949.7000000000003,2950.75,558
2026-07-13T22:00:00+00:00,2950.75,2955.9300000000003,2950.75,2952.32,1214
2026-07-13T22:15:00+00:00,2952.32,2952.58,2949.51,2950.6800000000003,502
2026-07-13T22:30:00+00:00,2950.6800000000003,2951.9300000000003,2949.96,2951.61,386
2026-07-13T22:45:00+00:00,2951.61,2953.03,2948.42,2948.9700000000003,646
2026-07-13T23:00:00+00:00,2948.9700000000003,2949.6600000000003,2947.4100000000003,2948.62,779
2026-07-13T23:15:00+00:00,2948.62,2950.57,2948.37,2948.71,391
2026-07-13T23:30:00+00:00,2948.71,2948.73,2946.4100000000003,2946.56,622
2026-07-13T23:45:00+00:00,2946.56,2951.82,2945.6600000000003,2951.58,1969
2026-07-14T00:00:00+00:00,2951.58,2953.6800000000003,2944.48,2951.42,5619
2026-07-14T00:15:00+00:00,2951.42,2951.88,2942.21,2945.78,5861
2026-07-14T00:30:00+00:00,2945.78,2949.46,2942.4100000000003,2943.88,4615
2026-07-14T00:45:00+00:00,2943.88,2952.73,2943.81,2951.9700000000003,3709
2026-07-14T01:00:00+00:00,2951.9700000000003,2953.62,2950.96,2951.7200000000003,3015
2026-07-14T01:15:00+00:00,2951.7200000000003,2954.77,2951.1800000000003,2953.56,2727
2026-07-14T01:30:00+00:00,2953.56,2954.12,2949.37,2951.13,2902
2026-07-14T01:45:00+00:00,2951.13,2953.03,2948.51,2949.48,2197
2026-07-14T02:00:00+00:00,2949.48,2952.57,2948.36,2948.9100000000003,2472
2026-07-14T02:15:00+00:00,2948.9100000000003,2949.83,2945.96,2948.27,2477
2026-07-14T02:30:00+00:00,2948.27,2950.07,2946.21,2949.26,2106
2026-07-14T02:45:00+00:00,2949.26,2949.6800000000003,2944.9700000000003,2945.76,1649
2026-07-14T03:00:00+00:00,2945.76,2946.01,2944.27,2944.51,1609
2026-07-14T03:15:00+00:00,2944.51,2946.17,2942.86,2946.01,1865
2026-07-14T03:30:00+00:00,2946.01,2947.73,2944.4100000000003,2944.88,2939
2026-07-14T03:45:00+00:00,2944.88,2948.42,2944.61,2947.87,2052
2026-07-14T04:00:00+00:00,2947.87,2949.4300000000003,2945.13,2946.28,1550
2026-07-14T04:15:00+00:00,2946.28,2950.11,2945.58,2949.53,1569
2026-07-14T04:30:00+00:00,2949.53,2953.76,2949.07,2953.03,1425
2026-07-14T04:45:00+00:00,2953.03,2955.58,2952.82,2954.9700000000003,1102
2026-07-14T05:00:00+00:00,2954.9700000000003,2957.02,2954.11,2956.61,1436
2026-07-14T05:15:00+00:00,2956.61,2959.62,2956.1600000000003,2959.62,1294
2026-07-14T05:30:00+00:00,2959.62,2962.03,2959.1800000000003,2960.03,1555
2026-07-14T05:45:00+00:00,2960.03,2960.98,2959.37,2959.37,1340
2026-07-14T06:00:00+00:00,2959.37,2960.77,2957.4700000000003,2958.92,1304
2026-07-14T06:15:00+00:00,2958.92,2960.48,2956.01,2956.78,1120
2026-07-14T06:30:00+00:00,2956.78,2958.17,2954.11,2954.26,1292
2026-07-14T06:45:00+00:00,2954.26,2954.26,2951.46,2951.51,940
2026-07-14T07:00:00+00:00,2951.51,2956.52,2950.23,2956.32,2778
2026-07-14T07:15:00+00:00,2956.32,2957.26,2952.51,2954.13,2258
2026-07-14T07:30:00+00:00,2954.13,2954.23,2948.26,2948.7200000000003,2561
2026-07-14T07:45:00+00:00,2948.7200000000003,2953.08,2946.83,2952.01,2426
2026-07-14T08:00:00+00:00,2952.01,2953.82,2948.1600000000003,2950.42,3214
2026-07-14T08:15:00+00:00,2950.42,2954.53,2950.33,2953.61,2104
2026-07-14T08:30:00+00:00,2953.61,2953.86,2949.86,2950.42,1902
2026-07-14T08:45:00+00:00,2950.42,2950.48,2947.03,2947.77,1562
2026-07-14T09:00:00+00:00,2947.77,2954.07,2946.26,2954.01,2149
2026-07-14T09:15:00+00:00,2954.01,2954.48,2948.9100000000003,2949.17,1753
2026-07-14T09:30:00+00:00,2949.17,2951.73,2949.13,2950.76,1626
2026-07-14T09:45:00+00:00,2950.76,2953.27,2950.56,2951.52,1301
2026-07-14T10:00:00+00:00,2951.52,2953.03,2950.81,2951.67,1025
2026-07-14T10:15:00+00:00,2951.67,2953.96,2951.31,2953.32,990
2026-07-14T10:30:00+00:00,2953.32,2958.63,2951.77,2954.6600000000003,2654
2026-07-14T10:45:00+00:00,2954.6600000000003,2957.01,2953.03,2954.42,1349
2026-07-14T11:00:00+00:00,2954.42,2956.03,2951.32,2955.82,3663
2026-07-14T11:15:00+00:00,2955.82,2961.23,2955.32,2957.36,3309
2026-07-14T11:30:00+00:00,2957.36,2961.03,2955.96,2956.28,2153
2026-07-14T11:45:00+00:00,2956.28,2959.23,2955.81,2957.27,1659
2026-07-14T12:00:00+00:00,2957.27,2957.78,2951.07,2953.56,1833
2026-07-14T12:15:00+00:00,2953.56,2962.76,2952.81,2962.07,2207
2026-07-14T12:30:00+00:00,2962.07,3013.77,2961.86,2988.77,8735
2026-07-14T12:45:00+00:00,2988.77,2989.88,2974.7200000000003,2976.63,6710
2026-07-14T13:00:00+00:00,2976.63,2979.9700000000003,2973.27,2975.03,5718
2026-07-14T13:15:00+00:00,2975.03,2977.51,2971.23,2976.46,4487
2026-07-14T13:30:00+00:00,2976.46,2981.42,2966.86,2979.12,19338
2026-07-14T13:45:00+00:00,2979.12,2981.02,2967.51,2969.83,14577
2026-07-14T14:00:00+00:00,2969.83,2970.37,2960.31,2964.31,14960
2026-07-14T14:15:00+00:00,2964.31,2969.51,2958.1600000000003,2965.32,14799
2026-07-14T14:30:00+00:00,2965.32,2980.33,2963.53,2964.37,13443
2026-07-14T14:45:00+00:00,2964.37,2969.28,2961.48,2966.7200000000003,8819
2026-07-14T15:00:00+00:00,2966.7200000000003,2974.67,2962.4700000000003,2970.26,11132
2026-07-14T15:15:00+00:00,2970.26,2971.1800000000003,2964.51,2969.77,6346
2026-07-14T15:30:00+00:00,2969.77,2970.92,2960.21,2965.9700000000003,7983
2026-07-14T15:45:00+00:00,2965.9700000000003,2969.57,2963.71,2967.26,7058
2026-07-14T16:00:00+00:00,2967.26,2967.83,2963.31,2967.21,6430
2026-07-14T16:15:00+00:00,2967.21,2968.7200000000003,2964.26,2967.71,4886
2026-07-14T16:30:00+00:00,2967.71,2969.83,2966.2200000000003,2967.6600000000003,4031
2026-07-14T16:45:00+00:00,2967.6600000000003,2968.38,2964.26,2965.7200000000003,3683
2026-07-14T17:00:00+00:00,2965.7200000000003,2966.73,2962.51,2964.03,3402
2026-07-14T17:15:00+00:00,2964.03,2966.87,2961.9300000000003,2965.31,3459
2026-07-14T17:30:00+00:00,2965.31,2966.53,2963.1600000000003,2964.11,2901
2026-07-14T17:45:00+00:00,2964.11,2965.96,2962.98,2965.01,3109
2026-07-14T18:00:00+00:00,2965.01,2968.06,2963.9700000000003,2967.88,2871
2026-07-14T18:15:00+00:00,2967.88,2969.02,2965.9100000000003,2966.98,2414
2026-07-14T18:30:00+00:00,2966.98,2967.48,2961.36,2963.1600000000003,3466
2026-07-14T18:45:00+00:00,2963.1600000000003,2965.6800000000003,2963.1600000000003,2964.83,2429
2026-07-14T19:00:00+00:00,2964.83,2965.37,2961.4100000000003,2963.96,3362
2026-07-14T19:15:00+00:00,2963.96,2965.62,2962.26,2963.78,2834
2026-07-14T19:30:00+00:00,2963.78,2965.57,2960.87,2965.48,4800
2026-07-14T19:45:00+00:00,2965.48,2967.28,2963.57,2965.87,5322
2026-07-14T20:00:00+00:00,2965.87,2968.1800000000003,2964.6800000000003,2965.1800000000003,1462
2026-07-14T20:15:00+00:00,2965.1800000000003,2966.08,2963.26,2963.76,488
2026-07-14T20:30:00+00:00,2963.76,2966.1800000000003,2963.38,2966.08,373
2026-07-14T20:45:00+00:00,2966.08,2967.4700000000003,2965.11,2967.27,374
2026-07-14T22:00:00+00:00,2967.27,2967.27,2960.98,2961.39,606
2026-07-14T22:15:00+00:00,2961.39,2966.64,2961.39,2965.7000000000003,475
2026-07-14T22:30:00+00:00,2965.7000000000003,2967.29,2965.59,2966.65,218
2026-07-14T22:45:00+00:00,2966.65,2966.8,2964.63,2965.53,219
2026-07-14T23:00:00+00:00,2965.53,2967.04,2964.7400000000002,2966.94,325
2026-07-14T23:15:00+00:00,2966.94,2969.4500000000003,2966.38,2969.1,459
2026-07-14T23:30:00+00:00,2969.1,2971.23,2969.09,2970.25,539
2026-07-14T23:45:00+00:00,2970.25,2971.6,2969.6800000000003,2970.9,777
2026-07-15T00:00:00+00:00,2970.9,2971.4900000000002,2967.04,2968.9300000000003,2031
2026-07-15T00:15:00+00:00,2968.9300000000003,2969.4500000000003,2967.89,2968.58,1629
2026-07-15T00:30:00+00:00,2968.58,2968.69,2964.04,2964.58,1542
2026-07-15T00:45:00+00:00,2964.58,2969.59,2964.09,2968.9300000000003,1441
2026-07-15T01:00:00+00:00,2968.9300000000003,2969.89,2965.8,2966.73,1819
2026-07-15T01:15:00+00:00,2966.73,2968.58,2966.13,2966.48,1578
2026-07-15T01:30:00+00:00,2966.48,2967.53,2964.5,2964.63,1594
2026-07-15T01:45:00+00:00,2964.63,2968.34,2964.63,2968.25,1107
2026-07-15T02:00:00+00:00,2968.25,2968.39,2967.23,2967.6,1026
2026-07-15T02:15:00+00:00,2967.6,2968.9900000000002,2967.4900000000002,2967.9500000000003,579
2026-07-15T02:30:00+00:00,2967.9500000000003,2969.59,2967.6800000000003,2969.2400000000002,526
2026-07-15T02:45:00+00:00,2969.2400000000002,2969.44,2967.55,2967.7000000000003,459
2026-07-15T03:00:00+00:00,2967.7000000000003,2968.29,2966.9300000000003,2967.28,558
2026-07-15T03:15:00+00:00,2967.28,2968.85,2967.1,2968.53,468
2026-07-15T03:30:00+00:00,2968.53,2969.5,2968.28,2968.44,519
2026-07-15T03:45:00+00:00,2968.44,2970.63,2968.3,2969.79,359
2026-07-15T04:00:00+00:00,2969.79,2970.4,2969.64,2969.9900000000002,442
2026-07-15T04:15:00+00:00,2969.9900000000002,2971.23,2969.75,2970.73,320
2026-07-15T04:30:00+00:00,2970.73,2971.19,2970.15,2970.33,490
2026-07-15T04:45:00+00:00,2970.33,2971.05,2969.98,2970.4300000000003,374
2026-07-15T05:00:00+00:00,2970.4300000000003,2973.6,2968.88,2969.8,2379
2026-07-15T05:15:00+00:00,2969.8,2970.85,2967.83,2968.53,1097
2026-07-15T05:30:00+00:00,2968.53,2971.03,2968.23,2969.88,1247
2026-07-15T05:45:00+00:00,2969.88,2971.65,2969.7000000000003,2971.55,858
2026-07-15T06:00:00+00:00,2971.55,2971.85,2969.89,2970.44,1123
2026-07-15T06:15:00+00:00,2970.44,2971.6,2969.53,2971.19,813
2026-07-15T06:30:00+00:00,2971.19,2971.8,2969.79,2970.6,881
2026-07-15T06:45:00+00:00,2970.6,2971.2400000000002,2969.2400000000002,2969.88,837
2026-07-15T07:00:00+00:00,2969.88,2970.05,2968.44,2969.7000000000003,1842
2026-07-15T07:15:00+00:00,2969.7000000000003,2970.15,2962.9300000000003,2965.4,1588
2026-07-15T07:30:00+00:00,2965.4,2968.03,2964.33,2968.03,1775
2026-07-15T07:45:00+00:00,2968.03,2969.15,2966.8,2967.33,1165
2026-07-15T08:00:00+00:00,2967.33,2967.7000000000003,2964.13,2965.19,1678
2026-07-15T08:15:00+00:00,2965.19,2966.55,2963.59,2966.53,1732
2026-07-15T08:30:00+00:00,2966.53,2969.4,2965.14,2969.2400000000002,1431
2026-07-15T08:45:00+00:00,2969.2400000000002,2971.38,2968.48,2971.33,1109
2026-07-15T09:00:00+00:00,2971.33,2974.9,2970.6800000000003,2973.88,1066
2026-07-15T09:15:00+00:00,2973.88,2974.13,2971.53,2971.63,851
2026-07-15T09:30:00+00:00,2971.63,2972.08,2970.48,2971.69,961
2026-07-15T09:45:00+00:00,2971.69,2971.8,2967.73,2968.1800000000003,945
2026-07-15T10:00:00+00:00,2968.1800000000003,2969.35,2967.63,2969.2000000000003,879
2026-07-15T10:15:00+00:00,2969.2000000000003,2969.7000000000003,2965.14,2965.69,1479
2026-07-15T10:30:00+00:00,2965.69,2967.03,2965.08,2965.75,1263
2026-07-15T10:45:00+00:00,2965.75,2966.69,2965.23,2965.65,779
2026-07-15T11:00:00+00:00,2965.65,2968.3,2965.14,2965.54,1434
2026-07-15T11:15:00+00:00,2965.54,2966.14,2964.84,2965.25,1164
2026-07-15T11:30:00+00:00,2965.25,2966.1,2964.08,2965.04,952
2026-07-15T11:45:00+00:00,2965.04,2966.15,2963.63,2965.19,1200
2026-07-15T12:00:00+00:00,2965.19,2965.4,2961.79,2963.75,1172
2026-07-15T12:15:00+00:00,2963.75,2965.3,2962.64,2963.73,1305
2026-07-15T12:30:00+00:00,2963.73,2978.1,2963.4300000000003,2975.7000000000003,3144
2026-07-15T12:45:00+00:00,2975.7000000000003,2976.3,2973.58,2975.33,1969
2026-07-15T13:00:00+00:00,2975.33,2978.15,2973.55,2973.7400000000002,1878
2026-07-15T13:15:00+00:00,2973.7400000000002,2976.33,2971.73,2973.7400000000002,2034
2026-07-15T13:30:00+00:00,2973.7400000000002,2982.19,2969.23,2971.28,15031
2026-07-15T13:45:00+00:00,2971.28,2981.38,2966.05,2978.34,13244
2026-07-15T14:00:00+00:00,2978.34,2985.4,2978.28,2982.53,10304
2026-07-15T14:15:00+00:00,2982.53,2985.4900000000002,2976.25,2983.6800000000003,12934
2026-07-15T14:30:00+00:00,2983.6800000000003,2988.39,2979.88,2984.89,13906
2026-07-15T14:45:00+00:00,2984.89,2987.53,2979.9300000000003,2987.1,10559
2026-07-15T15:00:00+00:00,2987.1,2992.54,2983.8,2984.04,7026
2026-07-15T15:15:00+00:00,2984.04,2986.13,2976.69,2981.59,8359
2026-07-15T15:30:00+00:00,2981.59,2983.1,2978.53,2981.6,5811
2026-07-15T15:45:00+00:00,2981.6,2981.89,2976.6800000000003,2978.5,5232
2026-07-15T16:00:00+00:00,2978.5,2979.69,2967.38,2967.6800000000003,6027
2026-07-15T16:15:00+00:00,2967.6800000000003,2969.85,2963.73,2967.48,5845
2026-07-15T16:30:00+00:00,2967.48,2968.94,2962.7000000000003,2968.9,6456
2026-07-15T16:45:00+00:00,2968.9,2977.35,2966.88,2972.39,7407
2026-07-15T17:00:00+00:00,2972.39,2975.29,2971.58,2972.59,4691
2026-07-15T17:15:00+00:00,2972.59,2979.35,2972.38,2979.28,3953
2026-07-15T17:30:00+00:00,2979.28,2982.4300000000003,2978.58,2981.89,4866
2026-07-15T17:45:00+00:00,2981.89,2984.78,2980.38,2984.5,4714
2026-07-15T18:00:00+00:00,2984.5,2985.4,2979.98,2979.9900000000002,3527.5673448047855
2026-07-15T18:15:00+00:00,2979.9900000000002,2981.09,2977.6200000000003,2978.78,3497
2026-07-15T18:30:00+00:00,2978.78,2981.84,2976.32,2976.82,3369
2026-07-15T18:45:00+00:00,2976.82,2977.29,2973.08,2973.84,5192
2026-07-15T19:00:00+00:00,2973.84,2977.63,2972.1800000000003,2977.1200000000003,4740
2026-07-15T19:15:00+00:00,2977.1200000000003,2978.17,2974.32,2977.13,4074
2026-07-15T19:30:00+00:00,2977.13,2980.1800000000003,2973.8700000000003,2979.1400000000003,6896
2026-07-15T19:45:00+00:00,2979.1400000000003,2979.77,2974.63,2979.29,5547
2026-07-15T20:00:00+00:00,2979.29,2980.67,2976.84,2979.03,1537
2026-07-15T20:15:00+00:00,2979.03,2980.02,2978.2200000000003,2979.29,423
2026-07-15T20:30:00+00:00,2979.29,2979.38,2978.02,2978.9900000000002,343
2026-07-15T20:45:00+00:00,2978.9900000000002,2981.8900000000003,2978.92,2980.2400000000002,620
2026-07-15T22:00:00+00:00,2980.2400000000002,2981.61,2980.06,2980.3,645
2026-07-15T22:15:00+00:00,2980.3,2980.4,2978.8500000000004,2979.46,337
2026-07-15T22:30:00+00:00,2979.46,2979.76,2978.8,2979.32,326
2026-07-15T22:45:00+00:00,2979.32,2981.3700000000003,2978.1000000000004,2979.7000000000003,539
2026-07-15T23:00:00+00:00,2979.7000000000003,2980.31,2979.3,2979.8,285
2026-07-15T23:15:00+00:00,2979.8,2981.3500000000004,2979.36,2981.1200000000003,242
2026-07-15T23:30:00+00:00,2981.1200000000003,2982.1200000000003,2980.6000000000004,2981.55,343
2026-07-15T23:45:00+00:00,2981.55,2981.9,2979.51,2979.81,815
2026-07-16T00:00:00+00:00,2979.81,2985.17,2979.7000000000003,2984.8700000000003,2810
2026-07-16T00:15:00+00:00,2984.8700000000003,2985.4100000000003,2982.31,2983.1600000000003,2266
2026-07-16T00:30:00+00:00,2983.1600000000003,2983.4,2979.9500000000003,2979.9500000000003,1683
2026-07-16T00:45:00+00:00,2979.9500000000003,2981.76,2979.26,2979.71,1753
2026-07-16T01:00:00+00:00,2979.71,2980.11,2977.05,2977.9700000000003,2036
2026-07-16T01:15:00+00:00,2977.9700000000003,2978.11,2975.21,2976.32,1573
2026-07-16T01:30:00+00:00,2976.32,2978.55,2976.15,2976.67,2130
2026-07-16T01:45:00+00:00,2976.67,2979.82,2976.5,2977.42,1751
2026-07-16T02:00:00+00:00,2977.42,2977.55,2975.21,2975.8,1643
2026-07-16T02:15:00+00:00,2975.8,2979.02,2975.3,2978.6000000000004,1464
2026-07-16T02:30:00+00:00,2978.6000000000004,2980.1200000000003,2978.36,2979.01,1230
2026-07-16T02:45:00+00:00,2979.01,2981.96,2979.01,2981.71,889
2026-07-16T03:00:00+00:00,2981.71,2983.17,2981.2200000000003,2981.8500000000004,839
2026-07-16T03:15:00+00:00,2981.8500000000004,2981.8700000000003,2980.96,2981.4500000000003,883
2026-07-16T03:30:00+00:00,2981.4500000000003,2983.61,2981.21,2982.27,1550
2026-07-16T03:45:00+00:00,2982.27,2983.46,2981.9,2983.42,880
2026-07-16T04:00:00+00:00,2983.42,2984.82,2982.71,2984.57,973
2026-07-16T04:15:00+00:00,2984.57,2984.86,2981.67,2982.05,881
2026-07-16T04:30:00+00:00,2982.05,2982.32,2980.81,2981.4,820
2026-07-16T04:45:00+00:00,2981.4,2983.02,2981.2000000000003,2982.06,875
2026-07-16T05:00:00+00:00,2982.06,2985.3,2982.06,2985.11,1360
2026-07-16T05:15:00+00:00,2985.11,2986.4100000000003,2984.7200000000003,2985.92,1082
2026-07-16T05:30:00+00:00,2985.92,2988.02,2981.96,2983.07,2379
2026-07-16T05:45:00+00:00,2983.07,2983.4500000000003,2981.1000000000004,2981.65,1463
2026-07-16T06:00:00+00:00,2981.65,2983.81,2980,2983.06,2804
2026-07-16T06:15:00+00:00,2983.06,2983.9700000000003,2981.06,2981.4100000000003,1782
2026-07-16T06:30:00+00:00,2981.4100000000003,2981.4500000000003,2978.4,2979.7000000000003,1440
2026-07-16T06:45:00+00:00,2979.7000000000003,2981.9700000000003,2979.05,2981.7200000000003,971
2026-07-16T07:00:00+00:00,2981.7200000000003,2982.1000000000004,2976.36,2976.57,2186
2026-07-16T07:15:00+00:00,2976.57,2976.9500000000003,2974.8500000000004,2975.52,1852
2026-07-16T07:30:00+00:00,2975.52,2976.07,2971.4,2971.46,1708
2026-07-16T07:45:00+00:00,2971.46,2971.52,2966.32,2967.4700000000003,1492
2026-07-16T08:00:00+00:00,2967.4700000000003,2969.26,2962.77,2962.8500000000004,2703
2026-07-16T08:15:00+00:00,2962.8500000000004,2968.7000000000003,2962.77,2967.17,2008
2026-07-16T08:30:00+00:00,2967.17,2969.2200000000003,2965.96,2968.1600000000003,1828
2026-07-16T08:45:00+00:00,2968.1600000000003,2970.92,2968.1600000000003,2970.75,1475
2026-07-16T09:00:00+00:00,2970.75,2972.5,2970.4100000000003,2971.5,1820
2026-07-16T09:15:00+00:00,2971.5,2972.2200000000003,2969.2000000000003,2969.51,1209
2026-07-16T09:30:00+00:00,2969.51,2970.46,2967.55,2967.6600000000003,1377
2026-07-16T09:45:00+00:00,2967.6600000000003,2968.82,2965.71,2967.3,1838
2026-07-16T10:00:00+00:00,2967.3,2968.8700000000003,2966.7200000000003,2967.6200000000003,1460
2026-07-16T10:15:00+00:00,2967.6200000000003,2967.67,2964.81,2966.75,1371
2026-07-16T10:30:00+00:00,2966.75,2967.17,2965.4,2966.6600000000003,1362
2026-07-16T10:45:00+00:00,2966.6600000000003,2967.4700000000003,2964.81,2966.96,1383
2026-07-16T11:00:00+00:00,2966.96,2967.02,2963.92,2966.01,1994
2026-07-16T11:15:00+00:00,2966.01,2969.57,2963.42,2967.61,2047
2026-07-16T11:30:00+00:00,2967.61,2969.52,2966.4,2967.9500000000003,1839
2026-07-16T11:45:00+00:00,2967.9500000000003,2969.81,2959.15,2968.27,3269
2026-07-16T12:00:00+00:00,2968.27,2968.82,2964.8500000000004,2965.75,2026
2026-07-16T12:15:00+00:00,2965.75,2967.9500000000003,2961.7200000000003,2963.11,2303
2026-07-16T12:30:00+00:00,2963.11,2964.4700000000003,2961.2000000000003,2962.07,3124
2026-07-16T12:45:00+00:00,2962.07,2964.8500000000004,2961.8500000000004,2963.4500000000003,1931
2026-07-16T13:00:00+00:00,2963.4500000000003,2966.1600000000003,2962.6600000000003,2965.75,2169
2026-07-16T13:15:00+00:00,2965.75,2969.32,2965.75,2967.02,1977
2026-07-16T13:30:00+00:00,2967.02,2983.61,2967.02,2980.51,14657
2026-07-16T13:45:00+00:00,2980.51,2988.76,2978.06,2986.01,14917
2026-07-16T14:00:00+00:00,2986.01,2999.11,2984.9500000000003,2997.02,12969
2026-07-16T14:15:00+00:00,2997.02,2997.21,2988.52,2994.36,11376
2026-07-16T14:30:00+00:00,2994.36,2994.42,2987.9,2993.61,9493
2026-07-16T14:45:00+00:00,2993.61,2995.67,2988.9500000000003,2992.8,10453
2026-07-16T15:00:00+00:00,2992.8,2992.9100000000003,2986.7200000000003,2989.92,8745
2026-07-16T15:15:00+00:00,2989.92,2994.55,2986.9,2990.76,8428
2026-07-16T15:30:00+00:00,2990.76,2993.26,2987.81,2987.9700000000003,7483
2026-07-16T15:45:00+00:00,2987.9700000000003,2988.4500000000003,2983.6600000000003,2985.55,7189
2026-07-16T16:00:00+00:00,2985.55,2987.1600000000003,2979,2979.51,7917
2026-07-16T16:15:00+00:00,2979.51,2981.56,2974.2200000000003,2979.4,8722
2026-07-16T16:30:00+00:00,2979.4,2983.7200000000003,2979.11,2979.17,8100
2026-07-16T16:45:00+00:00,2979.17,2982.8,2975.4,2981.92,6248
2026-07-16T17:00:00+00:00,2981.92,2983.07,2977.9100000000003,2978.4,5151
2026-07-16T17:15:00+00:00,2978.4,2980.3500000000004,2974.57,2977.75,5945
2026-07-16T17:30:00+00:00,2977.75,2978.76,2972.65,2973.9500000000003,6487
2026-07-16T17:45:00+00:00,2973.9500000000003,2975.6000000000004,2969.76,2970.7000000000003,5784
2026-07-16T18:00:00+00:00,2970.7000000000003,2974.8500000000004,2968.5,2971.55,7035
2026-07-16T18:15:00+00:00,2971.55,2978.96,2970.3700000000003,2976.67,6540
2026-07-16T18:30:00+00:00,2976.67,2976.67,2971.17,2973.15,6625
2026-07-16T18:45:00+00:00,2973.15,2974.77,2970.55,2970.86,5160
2026-07-16T19:00:00+00:00,2970.86,2973.92,2967.9,2969.36,6285
2026-07-16T19:15:00+00:00,2969.36,2971.3700000000003,2966.6000000000004,2968.31,6981
2026-07-16T19:30:00+00:00,2968.31,2969.76,2964.76,2965.71,7934
2026-07-16T19:45:00+00:00,2965.71,2978.2000000000003,2964.42,2977.77,9049
2026-07-16T20:00:00+00:00,2977.77,2977.77,2974.71,2975.42,2425
2026-07-16T20:15:00+00:00,2975.42,2976.57,2974.1200000000003,2975.36,1046
2026-07-16T20:30:00+00:00,2975.36,2976.2200000000003,2974.05,2975.8700000000003,844
2026-07-16T20:45:00+00:00,2975.8700000000003,2978.71,2975.26,2977.96,902
2026-07-16T22:00:00+00:00,2977.96,2979.61,2977.54,2977.7400000000002,618
2026-07-16T22:15:00+00:00,2977.7400000000002,2978.06,2976.8900000000003,2977.2000000000003,351
2026-07-16T22:30:00+00:00,2977.2000000000003,2977.79,2976.5,2976.9900000000002,269
2026-07-16T22:45:00+00:00,2976.9900000000002,2977.05,2975.5,2976.06,318
2026-07-16T23:00:00+00:00,2976.06,2976.5,2974.1600000000003,2975.26,386
2026-07-16T23:15:00+00:00,2975.26,2975.31,2973.4900000000002,2974.1600000000003,347
2026-07-16T23:30:00+00:00,2974.1600000000003,2975,2972.8,2974.61,461
2026-07-16T23:45:00+00:00,2974.61,2974.61,2972.8900000000003,2973.36,654
2026-07-17T00:00:00+00:00,2973.36,2974.34,2970,2970.59,1488
2026-07-17T00:15:00+00:00,2970.59,2973.31,2969.54,2970.04,1448
2026-07-17T00:30:00+00:00,2970.04,2970.21,2967.36,2968.19,941
2026-07-17T00:45:00+00:00,2968.19,2971.6400000000003,2968.06,2970.2400000000002,1148
2026-07-17T01:00:00+00:00,2970.2400000000002,2972.04,2968.19,2968.3,1227
2026-07-17T01:15:00+00:00,2968.3,2969.2400000000002,2965.79,2967.8,767
2026-07-17T01:30:00+00:00,2967.8,2967.94,2964.44,2965.01,1009
2026-07-17T01:45:00+00:00,2965.01,2965.01,2961.7400000000002,2963.25,1077
2026-07-17T02:00:00+00:00,2963.25,2964.26,2962.4,2963.3500000000004,804
2026-07-17T02:15:00+00:00,2963.3500000000004,2963.56,2962.25,2962.8,514
2026-07-17T02:30:00+00:00,2962.8,2963.4500000000003,2961.69,2962.9,583
2026-07-17T02:45:00+00:00,2962.9,2963.11,2960.1600000000003,2961.71,647
2026-07-17T03:00:00+00:00,2961.71,2965.5,2961.4500000000003,2965.05,590
2026-07-17T03:15:00+00:00,2965.05,2967.6600000000003,2965.05,2966.04,629
2026-07-17T03:30:00+00:00,2966.04,2966.04,2962.3500000000004,2963.15,798
2026-07-17T03:45:00+00:00,2963.15,2963.29,2960.3900000000003,2960.55,623
2026-07-17T04:00:00+00:00,2960.55,2960.65,2957.21,2957.79,1036
2026-07-17T04:15:00+00:00,2957.79,2958.21,2953.5,2954.86,797
2026-07-17T04:30:00+00:00,2954.86,2955.51,2952.25,2954.21,1100
2026-07-17T04:45:00+00:00,2954.21,2957.3900000000003,2954,2954.84,958
2026-07-17T05:00:00+00:00,2954.84,2955.1000000000004,2952.9900000000002,2953.26,927
2026-07-17T05:15:00+00:00,2953.26,2954.4100000000003,2952.59,2953.2000000000003,795
2026-07-17T05:30:00+00:00,2953.2000000000003,2954.34,2949.51,2952.34,1299
2026-07-17T05:45:00+00:00,2952.34,2953.96,2951.4500000000003,2953.8500000000004,927
2026-07-17T06:00:00+00:00,2953.8500000000004,2957.1600000000003,2953.75,2956.3500000000004,1481
2026-07-17T06:15:00+00:00,2956.3500000000004,2961.04,2955.8500000000004,2960.6000000000004,885
2026-07-17T06:30:00+00:00,2960.6000000000004,2962.25,2957.19,2957.84,879
2026-07-17T06:45:00+00:00,2957.84,2957.9500000000003,2955.01,2955.94,874
2026-07-17T07:00:00+00:00,2955.94,2958.3,2954.7400000000002,2957.94,1853
2026-07-17T07:15:00+00:00,2957.94,2960.05,2956.96,2959.9,1498
2026-07-17T07:30:00+00:00,2959.9,2960.31,2956.9100000000003,2958.86,1105
2026-07-17T07:45:00+00:00,2958.86,2958.86,2955.9500000000003,2956.69,1131
2026-07-17T08:00:00+00:00,2956.69,2961.59,2955.84,2956.7000000000003,1837
2026-07-17T08:15:00+00:00,2956.7000000000003,2956.8500000000004,2951.1000000000004,2953.7400000000002,2556
2026-07-17T08:30:00+00:00,2953.7400000000002,2954.7400000000002,2947.59,2950.19,1743
2026-07-17T08:45:00+00:00,2950.19,2954.75,2949.9500000000003,2952.44,1416
2026-07-17T09:00:00+00:00,2952.44,2956.21,2951.4900000000002,2955.84,1514
2026-07-17T09:15:00+00:00,2955.84,2957.56,2953.3900000000003,2957.4900000000002,1028
2026-07-17T09:30:00+00:00,2957.4900000000002,2957.79,2954.9,2955.61,922
2026-07-17T09:45:00+00:00,2955.61,2959.51,2954.4500000000003,2959.2400000000002,1015
2026-07-17T10:00:00+00:00,2959.2400000000002,2960.8,2956.5,2960.6000000000004,1388
2026-07-17T10:15:00+00:00,2960.6000000000004,2961.1600000000003,2958.09,2959.11,1023
2026-07-17T10:30:00+00:00,2959.11,2962.61,2959.11,2961.9,858
2026-07-17T10:45:00+00:00,2961.9,2962.65,2960.4900000000002,2961.04,758
2026-07-17T11:00:00+00:00,2961.04,2962.2000000000003,2958.9100000000003,2959.79,1026
2026-07-17T11:15:00+00:00,2959.79,2960.04,2957.59,2960.04,932
2026-07-17T11:30:00+00:00,2960.04,2961.09,2957.71,2958.51,937
2026-07-17T11:45:00+00:00,2958.51,2961.21,2957.5,2959.9,953
2026-07-17T12:00:00+00:00,2959.9,2960.6000000000004,2954.81,2955.34,1104
2026-07-17T12:15:00+00:00,2955.34,2955.86,2952.94,2953.59,943
2026-07-17T12:30:00+00:00,2953.59,2953.59,2951.09,2952.31,1085
2026-07-17T12:45:00+00:00,2952.31,2953.06,2949.94,2950.9500000000003,1237
2026-07-17T13:00:00+00:00,2950.9500000000003,2951.1400000000003,2943.19,2943.79,2617
2026-07-17T13:15:00+00:00,2943.79,2946.55,2939.3900000000003,2939.3900000000003,3978
2026-07-17T13:30:00+00:00,2939.3900000000003,2961.75,2935.9500000000003,2956.36,19349
2026-07-17T13:45:00+00:00,2956.36,2969.26,2954.51,2966.4100000000003,15870
2026-07-17T14:00:00+00:00,2966.4100000000003,2981.09,2964.04,2974.29,14247
2026-07-17T14:15:00+00:00,2974.29,2979.8900000000003,2973.19,2973.86,13084
2026-07-17T14:30:00+00:00,2973.86,2977.4,2969.65,2969.79,11722
2026-07-17T14:45:00+00:00,2969.79,2972.2000000000003,2964.11,2965.36,10072
2026-07-17T15:00:00+00:00,2965.36,2966.29,2957.09,2958.3500000000004,10930
2026-07-17T15:15:00+00:00,2958.3500000000004,2961.4100000000003,2953.9,2960.2400000000002,11702
2026-07-17T15:30:00+00:00,2960.2400000000002,2961.79,2953.4500000000003,2958.4500000000003,10383
2026-07-17T15:45:00+00:00,2958.4500000000003,2964.36,2954.3,2963.19,9130
2026-07-17T16:00:00+00:00,2963.19,2966.29,2957.7400000000002,2965.34,9002
2026-07-17T16:15:00+00:00,2965.34,2968.11,2959.06,2962.04,6419
2026-07-17T16:30:00+00:00,2962.04,2964.4500000000003,2959.15,2964.3900000000003,5139
2026-07-17T16:45:00+00:00,2964.3900000000003,2969.96,2963.9,2967.86,5499
2026-07-17T17:00:00+00:00,2967.86,2973,2967.15,2969.8500000000004,5235
2026-07-17T17:15:00+00:00,2969.8500000000004,2974.26,2969.15,2973.4100000000003,3895
2026-07-17T17:30:00+00:00,2973.4100000000003,2974.01,2968.21,2968.76,4988
2026-07-17T17:45:00+00:00,2968.76,2970.4,2961.55,2962.15,5675
2026-07-17T18:00:00+00:00,2962.15,2963.8500000000004,2958.81,2959,6275
2026-07-17T18:15:00+00:00,2959,2960.1000000000004,2954.9500000000003,2956.46,6916
2026-07-17T18:30:00+00:00,2956.46,2959.86,2953.2400000000002,2954.05,5776
2026-07-17T18:45:00+00:00,2954.05,2959.79,2953.3900000000003,2957.56,5671
2026-07-17T19:00:00+00:00,2957.56,2957.9900000000002,2950.21,2950.44,5098
2026-07-17T19:15:00+00:00,2950.44,2954.55,2948.6400000000003,2953.44,7484
2026-07-17T19:30:00+00:00,2953.44,2957.79,2952.29,2957.59,7574
2026-07-17T19:45:00+00:00,2957.59,2962.8900000000003,2957.3900000000003,2960.4100000000003,8125
2026-07-17T20:00:00+00:00,2960.4100000000003,2960.4100000000003,2955.44,2955.6600000000003,2271
2026-07-17T20:15:00+00:00,2955.6600000000003,2957.46,2954.4900000000002,2956.9900000000002,814
2026-07-17T20:30:00+00:00,2956.9900000000002,2960.3,2956.8,2959.3900000000003,722
2026-07-19T22:00:00+00:00,2959.3900000000003,2963.1900000000005,2953.8800000000006,2955.6000000000004,2218
2026-07-19T22:15:00+00:00,2955.6000000000004,2961.1000000000004,2955.5800000000004,2956.6800000000003,983
2026-07-19T22:30:00+00:00,2956.6800000000003,2964.6500000000005,2956.0000000000005,2964.0000000000005,905
2026-07-19T22:45:00+00:00,2964.0000000000005,2964.6500000000005,2961.4400000000005,2962.0300000000007,686
2026-07-19T23:00:00+00:00,2962.0300000000007,2962.4000000000005,2959.9400000000005,2960.8800000000006,689
2026-07-19T23:15:00+00:00,2960.8800000000006,2962.4500000000003,2958.7300000000005,2960.1400000000003,628
2026-07-19T23:30:00+00:00,2960.1400000000003,2964.0500000000006,2958.9300000000003,2963.9000000000005,836
2026-07-19T23:45:00+00:00,2963.9000000000005,2965.1300000000006,2959.9300000000003,2964.6900000000005,1673
2026-07-20T00:00:00+00:00,2964.6900000000005,2968.8000000000006,2960.2500000000005,2967.2000000000003,2610
2026-07-20T00:15:00+00:00,2967.2000000000003,2969.9500000000003,2966.7400000000002,2968.8900000000003,2095
2026-07-20T00:30:00+00:00,2968.8900000000003,2969.0000000000005,2965.2000000000003,2966.3500000000004,1992
2026-07-20T00:45:00+00:00,2966.3500000000004,2968.0500000000006,2965.4900000000002,2966.8500000000004,1804
2026-07-20T01:00:00+00:00,2966.8500000000004,2970.7900000000004,2966.2400000000002,2966.5400000000004,2468
2026-07-20T01:15:00+00:00,2966.5400000000004,2969.6500000000005,2965.2500000000005,2965.5500000000006,2147
2026-07-20T01:30:00+00:00,2965.5500000000006,2965.8800000000006,2960.7300000000005,2961.9800000000005,2274
2026-07-20T01:45:00+00:00,2961.9800000000005,2963.6000000000004,2959.4000000000005,2961.8000000000006,1845
2026-07-20T02:00:00+00:00,2961.8000000000006,2966.4400000000005,2961.2500000000005,2963.0400000000004,2013
2026-07-20T02:15:00+00:00,2963.0400000000004,2963.3500000000004,2959.7300000000005,2960.2500000000005,1518
2026-07-20T02:30:00+00:00,2960.2500000000005,2965.7000000000003,2960.1300000000006,2964.5800000000004,1795
2026-07-20T02:45:00+00:00,2964.5800000000004,2965.9900000000002,2964.3300000000004,2964.7000000000003,1376
2026-07-20T03:00:00+00:00,2964.7000000000003,2965.8400000000006,2962.3500000000004,2963.1000000000004,1235
2026-07-20T03:15:00+00:00,2963.1000000000004,2964.9000000000005,2962.5300000000007,2963.4900000000002,1346
2026-07-20T03:30:00+00:00,2963.4900000000002,2965.7400000000002,2963.0500000000006,2965.5000000000005,1406
2026-07-20T03:45:00+00:00,2965.5000000000005,2966.8300000000004,2963.7500000000005,2964.7300000000005,1055
2026-07-20T04:00:00+00:00,2964.7300000000005,2965.8000000000006,2962.7900000000004,2963.0000000000005,1199
2026-07-20T04:15:00+00:00,2963.0000000000005,2966.9900000000002,2962.0000000000005,2966.6500000000005,1104
2026-07-20T04:30:00+00:00,2966.6500000000005,2969.8000000000006,2966.1800000000003,2969.1800000000003,1260
2026-07-20T04:45:00+00:00,2969.1800000000003,2970.6400000000003,2967.6300000000006,2967.9800000000005,852
2026-07-20T05:00:00+00:00,2967.9800000000005,2968.3900000000003,2962.6400000000003,2965.1900000000005,1284
2026-07-20T05:15:00+00:00,2965.1900000000005,2965.5000000000005,2963.9300000000003,2964.4300000000003,1385
2026-07-20T05:30:00+00:00,2964.4300000000003,2965.0800000000004,2963.2900000000004,2963.2900000000004,1339
2026-07-20T05:45:00+00:00,2963.2900000000004,2964.1900000000005,2961.4300000000003,2962.1400000000003,1142
2026-07-20T06:00:00+00:00,2962.1400000000003,2964.3800000000006,2961.1400000000003,2961.4900000000002,1653
2026-07-20T06:15:00+00:00,2961.4900000000002,2962.9500000000003,2961.0900000000006,2961.7500000000005,1286
2026-07-20T06:30:00+00:00,2961.7500000000005,2963.4000000000005,2959.4300000000003,2961.8500000000004,1122
2026-07-20T06:45:00+00:00,2961.8500000000004,2962.4500000000003,2960.2400000000002,2961.5000000000005,996
2026-07-20T07:00:00+00:00,2961.5000000000005,2965.2400000000002,2961.5000000000005,2963.9800000000005,1884
2026-07-20T07:15:00+00:00,2963.9800000000005,2969.0300000000007,2962.2300000000005,2968.7400000000002,2221
2026-07-20T07:30:00+00:00,2968.7400000000002,2974.4500000000003,2968.7400000000002,2974.2300000000005,2411
2026-07-20T07:45:00+00:00,2974.2300000000005,2975.0300000000007,2970.1900000000005,2973.0000000000005,1462
2026-07-20T08:00:00+00:00,2973.0000000000005,2976.1000000000004,2972.5400000000004,2975.9800000000005,1688
2026-07-20T08:15:00+00:00,2975.9800000000005,2976.5900000000006,2974.4300000000003,2974.8900000000003,1215
2026-07-20T08:30:00+00:00,2974.8900000000003,2975.1900000000005,2972.8400000000006,2973.1000000000004,1133
2026-07-20T08:45:00+00:00,2973.1000000000004,2974.4400000000005,2972.8500000000004,2974.0400000000004,949
2026-07-20T09:00:00+00:00,2974.0400000000004,2975.4400000000005,2973.2800000000007,2974.5500000000006,929
2026-07-20T09:15:00+00:00,2974.5500000000006,2976.3900000000003,2973.1400000000003,2974.1800000000003,829
2026-07-20T09:30:00+00:00,2974.1800000000003,2975.0000000000005,2973.2800000000007,2974.5500000000006,966
2026-07-20T09:45:00+00:00,2974.5500000000006,2977.9400000000005,2974.3800000000006,2975.5500000000006,870
2026-07-20T10:00:00+00:00,2975.5500000000006,2975.8800000000006,2973.6300000000006,2973.7300000000005,777
2026-07-20T10:15:00+00:00,2973.7300000000005,2976.2500000000005,2972.4000000000005,2975.6900000000005,809
2026-07-20T10:30:00+00:00,2975.6900000000005,2976.6500000000005,2974.3000000000006,2975.9300000000003,888
2026-07-20T10:45:00+00:00,2975.9300000000003,2978.6000000000004,2975.4300000000003,2976.6400000000003,944
2026-07-20T11:00:00+00:00,2976.6400000000003,2981.1500000000005,2976.5300000000007,2979.5900000000006,1309
2026-07-20T11:15:00+00:00,2979.5900000000006,2980.0000000000005,2977.5000000000005,2978.4900000000002,730
2026-07-20T11:30:00+00:00,2978.4900000000002,2991.4500000000003,2978.2400000000002,2986.1000000000004,4676
2026-07-20T11:45:00+00:00,2986.1000000000004,2986.9500000000003,2980.8900000000003,2983.3300000000004,1883
2026-07-20T12:00:00+00:00,2983.3300000000004,2983.5400000000004,2974.1500000000005,2978.8400000000006,3317
2026-07-20T12:15:00+00:00,2978.8400000000006,2979.3400000000006,2975.6800000000003,2978.8900000000003,1272
2026-07-20T12:30:00+00:00,2978.8900000000003,2979.7400000000002,2973.4800000000005,2974.0800000000004,1242
2026-07-20T12:45:00+00:00,2974.0800000000004,2976.2000000000003,2972.1300000000006,2973.8000000000006,1402
2026-07-20T13:00:00+00:00,2973.8000000000006,2974.3500000000004,2970.9300000000003,2971.1000000000004,1719
2026-07-20T13:15:00+00:00,2971.1000000000004,2975.4000000000005,2971.0900000000006,2975.1500000000005,2252
2026-07-20T13:30:00+00:00,2975.1500000000005,2985.3000000000006,2974.6300000000006,2979.2900000000004,13554
2026-07-20T13:45:00+00:00,2979.2900000000004,2982.2000000000003,2972.5000000000005,2972.9900000000002,10333
2026-07-20T14:00:00+00:00,2972.9900000000002,2975.1400000000003,2963.5400000000004,2965.0900000000006,11686
2026-07-20T14:15:00+00:00,2965.0900000000006,2968.9400000000005,2960.0400000000004,2967.0800000000004,10537
2026-07-20T14:30:00+00:00,2967.0800000000004,2968.4800000000005,2958.5000000000005,2959.0300000000007,8636
2026-07-20T14:45:00+00:00,2959.0300000000007,2962.2800000000007,2950.8400000000006,2953.6400000000003,10169
2026-07-20T15:00:00+00:00,2953.6400000000003,2964.3800000000006,2951.0300000000007,2961.6900000000005,8574
2026-07-20T15:15:00+00:00,2961.6900000000005,2966.9000000000005,2960.5800000000004,2965.4400000000005,6918
2026-07-20T15:30:00+00:00,2965.4400000000005,2966.2000000000003,2960.7300000000005,2964.6300000000006,6258
2026-07-20T15:45:00+00:00,2964.6300000000006,2966.0800000000004,2961.6000000000004,2961.8400000000006,6380
2026-07-20T16:00:00+00:00,2961.8400000000006,2970.0000000000005,2961.4000000000005,2969.0500000000006,5868
2026-07-20T16:15:00+00:00,2969.0500000000006,2969.1500000000005,2965.6900000000005,2967.0800000000004,4670
2026-07-20T16:30:00+00:00,2967.0800000000004,2968.4500000000003,2957.1800000000003,2960.7900000000004,6131
2026-07-20T16:45:00+00:00,2960.7900000000004,2964.7800000000007,2960.2500000000005,2961.4500000000003,4898
2026-07-20T17:00:00+00:00,2961.4500000000003,2963.8500000000004,2959.9000000000005,2961.3500000000004,4758
2026-07-20T17:15:00+00:00,2961.3500000000004,2964.3400000000006,2958.6000000000004,2961.9500000000003,4884
2026-07-20T17:30:00+00:00,2961.9500000000003,2962.9800000000005,2958.0500000000006,2958.6000000000004,4715
2026-07-20T17:45:00+00:00,2958.6000000000004,2964.0500000000006,2958.3500000000004,2963.0800000000004,4267
2026-07-20T18:00:00+00:00,2963.0800000000004,2966.5500000000006,2963.0800000000004,2965.7800000000007,4174
2026-07-20T18:15:00+00:00,2965.7800000000007,2967.6500000000005,2961.6900000000005,2963.3800000000006,4421
2026-07-20T18:30:00+00:00,2963.3800000000006,2963.4000000000005,2956.8400000000006,2956.9400000000005,5934
2026-07-20T18:45:00+00:00,2956.9400000000005,2960.2000000000003,2956.0300000000007,2957.3400000000006,6111
2026-07-20T19:00:00+00:00,2957.3400000000006,2958.7500000000005,2951.7300000000005,2951.7300000000005,6225
2026-07-20T19:15:00+00:00,2951.7300000000005,2955.2300000000005,2949.5800000000004,2954.3300000000004,6486
2026-07-20T19:30:00+00:00,2954.3300000000004,2956.1400000000003,2951.5800000000004,2955.6000000000004,6763
2026-07-20T19:45:00+00:00,2955.6000000000004,2956.9000000000005,2947.1800000000003,2948.7800000000007,7535
2026-07-20T20:00:00+00:00,2948.7800000000007,2951.1400000000003,2945.7800000000007,2946.9000000000005,2200
2026-07-20T20:15:00+00:00,2946.9000000000005,2947.3400000000006,2945.6400000000003,2946.4800000000005,654
2026-07-20T20:30:00+00:00,2946.4800000000005,2948.4900000000002,2946.3900000000003,2947.9900000000002,377
2026-07-20T20:45:00+00:00,2947.9900000000002,2949.6400000000003,2947.7800000000007,2949.2000000000003,428
2026-07-20T22:00:00+00:00,2949.2000000000003,2950.1400000000003,2944.3100000000004,2946.4000000000005,521
2026-07-20T22:15:00+00:00,2946.4000000000005,2947.51,2945.8000000000006,2947.3500000000004,454
2026-07-20T22:30:00+00:00,2947.3500000000004,2947.9100000000003,2946.1400000000003,2947.8000000000006,462
2026-07-20T22:45:00+00:00,2947.8000000000006,2948.1400000000003,2946.4500000000003,2946.8400000000006,337
2026-07-20T23:00:00+00:00,2946.8400000000006,2950.3500000000004,2946.8400000000006,2950.3100000000004,448
2026-07-20T23:15:00+00:00,2950.3100000000004,2953.0000000000005,2950.2500000000005,2952.7400000000002,572
2026-07-20T23:30:00+00:00,2952.7400000000002,2953.4600000000005,2951.8900000000003,2951.9100000000003,329
2026-07-20T23:45:00+00:00,2951.9100000000003,2952.8600000000006,2948.4400000000005,2950.1500000000005,1669
2026-07-21T00:00:00+00:00,2950.1500000000005,2950.1500000000005,2946.0600000000004,2947.4600000000005,4151
2026-07-21T00:15:00+00:00,2947.4600000000005,2950.9400000000005,2945.4000000000005,2949.1600000000003,3644
2026-07-21T00:30:00+00:00,2949.1600000000003,2953.1000000000004,2949.1400000000003,2952.4600000000005,2422
2026-07-21T00:45:00+00:00,2952.4600000000005,2955.4600000000005,2952.2000000000003,2954.4400000000005,1767
2026-07-21T01:00:00+00:00,2954.4400000000005,2957.4600000000005,2951.9000000000005,2957.01,2204
2026-07-21T01:15:00+00:00,2957.01,2957.4600000000005,2954.51,2955.6400000000003,2337
2026-07-21T01:30:00+00:00,2955.6400000000003,2956.76,2953.2400000000002,2953.6000000000004,1970
2026-07-21T01:45:00+00:00,2953.6000000000004,2955.2500000000005,2952.6900000000005,2953.1600000000003,1978
2026-07-21T02:00:00+00:00,2953.1600000000003,2956.7500000000005,2952.9500000000003,2953.01,1936
2026-07-21T02:15:00+00:00,2953.01,2956.4600000000005,2951.3500000000004,2954.7400000000002,1574
2026-07-21T02:30:00+00:00,2954.7400000000002,2957.8400000000006,2954.7400000000002,2956.6100000000006,1438
2026-07-21T02:45:00+00:00,2956.6100000000006,2958.0900000000006,2955.9400000000005,2957.9000000000005,1097
2026-07-21T03:00:00+00:00,2957.9000000000005,2958.7500000000005,2957.7900000000004,2958.1400000000003,812
2026-07-21T03:15:00+00:00,2958.1400000000003,2960.9100000000003,2957.9500000000003,2960.6400000000003,793
2026-07-21T03:30:00+00:00,2960.6400000000003,2961.7100000000005,2960.2900000000004,2961.3600000000006,1033
2026-07-21T03:45:00+00:00,2961.3600000000006,2964.4600000000005,2961.2900000000004,2964.2400000000002,770
2026-07-21T04:00:00+00:00,2964.2400000000002,2966.6500000000005,2964.0900000000006,2964.7500000000005,1084
2026-07-21T04:15:00+00:00,2964.7500000000005,2965.1600000000003,2964.1400000000003,2964.6500000000005,1020
2026-07-21T04:30:00+00:00,2964.6500000000005,2966.3500000000004,2964.4900000000002,2965.8000000000006,791
2026-07-21T04:45:00+00:00,2965.8000000000006,2966.5600000000004,2964.7000000000003,2965.1500000000005,607
2026-07-21T05:00:00+00:00,2965.1500000000005,2965.2100000000005,2962.7400000000002,2963.2900000000004,780
2026-07-21T05:15:00+00:00,2963.2900000000004,2965.6500000000005,2962.3900000000003,2965.1600000000003,963
2026-07-21T05:30:00+00:00,2965.1600000000003,2968.0000000000005,2964.3400000000006,2967.9500000000003,885
2026-07-21T05:45:00+00:00,2967.9500000000003,2968.76,2966.4400000000005,2967.3600000000006,887
2026-07-21T06:00:00+00:00,2967.3600000000006,2968.3100000000004,2966.3000000000006,2967.6400000000003,1384
2026-07-21T06:15:00+00:00,2967.6400000000003,2968.5900000000006,2966.0000000000005,2967.1100000000006,1285
2026-07-21T06:30:00+00:00,2967.1100000000006,2970.1100000000006,2967.1100000000006,2969.7900000000004,1467
2026-07-21T06:45:00+00:00,2969.7900000000004,2970.0500000000006,2968.4100000000003,2969.0600000000004,856
2026-07-21T07:00:00+00:00,2969.0600000000004,2972.2400000000002,2967.51,2968.3000000000006,1876
2026-07-21T07:15:00+00:00,2968.3000000000006,2968.5600000000004,2965.7000000000003,2966.7900000000004,1607
2026-07-21T07:30:00+00:00,2966.7900000000004,2970.1500000000005,2964.9600000000005,2969.26,1454
2026-07-21T07:45:00+00:00,2969.26,2970.26,2967.6500000000005,2970.0400000000004,1379
2026-07-21T08:00:00+00:00,2970.0400000000004,2974.2400000000002,2969.0900000000006,2974.2400000000002,1786
2026-07-21T08:15:00+00:00,2974.2400000000002,2974.9900000000002,2972.0400000000004,2972.5600000000004,1479
2026-07-21T08:30:00+00:00,2972.5600000000004,2975.0900000000006,2971.5600000000004,2974.5400000000004,1294
2026-07-21T08:45:00+00:00,2974.5400000000004,2974.9400000000005,2971.9600000000005,2973.6100000000006,1132
2026-07-21T09:00:00+00:00,2973.6100000000006,2975.51,2973.0600000000004,2974.3600000000006,1116
2026-07-21T09:15:00+00:00,2974.3600000000006,2975.1900000000005,2971.1000000000004,2971.1900000000005,1013
2026-07-21T09:30:00+00:00,2971.1900000000005,2973.51,2969.5900000000006,2970.2100000000005,966
2026-07-21T09:45:00+00:00,2970.2100000000005,2972.1500000000005,2968.1400000000003,2968.4600000000005,863
2026-07-21T10:00:00+00:00,2968.4600000000005,2972.8900000000003,2967.2500000000005,2970.7500000000005,2556
2026-07-21T10:15:00+00:00,2970.7500000000005,2971.3400000000006,2969.6500000000005,2969.9900000000002,1259
2026-07-21T10:30:00+00:00,2969.9900000000002,2972.3500000000004,2967.8900000000003,2968.9600000000005,1177
2026-07-21T10:45:00+00:00,2968.9600000000005,2969.1500000000005,2966.3000000000006,2967.5500000000006,1350
2026-07-21T11:00:00+00:00,2967.5500000000006,2968.0000000000005,2964.0500000000006,2965.7000000000003,1427
2026-07-21T11:15:00+00:00,2965.7000000000003,2965.8100000000004,2962.1500000000005,2962.2500000000005,1436
2026-07-21T11:30:00+00:00,2962.2500000000005,2964.8100000000004,2961.5900000000006,2962.7100000000005,1344
2026-07-21T11:45:00+00:00,2962.7100000000005,2964.2400000000002,2960.4400000000005,2961.9000000000005,956
2026-07-21T12:00:00+00:00,2961.9000000000005,2963.8900000000003,2960.6400000000003,2962.7100000000005,1445
2026-07-21T12:15:00+00:00,2962.7100000000005,2962.7100000000005,2957.3000000000006,2957.7400000000002,1940
2026-07-21T12:30:00+00:00,2957.7400000000002,2958.5900000000006,2955.7500000000005,2958.1600000000003,1666
2026-07-21T12:45:00+00:00,2958.1600000000003,2960.5900000000006,2958.1400000000003,2959.3500000000004,1579
2026-07-21T13:00:00+00:00,2959.3500000000004,2960.01,2957.8900000000003,2959.5000000000005,1643
2026-07-21T13:15:00+00:00,2959.5000000000005,2962.1600000000003,2958.4000000000005,2959.4600000000005,2279
2026-07-21T13:30:00+00:00,2959.4600000000005,2970.9100000000003,2952.3500000000004,2954.1000000000004,16735
2026-07-21T13:45:00+00:00,2954.1000000000004,2965.5600000000004,2953.9900000000002,2960.6500000000005,13941
2026-07-21T14:00:00+00:00,2960.6500000000005,2972.3100000000004,2959.6400000000003,2971.6400000000003,10489
2026-07-21T14:15:00+00:00,2971.6400000000003,2974.1100000000006,2967.5900000000006,2973.76,9416
2026-07-21T14:30:00+00:00,2973.76,2977.4600000000005,2968.1400000000003,2972.0500000000006,8027
2026-07-21T14:45:00+00:00,2972.0500000000006,2974.8400000000006,2970.1900000000005,2971.5500000000006,7221
2026-07-21T15:00:00+00:00,2971.5500000000006,2976.1000000000004,2967.4100000000003,2975.8500000000004,6664
2026-07-21T15:15:00+00:00,2975.8500000000004,2980.9500000000003,2975.6900000000005,2980.26,5488
2026-07-21T15:30:00+00:00,2980.26,2980.7100000000005,2976.4500000000003,2978.1100000000006,4764
2026-07-21T15:45:00+00:00,2978.1100000000006,2980.5500000000006,2977.4400000000005,2979.3000000000006,3493
2026-07-21T16:00:00+00:00,2979.3000000000006,2983.4100000000003,2978.8900000000003,2982.4400000000005,3045
2026-07-21T16:15:00+00:00,2982.4400000000005,2984.76,2981.7500000000005,2984.1000000000004,2731
2026-07-21T16:30:00+00:00,2984.1000000000004,2985.5900000000006,2983.5000000000005,2984.7100000000005,2309
2026-07-21T16:45:00+00:00,2984.7100000000005,2988.3500000000004,2983.1900000000005,2986.7900000000004,2306
2026-07-21T17:00:00+00:00,2986.7900000000004,2988.9100000000003,2984.5900000000006,2984.7900000000004,2517
2026-07-21T17:15:00+00:00,2984.7900000000004,2985.3600000000006,2982.0000000000005,2983.6900000000005,2592
2026-07-21T17:30:00+00:00,2983.6900000000005,2985.9600000000005,2981.5400000000004,2985.9000000000005,2242
2026-07-21T17:45:00+00:00,2985.9000000000005,2987.2000000000003,2985.4900000000002,2986.5400000000004,2097
2026-07-21T18:00:00+00:00,2986.5400000000004,2988.5500000000006,2985.0400000000004,2986.2500000000005,2536
2026-07-21T18:15:00+00:00,2986.2500000000005,2988.1000000000004,2985.4400000000005,2986.8900000000003,2231
2026-07-21T18:30:00+00:00,2986.8900000000003,2987.2500000000005,2985.2900000000004,2986.6900000000005,2045
2026-07-21T18:45:00+00:00,2986.6900000000005,2987.1100000000006,2983.8900000000003,2984.8600000000006,2006
2026-07-21T19:00:00+00:00,2984.8600000000006,2985.6100000000006,2983.3000000000006,2985.3400000000006,2392
2026-07-21T19:15:00+00:00,2985.3400000000006,2986.6000000000004,2983.7000000000003,2986.1400000000003,2210
2026-07-21T19:30:00+00:00,2986.1400000000003,2989.7000000000003,2985.9000000000005,2988.4900000000002,3055
2026-07-21T19:45:00+00:00,2988.4900000000002,2992.9600000000005,2988.1100000000006,2990.4600000000005,5207
2026-07-21T20:00:00+00:00,2990.4600000000005,2991.0000000000005,2988.6100000000006,2989.5000000000005,1330
2026-07-21T20:15:00+00:00,2989.5000000000005,2989.5600000000004,2987.8500000000004,2988.1500000000005,460
2026-07-21T20:30:00+00:00,2988.1500000000005,2988.76,2988.1000000000004,2988.2400000000002,262
2026-07-21T20:45:00+00:00,2988.2400000000002,2990.1000000000004,2987.6400000000003,2989.7000000000003,392
2026-07-21T22:00:00+00:00,2989.7000000000003,2990.3000000000006,2988.4700000000003,2989.8100000000004,717
2026-07-21T22:15:00+00:00,2989.8100000000004,2990.51,2988.9000000000005,2989.6700000000005,316
2026-07-21T22:30:00+00:00,2989.6700000000005,2990.3200000000006,2989.3000000000006,2989.3500000000004,213
2026-07-21T22:45:00+00:00,2989.3500000000004,2989.3500000000004,2988.26,2989.2100000000005,258
2026-07-21T23:00:00+00:00,2989.2100000000005,2989.51,2988.6000000000004,2989.3700000000003,251
2026-07-21T23:15:00+00:00,2989.3700000000003,2990.5000000000005,2988.9600000000005,2990.3100000000004,223
2026-07-21T23:30:00+00:00,2990.3100000000004,2990.9200000000005,2989.2700000000004,2989.5700000000006,298
2026-07-21T23:45:00+00:00,2989.5700000000006,2991.0200000000004,2989.4000000000005,2990.5600000000004,959
2026-07-22T00:00:00+00:00,2990.5600000000004,2991.8700000000003,2988.7500000000005,2990.01,2075
2026-07-22T00:15:00+00:00,2990.01,2990.2100000000005,2987.5000000000005,2988.0200000000004,1639
2026-07-22T00:30:00+00:00,2988.0200000000004,2989.1500000000005,2986.8500000000004,2988.7200000000003,1440
2026-07-22T00:45:00+00:00,2988.7200000000003,2989.3700000000003,2987.1600000000003,2989.1700000000005,1301
2026-07-22T01:00:00+00:00,2989.1700000000005,2989.7700000000004,2985.9000000000005,2986.3000000000006,1506
2026-07-22T01:15:00+00:00,2986.3000000000006,2986.7200000000003,2984.5500000000006,2985.8500000000004,1021
2026-07-22T01:30:00+00:00,2985.8500000000004,2986.5700000000006,2984.6600000000003,2986.3200000000006,1206
2026-07-22T01:45:00+00:00,2986.3200000000006,2988.8500000000004,2986.1100000000006,2987.7500000000005,822
2026-07-22T02:00:00+00:00,2987.7500000000005,2988.3700000000003,2986.4100000000003,2988.3200000000006,1169
2026-07-22T02:15:00+00:00,2988.3200000000006,2989.4200000000005,2987.8500000000004,2988.9700000000003,1126
2026-07-22T02:30:00+00:00,2988.9700000000003,2989.3200000000006,2986.8100000000004,2988.5600000000004,1224
2026-07-22T02:45:00+00:00,2988.5600000000004,2989.26,2987.4200000000005,2987.9600000000005,910
2026-07-22T03:00:00+00:00,2987.9600000000005,2988.6700000000005,2986.6200000000003,2986.9000000000005,1045
2026-07-22T03:15:00+00:00,2986.9000000000005,2989.1000000000004,2986.6000000000004,2988.9500000000003,935
2026-07-22T03:30:00+00:00,2988.9500000000003,2989.1700000000005,2986.0500000000006,2986.3600000000006,1300
2026-07-22T03:45:00+00:00,2986.3600000000006,2987.2200000000003,2984.2200000000003,2984.76,1128
2026-07-22T04:00:00+00:00,2984.76,2986.1700000000005,2984.2700000000004,2985.5200000000004,877
2026-07-22T04:15:00+00:00,2985.5200000000004,2986.5000000000005,2985.5200000000004,2986.0000000000005,511
2026-07-22T04:30:00+00:00,2986.0000000000005,2986.2200000000003,2985.0500000000006,2986.0000000000005,732
2026-07-22T04:45:00+00:00,2986.0000000000005,2986.1200000000003,2984.8500000000004,2986.0000000000005,926
2026-07-22T05:00:00+00:00,2986.0000000000005,2986.1700000000005,2984.4500000000003,2985.1100000000006,1269
2026-07-22T05:15:00+00:00,2985.1100000000006,2985.5700000000006,2984.2500000000005,2984.6100000000006,1465
2026-07-22T05:30:00+00:00,2984.6100000000006,2985.2700000000004,2983.7100000000005,2984.2200000000003,1470
2026-07-22T05:45:00+00:00,2984.2200000000003,2985.0700000000006,2983.26,2984.2100000000005,1240
2026-07-22T06:00:00+00:00,2984.2100000000005,2984.6600000000003,2982.4500000000003,2983.3700000000003,1318
2026-07-22T06:15:00+00:00,2983.3700000000003,2983.3700000000003,2977.6100000000006,2978.1600000000003,1245
2026-07-22T06:30:00+00:00,2978.1600000000003,2979.9700000000003,2977.1500000000005,2977.8100000000004,982
2026-07-22T06:45:00+00:00,2977.8100000000004,2977.8100000000004,2975.2200000000003,2975.6200000000003,1026
2026-07-22T07:00:00+00:00,2975.6200000000003,2977.76,2973.8000000000006,2977.7500000000005,2013
2026-07-22T07:15:00+00:00,2977.7500000000005,2980.0700000000006,2977.4100000000003,2979.4600000000005,1525
2026-07-22T07:30:00+00:00,2979.4600000000005,2980.1700000000005,2973.1100000000006,2975.5200000000004,2417
2026-07-22T07:45:00+00:00,2975.5200000000004,2976.76,2973.9100000000003,2976.01,1947
2026-07-22T08:00:00+00:00,2976.01,2980.6200000000003,2975.6000000000004,2978.3500000000004,2510
2026-07-22T08:15:00+00:00,2978.3500000000004,2982.9500000000003,2978.2500000000005,2982.9000000000005,2010
2026-07-22T08:30:00+00:00,2982.9000000000005,2984.6000000000004,2981.1000000000004,2982.0500000000006,1778
2026-07-22T08:45:00+00:00,2982.0500000000006,2984.8700000000003,2982.0500000000006,2984.5700000000006,1374
2026-07-22T09:00:00+00:00,2984.5700000000006,2987.0200000000004,2983.26,2983.5200000000004,1463
2026-07-22T09:15:00+00:00,2983.5200000000004,2984.6700000000005,2981.7500000000005,2981.8600000000006,1049
2026-07-22T09:30:00+00:00,2981.8600000000006,2983.4200000000005,2979.5700000000006,2981.5700000000006,1797
2026-07-22T09:45:00+00:00,2981.5700000000006,2983.0200000000004,2978.3500000000004,2981.8200000000006,1526
2026-07-22T10:00:00+00:00,2981.8200000000006,2983.3500000000004,2981.3500000000004,2981.6200000000003,1238
2026-07-22T10:15:00+00:00,2981.6200000000003,2984.9000000000005,2981.5700000000006,2983.7500000000005,1988
2026-07-22T10:30:00+00:00,2983.7500000000005,2984.4500000000003,2982.0500000000006,2982.1700000000005,1529
2026-07-22T10:45:00+00:00,2982.1700000000005,2983.9000000000005,2981.6500000000005,2982.3600000000006,1057
2026-07-22T11:00:00+00:00,2982.3600000000006,2985.26,2981.3600000000006,2982.8100000000004,1625
2026-07-22T11:15:00+00:00,2982.8100000000004,2982.8100000000004,2979.4500000000003,2980.1500000000005,1219
2026-07-22T11:30:00+00:00,2980.1500000000005,2982.1700000000005,2973.0700000000006,2975.2200000000003,2267
2026-07-22T11:45:00+00:00,2975.2200000000003,2978.6100000000006,2974.7700000000004,2976.1200000000003,2099
2026-07-22T12:00:00+00:00,2976.1200000000003,2978.3700000000003,2974.3600000000006,2977.9500000000003,1705
2026-07-22T12:15:00+00:00,2977.9500000000003,2979.0700000000006,2975.4000000000005,2977.4600000000005,1613
2026-07-22T12:30:00+00:00,2977.4600000000005,2980.9200000000005,2977.4600000000005,2980.3700000000003,1711
2026-07-22T12:45:00+00:00,2980.3700000000003,2980.5600000000004,2970.5200000000004,2976.1700000000005,2468
2026-07-22T13:00:00+00:00,2976.1700000000005,2979.0200000000004,2976.0600000000004,2977.8200000000006,1941
2026-07-22T13:15:00+00:00,2977.8200000000006,2982.76,2977.5600000000004,2982.2100000000005,2355
2026-07-22T13:30:00+00:00,2982.2100000000005,2989.6100000000006,2976.9000000000005,2983.6700000000005,16119
2026-07-22T13:45:00+00:00,2983.6700000000005,2987.6500000000005,2977.4200000000005,2985.4500000000003,11961
2026-07-22T14:00:00+00:00,2985.4500000000003,2986.6500000000005,2981.5600000000004,2981.9200000000005,10426
2026-07-22T14:15:00+00:00,2981.9200000000005,2982.5000000000005,2974.3600000000006,2975.0700000000006,10714
2026-07-22T14:30:00+00:00,2975.0700000000006,2978.7700000000004,2968.7500000000005,2968.8000000000006,10054
2026-07-22T14:45:00+00:00,2968.8000000000006,2971.1700000000005,2964.2500000000005,2965.76,8130
2026-07-22T15:00:00+00:00,2965.76,2972.3200000000006,2965.76,2970.0700000000006,6612
2026-07-22T15:15:00+00:00,2970.0700000000006,2976.6700000000005,2968.3000000000006,2974.6000000000004,5548
2026-07-22T15:30:00+00:00,2974.6000000000004,2975.4700000000003,2970.9600000000005,2971.8200000000006,5396
2026-07-22T15:45:00+00:00,2971.8200000000006,2973.4000000000005,2969.5500000000006,2972.6000000000004,3915
2026-07-22T16:00:00+00:00,2972.6000000000004,2974.7700000000004,2970.7700000000004,2972.8500000000004,3763
2026-07-22T16:15:00+00:00,2972.8500000000004,2973.6500000000005,2970.6500000000005,2972.9200000000005,3488
2026-07-22T16:30:00+00:00,2972.9200000000005,2974.0700000000006,2971.2000000000003,2971.2200000000003,3342
2026-07-22T16:45:00+00:00,2971.2200000000003,2972.2700000000004,2968.7700000000004,2970.7200000000003,3480
2026-07-22T17:00:00+00:00,2970.7200000000003,2971.4600000000005,2967.6500000000005,2967.8200000000006,2942
2026-07-22T17:15:00+00:00,2967.8200000000006,2969.6700000000005,2967.1000000000004,2968.51,3208
2026-07-22T17:30:00+00:00,2968.51,2970.7000000000003,2967.9500000000003,2969.6200000000003,2870
2026-07-22T17:45:00+00:00,2969.6200000000003,2971.5200000000004,2968.1200000000003,2968.6000000000004,3022
2026-07-22T18:00:00+00:00,2968.6000000000004,2969.6200000000003,2963.9500000000003,2964.1000000000004,3912
2026-07-22T18:15:00+00:00,2964.1000000000004,2968.0700000000006,2963.9100000000003,2967.3000000000006,3121
2026-07-22T18:30:00+00:00,2967.3000000000006,2967.4200000000005,2964.5500000000006,2965.5600000000004,2981
2026-07-22T18:45:00+00:00,2965.5600000000004,2966.4500000000003,2963.7000000000003,2965.0500000000006,2363
2026-07-22T19:00:00+00:00,2965.0500000000006,2965.1000000000004,2960.2000000000003,2960.3200000000006,2877
2026-07-22T19:15:00+00:00,2960.3200000000006,2963.2500000000005,2960.0200000000004,2962.26,2879
2026-07-22T19:30:00+00:00,2962.26,2962.5200000000004,2958.6100000000006,2960.3500000000004,3857
2026-07-22T19:45:00+00:00,2960.3500000000004,2964.5000000000005,2959.1000000000004,2961.9100000000003,5544
2026-07-22T20:00:00+00:00,2961.9100000000003,2964.5700000000006,2961.7100000000005,2964.0500000000006,4066
2026-07-22T20:15:00+00:00,2964.0500000000006,2966.2100000000005,2964.0000000000005,2965.7200000000003,1431
2026-07-22T20:30:00+00:00,2965.7200000000003,2966.76,2964.76,2965.4100000000003,871
2026-07-22T20:45:00+00:00,2965.4100000000003,2966.8000000000006,2964.8000000000006,2966.7100000000005,1053
2026-07-22T22:00:00+00:00,2966.7100000000005,2968.2100000000005,2962.8200000000006,2962.9500000000003,1122
2026-07-22T22:15:00+00:00,2962.9500000000003,2963.4200000000005,2959.5500000000006,2959.6700000000005,780
2026-07-22T22:30:00+00:00,2959.6700000000005,2961.5600000000004,2955.9200000000005,2956.7500000000005,801
2026-07-22T22:45:00+00:00,2956.7500000000005,2959.1000000000004,2956.2100000000005,2958.5700000000006,528
2026-07-22T23:00:00+00:00,2958.5700000000006,2958.7200000000003,2956.5000000000005,2958.4500000000003,627
2026-07-22T23:15:00+00:00,2958.4500000000003,2958.4500000000003,2956.4200000000005,2957.1100000000006,297
2026-07-22T23:30:00+00:00,2957.1100000000006,2959.0600000000004,2957.1100000000006,2958.6700000000005,275
2026-07-22T23:45:00+00:00,2958.6700000000005,2962.1000000000004,2958.3000000000006,2962.01,826
2026-07-23T00:00:00+00:00,2962.01,2964.3500000000004,2961.2000000000003,2963.6600000000003,1570
2026-07-23T00:15:00+00:00,2963.6600000000003,2968.76,2962.4100000000003,2966.6100000000006,1317
2026-07-23T00:30:00+00:00,2966.6100000000006,2969.2200000000003,2966.26,2968.7700000000004,1051
2026-07-23T00:45:00+00:00,2968.7700000000004,2970.6700000000005,2968.51,2969.5200000000004,879
2026-07-23T01:00:00+00:00,2969.5200000000004,2972.4600000000005,2968.9200000000005,2972.0200000000004,1172
2026-07-23T01:15:00+00:00,2972.0200000000004,2972.1700000000005,2969.4000000000005,2969.6600000000003,964
2026-07-23T01:30:00+00:00,2969.6600000000003,2970.1000000000004,2966.3100000000004,2966.6500000000005,1543
2026-07-23T01:45:00+00:00,2966.6500000000005,2968.3200000000006,2965.3000000000006,2965.3500000000004,1363
2026-07-23T02:00:00+00:00,2965.3500000000004,2967.1600000000003,2964.8600000000006,2964.9000000000005,1161
2026-07-23T02:15:00+00:00,2964.9000000000005,2965.5200000000004,2962.8000000000006,2963.6000000000004,943
2026-07-23T02:30:00+00:00,2963.6000000000004,2965.4200000000005,2962.9500000000003,2963.9600000000005,956
2026-07-23T02:45:00+00:00,2963.9600000000005,2965.4700000000003,2963.4500000000003,2965.01,854
2026-07-23T03:00:00+00:00,2965.01,2965.26,2959.7500000000005,2959.9000000000005,845
2026-07-23T03:15:00+00:00,2959.9000000000005,2961.1200000000003,2959.01,2960.76,815
2026-07-23T03:30:00+00:00,2960.76,2963.6600000000003,2959.9200000000005,2963.6100000000006,1261
2026-07-23T03:45:00+00:00,2963.6100000000006,2964.1200000000003,2962.6500000000005,2962.6700000000005,734
2026-07-23T04:00:00+00:00,2962.6700000000005,2963.6200000000003,2960.3100000000004,2963.6200000000003,785
2026-07-23T04:15:00+00:00,2963.6200000000003,2965.3600000000006,2962.6200000000003,2964.8100000000004,800
2026-07-23T04:30:00+00:00,2964.8100000000004,2965.2700000000004,2963.0000000000005,2963.0500000000006,921
2026-07-23T04:45:00+00:00,2963.0500000000006,2964.4000000000005,2961.2200000000003,2961.76,768
2026-07-23T05:00:00+00:00,2961.76,2962.3200000000006,2960.26,2962.1500000000005,1041
2026-07-23T05:15:00+00:00,2962.1500000000005,2965.6700000000005,2961.3000000000006,2965.6700000000005,931
2026-07-23T05:30:00+00:00,2965.6700000000005,2967.0500000000006,2962.5600000000004,2963.3100000000004,1201
2026-07-23T05:45:00+00:00,2963.3100000000004,2963.3700000000003,2959.6500000000005,2959.9100000000003,1033
2026-07-23T06:00:00+00:00,2959.9100000000003,2961.8500000000004,2959.8000000000006,2960.9200000000005,1365
2026-07-23T06:15:00+00:00,2960.9200000000005,2962.7700000000004,2960.2100000000005,2962.4700000000003,1055
2026-07-23T06:30:00+00:00,2962.4700000000003,2963.0200000000004,2960.1000000000004,2960.1000000000004,970
2026-07-23T06:45:00+00:00,2960.1000000000004,2962.4700000000003,2959.5500000000006,2959.6700000000005,793
2026-07-23T07:00:00+00:00,2959.6700000000005,2959.9600000000005,2950.3200000000006,2954.2100000000005,2823
2026-07-23T07:15:00+00:00,2954.2100000000005,2959.6000000000004,2954.2100000000005,2957.2500000000005,2265
2026-07-23T07:30:00+00:00,2957.2500000000005,2957.5700000000006,2952.26,2953.1500000000005,2106
2026-07-23T07:45:00+00:00,2953.1500000000005,2955.3700000000003,2950.4600000000005,2955.3200000000006,2715
2026-07-23T08:00:00+00:00,2955.3200000000006,2959.6200000000003,2950.8100000000004,2957.7500000000005,2216
2026-07-23T08:15:00+00:00,2957.7500000000005,2961.2000000000003,2957.1100000000006,2960.4000000000005,1701
2026-07-23T08:30:00+00:00,2960.4000000000005,2960.4000000000005,2957.0600000000004,2958.1200000000003,1702
2026-07-23T08:45:00+00:00,2958.1200000000003,2962.4700000000003,2957.8600000000006,2962.3500000000004,1319
2026-07-23T09:00:00+00:00,2962.3500000000004,2965.8500000000004,2960.9600000000005,2961.0600000000004,2055
2026-07-23T09:15:00+00:00,2961.0600000000004,2962.8200000000006,2958.4100000000003,2958.9700000000003,1073
2026-07-23T09:30:00+00:00,2958.9700000000003,2961.3700000000003,2957.5600000000004,2961.01,1287
2026-07-23T09:45:00+00:00,2961.01,2961.6200000000003,2959.1600000000003,2960.0700000000006,1052
2026-07-23T10:00:00+00:00,2960.0700000000006,2961.01,2957.3500000000004,2957.7700000000004,1348
2026-07-23T10:15:00+00:00,2957.7700000000004,2960.5700000000006,2957.6200000000003,2960.0200000000004,1245
2026-07-23T10:30:00+00:00,2960.0200000000004,2964.0600000000004,2959.5000000000005,2963.5700000000006,1315
2026-07-23T10:45:00+00:00,2963.5700000000006,2965.8000000000006,2963.4500000000003,2964.3100000000004,898
2026-07-23T11:00:00+00:00,2964.3100000000004,2964.8600000000006,2960.1600000000003,2961.4100000000003,1353
2026-07-23T11:15:00+00:00,2961.4100000000003,2962.9000000000005,2957.0700000000006,2958.01,1356
2026-07-23T11:30:00+00:00,2958.01,2958.3200000000006,2947.9000000000005,2948.6200000000003,2847
2026-07-23T11:45:00+00:00,2948.6200000000003,2954.8200000000006,2947.0500000000006,2953.4700000000003,2412
2026-07-23T12:00:00+00:00,2953.4700000000003,2953.4700000000003,2944.8000000000006,2944.8200000000006,1661
2026-07-23T12:15:00+00:00,2944.8200000000006,2947.6700000000005,2939.6000000000004,2939.7200000000003,3187
2026-07-23T12:30:00+00:00,2939.7200000000003,2940.01,2933.1100000000006,2936.0700000000006,3296
2026-07-23T12:45:00+00:00,2936.0700000000006,2939.3200000000006,2933.6000000000004,2936.5500000000006,3976
2026-07-23T13:00:00+00:00,2936.5500000000006,2937.3000000000006,2929.0000000000005,2930.51,5067
2026-07-23T13:15:00+00:00,2930.51,2933.5700000000006,2926.9100000000003,2933.5700000000006,4610
2026-07-23T13:30:00+00:00,2933.5700000000006,2954.6000000000004,2928.2000000000003,2951.0000000000005,18327
2026-07-23T13:45:00+00:00,2951.0000000000005,2951.4200000000005,2937.0600000000004,2939.1200000000003,16127
2026-07-23T14:00:00+00:00,2939.1200000000003,2949.76,2938.4500000000003,2945.3000000000006,17665
2026-07-23T14:15:00+00:00,2945.3000000000006,2950.3000000000006,2940.8100000000004,2944.4600000000005,15103
2026-07-23T14:30:00+00:00,2944.4600000000005,2948.4500000000003,2937.3500000000004,2942.6100000000006,13126
2026-07-23T14:45:00+00:00,2942.6100000000006,2946.7700000000004,2940.6700000000005,2943.8100000000004,10992
2026-07-23T15:00:00+00:00,2943.8100000000004,2944.8700000000003,2931.7500000000005,2933.8000000000006,10793
2026-07-23T15:15:00+00:00,2933.8000000000006,2936.7700000000004,2926.7000000000003,2928.9200000000005,10573
2026-07-23T15:30:00+00:00,2928.9200000000005,2939.9600000000005,2925.5500000000006,2934.9000000000005,11895
2026-07-23T15:45:00+00:00,2934.9000000000005,2939.4100000000003,2932.4000000000005,2937.9600000000005,8401
2026-07-23T16:00:00+00:00,2937.9600000000005,2941.51,2935.6500000000005,2938.5600000000004,7889
2026-07-23T16:15:00+00:00,2938.5600000000004,2944.4000000000005,2937.5200000000004,2942.7700000000004,6387
2026-07-23T16:30:00+00:00,2942.7700000000004,2944.4700000000003,2939.7700000000004,2939.8100000000004,6883
2026-07-23T16:45:00+00:00,2939.8100000000004,2941.6500000000005,2936.0500000000006,2941.3700000000003,7428
2026-07-23T17:00:00+00:00,2941.3700000000003,2942.7500000000005,2936.9200000000005,2938.5200000000004,7607
2026-07-23T17:15:00+00:00,2938.5200000000004,2941.4100000000003,2937.9600000000005,2938.2100000000005,6882
2026-07-23T17:30:00+00:00,2938.2100000000005,2938.76,2933.4500000000003,2934.9000000000005,7600
2026-07-23T17:45:00+00:00,2934.9000000000005,2938.3100000000004,2934.0500000000006,2934.1600000000003,6828
2026-07-23T18:00:00+00:00,2934.1600000000003,2935.4000000000005,2932.6600000000003,2932.7700000000004,6576
2026-07-23T18:15:00+00:00,2932.7700000000004,2936.3600000000006,2932.01,2936.1000000000004,5763
2026-07-23T18:30:00+00:00,2936.1000000000004,2937.3200000000006,2934.7700000000004,2936.2500000000005,5090
2026-07-23T18:45:00+00:00,2936.2500000000005,2938.5200000000004,2934.5000000000005,2937.1200000000003,4571
2026-07-23T19:00:00+00:00,2937.1200000000003,2938.6600000000003,2935.0000000000005,2936.9500000000003,4218
2026-07-23T19:15:00+00:00,2936.9500000000003,2941.9200000000005,2936.7000000000003,2941.3200000000006,4810
2026-07-23T19:30:00+00:00,2941.3200000000006,2944.4100000000003,2937.7000000000003,2939.8000000000006,5956
2026-07-23T19:45:00+00:00,2939.8000000000006,2945.9100000000003,2934.7700000000004,2944.9200000000005,7609
2026-07-23T20:00:00+00:00,2944.9200000000005,2946.8000000000006,2943.6500000000005,2944.7700000000004,2583
2026-07-23T20:15:00+00:00,2944.7700000000004,2945.2700000000004,2943.6200000000003,2943.9100000000003,1063
2026-07-23T20:30:00+00:00,2943.9100000000003,2945.7100000000005,2943.1000000000004,2943.4000000000005,678
2026-07-23T20:45:00+00:00,2943.4000000000005,2943.9200000000005,2942.2200000000003,2942.6000000000004,614
2026-07-23T22:00:00+00:00,2942.6000000000004,2943.9700000000003,2939.26,2940.01,888
2026-07-23T22:15:00+00:00,2940.01,2941.4600000000005,2939.6100000000006,2940.3600000000006,784
2026-07-23T22:30:00+00:00,2940.3600000000006,2941.8200000000006,2940.26,2941.3200000000006,618
2026-07-23T22:45:00+00:00,2941.3200000000006,2942.7200000000003,2940.9700000000003,2942.4200000000005,472
2026-07-23T23:00:00+00:00,2942.4200000000005,2942.8600000000006,2940.3500000000004,2940.8500000000004,489
2026-07-23T23:15:00+00:00,2940.8500000000004,2941.1200000000003,2939.8200000000006,2940.9200000000005,418
2026-07-23T23:30:00+00:00,2940.9200000000005,2941.01,2938.8000000000006,2940.2200000000003,839
2026-07-23T23:45:00+00:00,2940.2200000000003,2942.01,2938.6200000000003,2940.1000000000004,3037
2026-07-24T00:00:00+00:00,2940.1000000000004,2942.7200000000003,2938.3100000000004,2939.9200000000005,4368
2026-07-24T00:15:00+00:00,2939.9200000000005,2944.2700000000004,2938.6000000000004,2942.76,3648
2026-07-24T00:30:00+00:00,2942.76,2944.4000000000005,2941.1500000000005,2943.9100000000003,2814
2026-07-24T00:45:00+00:00,2943.9100000000003,2945.3200000000006,2942.0200000000004,2945.1200000000003,2623
2026-07-24T01:00:00+00:00,2945.1200000000003,2946.3700000000003,2943.9600000000005,2944.2200000000003,2745
2026-07-24T01:15:00+00:00,2944.2200000000003,2946.51,2943.8700000000003,2944.9000000000005,2179
2026-07-24T01:30:00+00:00,2944.9000000000005,2947.51,2944.51,2946.8500000000004,2455
2026-07-24T01:45:00+00:00,2946.8500000000004,2946.9600000000005,2943.7000000000003,2943.9000000000005,1970
2026-07-24T02:00:00+00:00,2943.9000000000005,2945.1700000000005,2942.4700000000003,2944.5200000000004,2108
2026-07-24T02:15:00+00:00,2944.5200000000004,2944.9500000000003,2943.0500000000006,2943.7100000000005,1879
2026-07-24T02:30:00+00:00,2943.7100000000005,2943.7200000000003,2940.8500000000004,2940.9700000000003,1536
2026-07-24T02:45:00+00:00,2940.9700000000003,2941.1600000000003,2938.26,2938.4000000000005,1470
2026-07-24T03:00:00+00:00,2938.4000000000005,2939.2200000000003,2937.7200000000003,2938.9100000000003,1844
2026-07-24T03:15:00+00:00,2938.9100000000003,2940.4700000000003,2938.2000000000003,2939.4200000000005,1944
2026-07-24T03:30:00+00:00,2939.4200000000005,2940.2100000000005,2937.3600000000006,2939.2700000000004,2492
2026-07-24T03:45:00+00:00,2939.2700000000004,2940.0200000000004,2938.2700000000004,2938.5700000000006,1581
2026-07-24T04:00:00+00:00,2938.5700000000006,2939.4700000000003,2937.2700000000004,2937.51,1672
2026-07-24T04:15:00+00:00,2937.51,2940.1200000000003,2936.9600000000005,2939.4000000000005,1580
2026-07-24T04:30:00+00:00,2939.4000000000005,2940.01,2936.5000000000005,2937.8500000000004,1593
2026-07-24T04:45:00+00:00,2937.8500000000004,2939.3200000000006,2937.3000000000006,2939.3200000000006,1717
2026-07-24T05:00:00+00:00,2939.3200000000006,2941.8200000000006,2938.4600000000005,2941.1000000000004,1953
2026-07-24T05:15:00+00:00,2941.1000000000004,2942.5000000000005,2940.1600000000003,2941.5200000000004,2108
2026-07-24T05:30:00+00:00,2941.5200000000004,2942.8700000000003,2940.5600000000004,2942.8000000000006,2445
2026-07-24T05:45:00+00:00,2942.8000000000006,2943.6700000000005,2940.01,2940.1700000000005,1678
2026-07-24T06:00:00+00:00,2940.1700000000005,2940.26,2937.9600000000005,2939.4500000000003,1999
2026-07-24T06:15:00+00:00,2939.4500000000003,2943.6600000000003,2939.1000000000004,2941.6200000000003,2622
2026-07-24T06:30:00+00:00,2941.6200000000003,2943.0700000000006,2939.5500000000006,2939.7100000000005,2276
2026-07-24T06:45:00+00:00,2939.7100000000005,2942.7000000000003,2938.2200000000003,2942.4000000000005,2048
2026-07-24T07:00:00+00:00,2942.4000000000005,2949.5700000000006,2942.0500000000006,2948.8500000000004,3005
2026-07-24T07:15:00+00:00,2948.8500000000004,2952.4500000000003,2947.8100000000004,2951.4600000000005,2595
2026-07-24T07:30:00+00:00,2951.4600000000005,2952.26,2947.9500000000003,2948.8000000000006,2517
2026-07-24T07:45:00+00:00,2948.8000000000006,2949.7100000000005,2947.8500000000004,2948.51,2187
2026-07-24T08:00:00+00:00,2948.51,2948.51,2946.0500000000006,2947.2000000000003,3055
2026-07-24T08:15:00+00:00,2947.2000000000003,2950.8000000000006,2946.2500000000005,2950.7200000000003,3027
2026-07-24T08:30:00+00:00,2950.7200000000003,2952.3100000000004,2950.0200000000004,2951.8600000000006,2343
2026-07-24T08:45:00+00:00,2951.8600000000006,2952.1200000000003,2950.4000000000005,2951.4600000000005,1871
2026-07-24T09:00:00+00:00,2951.4600000000005,2954.1600000000003,2950.8100000000004,2952.5000000000005,2382
2026-07-24T09:15:00+00:00,2952.5000000000005,2955.2100000000005,2951.8500000000004,2954.1500000000005,1665
2026-07-24T09:30:00+00:00,2954.1500000000005,2956.26,2953.3000000000006,2955.8000000000006,1335
2026-07-24T09:45:00+00:00,2955.8000000000006,2957.0600000000004,2955.3000000000006,2956.7000000000003,1339
2026-07-24T10:00:00+00:00,2956.7000000000003,2957.4100000000003,2954.6600000000003,2956.4200000000005,1332
2026-07-24T10:15:00+00:00,2956.4200000000005,2957.01,2955.7500000000005,2956.6100000000006,922
2026-07-24T10:30:00+00:00,2956.6100000000006,2958.1600000000003,2955.9000000000005,2956.8200000000006,1192
2026-07-24T10:45:00+00:00,2956.8200000000006,2958.9000000000005,2956.6500000000005,2957.4600000000005,1236
2026-07-24T11:00:00+00:00,2957.4600000000005,2959.9200000000005,2957.3100000000004,2958.8000000000006,1872
2026-07-24T11:15:00+00:00,2958.8000000000006,2959.7200000000003,2957.26,2957.5600000000004,1242
2026-07-24T11:30:00+00:00,2957.5600000000004,2957.9000000000005,2954.6000000000004,2954.6500000000005,1622
2026-07-24T11:45:00+00:00,2954.6500000000005,2963.2000000000003,2953.7000000000003,2960.3500000000004,2708
2026-07-24T12:00:00+00:00,2960.3500000000004,2960.5000000000005,2954.9700000000003,2959.1000000000004,2905
2026-07-24T12:15:00+00:00,2959.1000000000004,2960.0700000000006,2956.26,2959.0000000000005,1877
2026-07-24T12:30:00+00:00,2959.0000000000005,2960.5700000000006,2957.26,2957.3500000000004,1904
2026-07-24T12:45:00+00:00,2957.3500000000004,2958.0000000000005,2954.5000000000005,2955.2000000000003,1773
2026-07-24T13:00:00+00:00,2955.2000000000003,2956.6600000000003,2955.0500000000006,2955.4200000000005,2048
2026-07-24T13:15:00+00:00,2955.4200000000005,2959.3200000000006,2954.3000000000006,2958.1200000000003,2940
2026-07-24T13:30:00+00:00,2958.1200000000003,2958.8100000000004,2943.5600000000004,2948.3500000000004,15793
2026-07-24T13:45:00+00:00,2948.3500000000004,2951.5700000000006,2937.0500000000006,2939.3100000000004,14509
2026-07-24T14:00:00+00:00,2939.3100000000004,2946.0700000000006,2932.5600000000004,2944.6000000000004,15312
2026-07-24T14:15:00+00:00,2944.6000000000004,2945.4000000000005,2935.5600000000004,2938.7100000000005,13865
2026-07-24T14:30:00+00:00,2938.7100000000005,2939.4000000000005,2929.8700000000003,2931.76,12611
2026-07-24T14:45:00+00:00,2931.76,2942.5500000000006,2928.2000000000003,2941.4100000000003,11814
2026-07-24T15:00:00+00:00,2941.4100000000003,2952.6700000000005,2938.4600000000005,2951.2500000000005,13308
2026-07-24T15:15:00+00:00,2951.2500000000005,2962.5000000000005,2950.5700000000006,2960.0700000000006,12704
2026-07-24T15:30:00+00:00,2960.0700000000006,2962.7000000000003,2956.2200000000003,2957.6000000000004,9985
2026-07-24T15:45:00+00:00,2957.6000000000004,2959.8600000000006,2956.1600000000003,2958.7000000000003,7574
2026-07-24T16:00:00+00:00,2958.7000000000003,2961.6200000000003,2955.6500000000005,2958.1200000000003,6901
2026-07-24T16:15:00+00:00,2958.1200000000003,2962.9100000000003,2957.2000000000003,2960.5200000000004,5504
2026-07-24T16:30:00+00:00,2960.5200000000004,2960.5700000000006,2951.8700000000003,2952.0200000000004,6384
2026-07-24T16:45:00+00:00,2952.0200000000004,2953.0700000000006,2946.9700000000003,2951.6100000000006,7885
2026-07-24T17:00:00+00:00,2951.6100000000006,2951.8500000000004,2943.8200000000006,2948.7100000000005,7924
2026-07-24T17:15:00+00:00,2948.7100000000005,2954.7700000000004,2947.1000000000004,2954.0700000000006,6395
2026-07-24T17:30:00+00:00,2954.0700000000006,2956.01,2951.51,2952.0600000000004,5770
2026-07-24T17:45:00+00:00,2952.0600000000004,2953.0500000000006,2950.1100000000006,2951.2200000000003,5205
2026-07-24T18:00:00+00:00,2951.2200000000003,2952.1000000000004,2948.5600000000004,2948.9600000000005,5381
2026-07-24T18:15:00+00:00,2948.9600000000005,2949.26,2942.76,2943.0600000000004,5991
2026-07-24T18:30:00+00:00,2943.0600000000004,2943.3600000000006,2937.0700000000006,2938.7000000000003,8683
2026-07-24T18:45:00+00:00,2938.7000000000003,2943.4000000000005,2938.51,2940.2700000000004,7176
2026-07-24T19:00:00+00:00,2940.2700000000004,2941.2200000000003,2933.3500000000004,2933.5700000000006,7411
2026-07-24T19:15:00+00:00,2933.5700000000006,2937.3000000000006,2933.0000000000005,2935.6100000000006,6933
2026-07-24T19:30:00+00:00,2935.6100000000006,2940.5700000000006,2935.1200000000003,2936.7100000000005,8936
2026-07-24T19:45:00+00:00,2936.7100000000005,2938.3500000000004,2931.6500000000005,2936.1600000000003,7036
2026-07-24T20:00:00+00:00,2936.1600000000003,2937.6700000000005,2934.6600000000003,2936.3000000000006,2219
2026-07-24T20:15:00+00:00,2936.3000000000006,2939.6700000000005,2936.3000000000006,2937.6100000000006,1163
2026-07-24T20:30:00+00:00,2937.6100000000006,2937.8500000000004,2935.5500000000006,2937.1600000000003,1091
2026-07-26T22:00:00+00:00,2937.1600000000003,2971.8600000000006,2937.1600000000003,2964.4900000000002,2042
2026-07-26T22:15:00+00:00,2964.4900000000002,2966.1900000000005,2963.4100000000003,2964.1900000000005,743
2026-07-26T22:30:00+00:00,2964.1900000000005,2964.8100000000004,2962.6500000000005,2962.9600000000005,547
2026-07-26T22:45:00+00:00,2962.9600000000005,2963.5000000000005,2961.8000000000006,2962.8400000000006,633
2026-07-26T23:00:00+00:00,2962.8400000000006,2965.4500000000003,2960.9300000000003,2965.1800000000003,690
2026-07-26T23:15:00+00:00,2965.1800000000003,2966.5000000000005,2963.3900000000003,2963.5500000000006,606
2026-07-26T23:30:00+00:00,2963.5500000000006,2967.4800000000005,2963.4300000000003,2967.0800000000004,586
2026-07-26T23:45:00+00:00,2967.0800000000004,2972.0500000000006,2966.1800000000003,2971.7900000000004,1432
2026-07-27T00:00:00+00:00,2971.7900000000004,2971.7900000000004,2963.3300000000004,2967.2000000000003,2391
2026-07-27T00:15:00+00:00,2967.2000000000003,2968.2900000000004,2962.7800000000007,2963.6000000000004,2224
2026-07-27T00:30:00+00:00,2963.6000000000004,2964.5900000000006,2960.9400000000005,2961.1400000000003,1274
2026-07-27T00:45:00+00:00,2961.1400000000003,2962.7900000000004,2959.8000000000006,2959.9900000000007,1340
2026-07-27T01:00:00+00:00,2959.9900000000007,2961.4000000000005,2958.1400000000003,2958.7300000000005,1564
2026-07-27T01:15:00+00:00,2958.7300000000005,2959.4000000000005,2956.6300000000006,2958.1400000000003,1229
2026-07-27T01:30:00+00:00,2958.1400000000003,2962.7300000000005,2958.1400000000003,2961.3500000000004,1926
2026-07-27T01:45:00+00:00,2961.3500000000004,2962.9900000000007,2960.4400000000005,2962.8900000000003,1509
2026-07-27T02:00:00+00:00,2962.8900000000003,2963.7500000000005,2961.7400000000007,2962.7000000000003,1418
2026-07-27T02:15:00+00:00,2962.7000000000003,2963.8000000000006,2961.9300000000003,2962.9000000000005,1121
2026-07-27T02:30:00+00:00,2962.9000000000005,2963.4000000000005,2960.7400000000007,2962.9800000000005,950
2026-07-27T02:45:00+00:00,2962.9800000000005,2963.3300000000004,2961.0500000000006,2961.3800000000006,649
2026-07-27T03:00:00+00:00,2961.3800000000006,2964.0000000000005,2961.3500000000004,2963.9500000000003,734
2026-07-27T03:15:00+00:00,2963.9500000000003,2964.3900000000003,2963.2800000000007,2963.5400000000004,546
2026-07-27T03:30:00+00:00,2963.5400000000004,2964.7300000000005,2962.5500000000006,2963.9500000000003,874
2026-07-27T03:45:00+00:00,2963.9500000000003,2964.2000000000003,2962.3800000000006,2962.9000000000005,708
2026-07-27T04:00:00+00:00,2962.9000000000005,2964.5900000000006,2962.9000000000005,2964.5800000000004,829
2026-07-27T04:15:00+00:00,2964.5800000000004,2965.3400000000006,2963.6800000000003,2964.5500000000006,721
2026-07-27T04:30:00+00:00,2964.5500000000006,2968.5900000000006,2963.9300000000003,2968.2800000000007,520
2026-07-27T04:45:00+00:00,2968.2800000000007,2969.9000000000005,2967.9800000000005,2968.6800000000003,462
2026-07-27T05:00:00+00:00,2968.6800000000003,2971.4400000000005,2968.4800000000005,2971.0900000000006,631
2026-07-27T05:15:00+00:00,2971.0900000000006,2971.0900000000006,2969.8300000000004,2970.5800000000004,531
2026-07-27T05:30:00+00:00,2970.5800000000004,2971.3300000000004,2969.7800000000007,2970.2900000000004,702
2026-07-27T05:45:00+00:00,2970.2900000000004,2973.7500000000005,2970.2900000000004,2972.9300000000003,508
2026-07-27T06:00:00+00:00,2972.9300000000003,2976.5000000000005,2972.9300000000003,2975.7800000000007,965
2026-07-27T06:15:00+00:00,2975.7800000000007,2976.5000000000005,2973.6800000000003,2974.2400000000007,621
2026-07-27T06:30:00+00:00,2974.2400000000007,2975.2500000000005,2973.2500000000005,2973.6000000000004,629
2026-07-27T06:45:00+00:00,2973.6000000000004,2973.9000000000005,2972.2500000000005,2972.9400000000005,747
2026-07-27T07:00:00+00:00,2972.9400000000005,2975.9400000000005,2972.2500000000005,2974.8800000000006,1598
2026-07-27T07:15:00+00:00,2974.8800000000006,2974.9500000000003,2972.4300000000003,2972.5900000000006,1088
2026-07-27T07:30:00+00:00,2972.5900000000006,2973.3000000000006,2970.9800000000005,2972.9500000000003,1018
2026-07-27T07:45:00+00:00,2972.9500000000003,2973.7500000000005,2968.6000000000004,2968.6000000000004,1323
2026-07-27T08:00:00+00:00,2968.6000000000004,2972.1400000000003,2968.2900000000004,2972.1000000000004,1858
2026-07-27T08:15:00+00:00,2972.1000000000004,2973.0500000000006,2970.7900000000004,2972.4900000000007,1188
2026-07-27T08:30:00+00:00,2972.4900000000007,2976.1800000000003,2971.7800000000007,2976.1800000000003,1070
2026-07-27T08:45:00+00:00,2976.1800000000003,2976.3500000000004,2973.5900000000006,2974.1400000000003,887
2026-07-27T09:00:00+00:00,2974.1400000000003,2974.1400000000003,2972.6400000000003,2972.7400000000007,714
2026-07-27T09:15:00+00:00,2972.7400000000007,2974.3800000000006,2972.4400000000005,2972.9800000000005,670
2026-07-27T09:30:00+00:00,2972.9800000000005,2976.4300000000003,2972.8400000000006,2976.0800000000004,805
2026-07-27T09:45:00+00:00,2976.0800000000004,2978.0400000000004,2975.4500000000003,2975.8900000000003,958
2026-07-27T10:00:00+00:00,2975.8900000000003,2976.9800000000005,2973.0800000000004,2974.7800000000007,797
2026-07-27T10:15:00+00:00,2974.7800000000007,2975.7400000000007,2974.3500000000004,2975.0000000000005,491
2026-07-27T10:30:00+00:00,2975.0000000000005,2975.9500000000003,2973.9400000000005,2975.7400000000007,410
2026-07-27T10:45:00+00:00,2975.7400000000007,2977.0900000000006,2974.8300000000004,2975.7400000000007,462
2026-07-27T11:00:00+00:00,2975.7400000000007,2975.8900000000003,2970.4800000000005,2971.1900000000005,646
2026-07-27T11:15:00+00:00,2971.1900000000005,2972.7500000000005,2969.1800000000003,2969.1900000000005,720
2026-07-27T11:30:00+00:00,2969.1900000000005,2973.0900000000006,2968.7900000000004,2970.5500000000006,1420
2026-07-27T11:45:00+00:00,2970.5500000000006,2971.0300000000007,2968.1800000000003,2968.7000000000003,845
2026-07-27T12:00:00+00:00,2968.7000000000003,2970.5400000000004,2962.9800000000005,2963.3400000000006,1334
2026-07-27T12:15:00+00:00,2963.3400000000006,2965.9500000000003,2963.3400000000006,2964.7000000000003,1019
2026-07-27T12:30:00+00:00,2964.7000000000003,2967.3800000000006,2964.5000000000005,2966.4300000000003,870
2026-07-27T12:45:00+00:00,2966.4300000000003,2967.8000000000006,2965.1500000000005,2967.7500000000005,1217
2026-07-27T13:00:00+00:00,2967.7500000000005,2970.8500000000004,2967.3300000000004,2969.5300000000007,1879
2026-07-27T13:15:00+00:00,2969.5300000000007,2972.1300000000006,2965.1500000000005,2965.1500000000005,2172
2026-07-27T13:30:00+00:00,2965.1500000000005,2980.3000000000006,2960.1800000000003,2972.7400000000007,16334
2026-07-27T13:45:00+00:00,2972.7400000000007,2978.4400000000005,2968.7500000000005,2968.8400000000006,13190
2026-07-27T14:00:00+00:00,2968.8400000000006,2969.9000000000005,2957.0800000000004,2958.5900000000006,13365
2026-07-27T14:15:00+00:00,2958.5900000000006,2961.0900000000006,2946.5800000000004,2946.7900000000004,11664
2026-07-27T14:30:00+00:00,2946.7900000000004,2947.7000000000003,2935.7000000000003,2937.8900000000003,13602
2026-07-27T14:45:00+00:00,2937.8900000000003,2958.5900000000006,2937.8900000000003,2957.7000000000003,12072
2026-07-27T15:00:00+00:00,2957.7000000000003,2957.8900000000003,2949.3000000000006,2950.1500000000005,10217
2026-07-27T15:15:00+00:00,2950.1500000000005,2951.9300000000003,2944.9800000000005,2947.5000000000005,9869
2026-07-27T15:30:00+00:00,2947.5000000000005,2948.2300000000005,2938.0300000000007,2942.1000000000004,8611
2026-07-27T15:45:00+00:00,2942.1000000000004,2942.6300000000006,2938.7800000000007,2940.6300000000006,7746
2026-07-27T16:00:00+00:00,2940.6300000000006,2945.5500000000006,2938.9900000000007,2942.2800000000007,8531
2026-07-27T16:15:00+00:00,2942.2800000000007,2955.3500000000004,2939.9500000000003,2951.1500000000005,10320
2026-07-27T16:30:00+00:00,2951.1500000000005,2957.0400000000004,2949.3000000000006,2950.9800000000005,7738
2026-07-27T16:45:00+00:00,2950.9800000000005,2952.8000000000006,2943.1000000000004,2944.6000000000004,6940
2026-07-27T17:00:00+00:00,2944.6000000000004,2944.7300000000005,2939.9800000000005,2942.8300000000004,6812
2026-07-27T17:15:00+00:00,2942.8300000000004,2944.4900000000007,2939.1800000000003,2941.0900000000006,6047
2026-07-27T17:30:00+00:00,2941.0900000000006,2945.3500000000004,2940.3900000000003,2943.3800000000006,5973
2026-07-27T17:45:00+00:00,2943.3800000000006,2949.5500000000006,2941.8000000000006,2949.3800000000006,5340
2026-07-27T18:00:00+00:00,2949.3800000000006,2950.4000000000005,2946.0400000000004,2947.1800000000003,5587
2026-07-27T18:15:00+00:00,2947.1800000000003,2947.4000000000005,2944.2800000000007,2946.8300000000004,4781
2026-07-27T18:30:00+00:00,2946.8300000000004,2947.9500000000003,2942.3300000000004,2946.8300000000004,5561
2026-07-27T18:45:00+00:00,2946.8300000000004,2952.4000000000005,2945.5000000000005,2951.5500000000006,6116
2026-07-27T19:00:00+00:00,2951.5500000000006,2955.8000000000006,2950.3500000000004,2953.0300000000007,5512
2026-07-27T19:15:00+00:00,2953.0300000000007,2957.1400000000003,2952.9000000000005,2957.1300000000006,4160
2026-07-27T19:30:00+00:00,2957.1300000000006,2959.2500000000005,2954.7300000000005,2955.1400000000003,5475
2026-07-27T19:45:00+00:00,2955.1400000000003,2957.8800000000006,2953.8400000000006,2954.3800000000006,5845
2026-07-27T20:00:00+00:00,2954.3800000000006,2956.7500000000005,2953.6000000000004,2954.1400000000003,1248
2026-07-27T20:15:00+00:00,2954.1400000000003,2955.6000000000004,2953.2000000000003,2955.2500000000005,354
2026-07-27T20:30:00+00:00,2955.2500000000005,2958.8800000000006,2954.9400000000005,2957.2300000000005,463
2026-07-27T20:45:00+00:00,2957.2300000000005,2957.7800000000007,2954.7300000000005,2955.4900000000007,605
2026-07-27T22:00:00+00:00,2955.4900000000007,2956.8600000000006,2954.4600000000005,2954.6100000000006,723
2026-07-27T22:15:00+00:00,2954.6100000000006,2955.0700000000006,2953.0700000000006,2953.3100000000004,504
2026-07-27T22:30:00+00:00,2953.3100000000004,2955.0800000000004,2952.8800000000006,2954.0800000000004,521
2026-07-27T22:45:00+00:00,2954.0800000000004,2954.3800000000006,2952.9700000000007,2953.2300000000005,314
2026-07-27T23:00:00+00:00,2953.2300000000005,2954.1100000000006,2951.5100000000007,2952.9200000000005,668
2026-07-27T23:15:00+00:00,2952.9200000000005,2954.7300000000005,2952.2100000000005,2954.7300000000005,496
2026-07-27T23:30:00+00:00,2954.7300000000005,2954.7300000000005,2953.6100000000006,2953.9700000000007,468
2026-07-27T23:45:00+00:00,2953.9700000000007,2954.7200000000007,2951.8300000000004,2953.5300000000007,3735
2026-07-28T00:00:00+00:00,2953.5300000000007,2954.7300000000005,2949.1200000000003,2951.1300000000006,4911
2026-07-28T00:15:00+00:00,2951.1300000000006,2952.1800000000003,2948.5200000000004,2950.3300000000004,4028
2026-07-28T00:30:00+00:00,2950.3300000000004,2951.4800000000005,2947.2800000000007,2950.6800000000003,3341
2026-07-28T00:45:00+00:00,2950.6800000000003,2950.7700000000004,2946.5600000000004,2947.3300000000004,2398
2026-07-28T01:00:00+00:00,2947.3300000000004,2947.9300000000003,2942.9200000000005,2943.6100000000006,2839
2026-07-28T01:15:00+00:00,2943.6100000000006,2948.2100000000005,2942.4600000000005,2946.8800000000006,1860
2026-07-28T01:30:00+00:00,2946.8800000000006,2949.5300000000007,2946.4700000000007,2948.6600000000003,2724
2026-07-28T01:45:00+00:00,2948.6600000000003,2949.6100000000006,2945.1600000000003,2946.0800000000004,2633
2026-07-28T02:00:00+00:00,2946.0800000000004,2946.5200000000004,2943.6100000000006,2944.1600000000003,2186
2026-07-28T02:15:00+00:00,2944.1600000000003,2946.5300000000007,2942.9700000000007,2944.3100000000004,2634
2026-07-28T02:30:00+00:00,2944.3100000000004,2944.5200000000004,2942.5700000000006,2942.9600000000005,2173
2026-07-28T02:45:00+00:00,2942.9600000000005,2945.1600000000003,2942.3600000000006,2944.0200000000004,2758
2026-07-28T03:00:00+00:00,2944.0200000000004,2944.2300000000005,2941.8100000000004,2943.8800000000006,2135
2026-07-28T03:15:00+00:00,2943.8800000000006,2947.8700000000003,2943.3700000000003,2944.3800000000006,2277
2026-07-28T03:30:00+00:00,2944.3800000000006,2950.4700000000007,2942.9700000000007,2950.4100000000003,3535
2026-07-28T03:45:00+00:00,2950.4100000000003,2951.7600000000007,2949.4100000000003,2951.5800000000004,3296
2026-07-28T04:00:00+00:00,2951.5800000000004,2951.5800000000004,2947.2600000000007,2947.5800000000004,2794
2026-07-28T04:15:00+00:00,2947.5800000000004,2950.0300000000007,2947.1800000000003,2948.2100000000005,2173
2026-07-28T04:30:00+00:00,2948.2100000000005,2949.4600000000005,2947.7100000000005,2949.0100000000007,1969
2026-07-28T04:45:00+00:00,2949.0100000000007,2950.5700000000006,2946.4600000000005,2947.0300000000007,1951
2026-07-28T05:00:00+00:00,2947.0300000000007,2949.0200000000004,2946.7300000000005,2947.7700000000004,2657
2026-07-28T05:15:00+00:00,2947.7700000000004,2948.8600000000006,2946.7700000000004,2947.6100000000006,1694
2026-07-28T05:30:00+00:00,2947.6100000000006,2947.8200000000006,2944.5200000000004,2945.7600000000007,2504
2026-07-28T05:45:00+00:00,2945.7600000000007,2947.4600000000005,2945.0200000000004,2945.6200000000003,1905
2026-07-28T06:00:00+00:00,2945.6200000000003,2947.6700000000005,2944.8800000000006,2946.9300000000003,3152
2026-07-28T06:15:00+00:00,2946.9300000000003,2949.0600000000004,2945.4100000000003,2947.8800000000006,2873
2026-07-28T06:30:00+00:00,2947.8800000000006,2951.4300000000003,2947.2700000000004,2950.1600000000003,2011
2026-07-28T06:45:00+00:00,2950.1600000000003,2951.4600000000005,2948.0300000000007,2950.6100000000006,1847
2026-07-28T07:00:00+00:00,2950.6100000000006,2952.4800000000005,2949.9700000000007,2950.7700000000004,3356
2026-07-28T07:15:00+00:00,2950.7700000000004,2953.8800000000006,2950.5600000000004,2952.4600000000005,2601
2026-07-28T07:30:00+00:00,2952.4600000000005,2952.9300000000003,2950.4100000000003,2950.7300000000005,2255
2026-07-28T07:45:00+00:00,2950.7300000000005,2952.4300000000003,2949.0200000000004,2950.1200000000003,2438
2026-07-28T08:00:00+00:00,2950.1200000000003,2951.2300000000005,2945.8100000000004,2946.3200000000006,2847
2026-07-28T08:15:00+00:00,2946.3200000000006,2954.0200000000004,2945.9300000000003,2953.8100000000004,3711
2026-07-28T08:30:00+00:00,2953.8100000000004,2955.2300000000005,2951.5600000000004,2954.6200000000003,2740
2026-07-28T08:45:00+00:00,2954.6200000000003,2957.4700000000007,2953.2800000000007,2954.2200000000007,1740
2026-07-28T09:00:00+00:00,2954.2200000000007,2955.1800000000003,2953.3600000000006,2953.4600000000005,1994
2026-07-28T09:15:00+00:00,2953.4600000000005,2955.9800000000005,2953.4600000000005,2955.8600000000006,1882
2026-07-28T09:30:00+00:00,2955.8600000000006,2955.8800000000006,2954.1100000000006,2954.6700000000005,1562
2026-07-28T09:45:00+00:00,2954.6700000000005,2956.2600000000007,2952.3100000000004,2953.0100000000007,1282
2026-07-28T10:00:00+00:00,2953.0100000000007,2953.3300000000004,2950.8100000000004,2951.8600000000006,1701
2026-07-28T10:15:00+00:00,2951.8600000000006,2953.2300000000005,2950.6100000000006,2952.6800000000003,1762
2026-07-28T10:30:00+00:00,2952.6800000000003,2953.7200000000007,2947.9100000000003,2948.8200000000006,2414
2026-07-28T10:45:00+00:00,2948.8200000000006,2952.1100000000006,2948.7100000000005,2951.9600000000005,1775
2026-07-28T11:00:00+00:00,2951.9600000000005,2954.5300000000007,2948.2700000000004,2949.1200000000003,3095
2026-07-28T11:15:00+00:00,2949.1200000000003,2956.8800000000006,2949.0700000000006,2951.3300000000004,3934
2026-07-28T11:30:00+00:00,2951.3300000000004,2954.2100000000005,2947.7700000000004,2950.5600000000004,2753
2026-07-28T11:45:00+00:00,2950.5600000000004,2955.9800000000005,2949.7600000000007,2955.1600000000003,2210
2026-07-28T12:00:00+00:00,2955.1600000000003,2958.0600000000004,2953.6100000000006,2956.3100000000004,2568
2026-07-28T12:15:00+00:00,2956.3100000000004,2958.1600000000003,2954.2100000000005,2958.0600000000004,2661
2026-07-28T12:30:00+00:00,2958.0600000000004,2959.2800000000007,2955.3600000000006,2957.9200000000005,2849
2026-07-28T12:45:00+00:00,2957.9200000000005,2961.0800000000004,2956.8700000000003,2957.8600000000006,2685
2026-07-28T13:00:00+00:00,2957.8600000000006,2957.8600000000006,2955.4700000000007,2956.6200000000003,2139
2026-07-28T13:15:00+00:00,2956.6200000000003,2959.5700000000006,2954.8200000000006,2956.5800000000004,2649
2026-07-28T13:30:00+00:00,2956.5800000000004,2957.6600000000003,2940.1600000000003,2941.4800000000005,16696
2026-07-28T13:45:00+00:00,2941.4800000000005,2946.5100000000007,2933.1300000000006,2936.3300000000004,16625
2026-07-28T14:00:00+00:00,2936.3300000000004,2944.9700000000007,2932.1700000000005,2934.6800000000003,15585
2026-07-28T14:15:00+00:00,2934.6800000000003,2937.7700000000004,2930.0700000000006,2931.9700000000007,14970
2026-07-28T14:30:00+00:00,2931.9700000000007,2937.8800000000006,2928.3600000000006,2936.4100000000003,13734
2026-07-28T14:45:00+00:00,2936.4100000000003,2946.2800000000007,2934.8600000000006,2939.5100000000007,11321
2026-07-28T15:00:00+00:00,2939.5100000000007,2948.1300000000006,2937.5800000000004,2944.5600000000004,11232
2026-07-28T15:15:00+00:00,2944.5600000000004,2960.5700000000006,2943.9300000000003,2957.5600000000004,11838
2026-07-28T15:30:00+00:00,2957.5600000000004,2960.5600000000004,2955.0100000000007,2959.0700000000006,9603
2026-07-28T15:45:00+00:00,2959.0700000000006,2961.6600000000003,2957.0600000000004,2958.7100000000005,7530
2026-07-28T16:00:00+00:00,2958.7100000000005,2959.7200000000007,2952.6300000000006,2955.6200000000003,7289
2026-07-28T16:15:00+00:00,2955.6200000000003,2956.6700000000005,2952.1700000000005,2954.7100000000005,5776
2026-07-28T16:30:00+00:00,2954.7100000000005,2957.5200000000004,2952.9100000000003,2956.4300000000003,6091
2026-07-28T16:45:00+00:00,2956.4300000000003,2962.5700000000006,2953.7600000000007,2962.0600000000004,5530
2026-07-28T17:00:00+00:00,2962.0600000000004,2963.0300000000007,2955.1700000000005,2956.2200000000007,6363
2026-07-28T17:15:00+00:00,2956.2200000000007,2962.4200000000005,2955.0800000000004,2957.4700000000007,6290
2026-07-28T17:30:00+00:00,2957.4700000000007,2960.0700000000006,2953.4700000000007,2954.3100000000004,4607
2026-07-28T17:45:00+00:00,2954.3100000000004,2958.4300000000003,2952.3800000000006,2955.8300000000004,5213
2026-07-28T18:00:00+00:00,2955.8300000000004,2957.6700000000005,2951.7600000000007,2952.0800000000004,5423
2026-07-28T18:15:00+00:00,2952.0800000000004,2953.5200000000004,2950.4800000000005,2952.8300000000004,5504
2026-07-28T18:30:00+00:00,2952.8300000000004,2955.7300000000005,2952.2800000000007,2954.0600000000004,5327
2026-07-28T18:45:00+00:00,2954.0600000000004,2958.2600000000007,2953.7700000000004,2955.6100000000006,4681
2026-07-28T19:00:00+00:00,2955.6100000000006,2961.7700000000004,2955.4100000000003,2956.9800000000005,5152
2026-07-28T19:15:00+00:00,2956.9800000000005,2960.6800000000003,2956.4200000000005,2960.6800000000003,3976
2026-07-28T19:30:00+00:00,2960.6800000000003,2960.9600000000005,2955.9100000000003,2957.1600000000003,5002
2026-07-28T19:45:00+00:00,2957.1600000000003,2962.3300000000004,2955.2100000000005,2959.2100000000005,5599
2026-07-28T20:00:00+00:00,2959.2100000000005,2960.3200000000006,2957.2600000000007,2959.6800000000003,2372
2026-07-28T20:15:00+00:00,2959.6800000000003,2961.2200000000007,2958.7300000000005,2960.8700000000003,1034
2026-07-28T20:30:00+00:00,2960.8700000000003,2961.7300000000005,2958.5200000000004,2959.1300000000006,1222
2026-07-28T20:45:00+00:00,2959.1300000000006,2960.7600000000007,2958.6100000000006,2959.8800000000006,959
2026-07-28T22:00:00+00:00,2959.8800000000006,2961.7000000000003,2958.2800000000007,2958.8000000000006,513
2026-07-28T22:15:00+00:00,2958.8000000000006,2959.4000000000005,2954.6800000000003,2956.7000000000003,1020
2026-07-28T22:30:00+00:00,2956.7000000000003,2956.8000000000006,2951.4000000000005,2953.3900000000003,1295
2026-07-28T22:45:00+00:00,2953.3900000000003,2957.2400000000007,2952.2900000000004,2955.1900000000005,1672
2026-07-28T23:00:00+00:00,2955.1900000000005,2958.1000000000004,2953.5300000000007,2956.6000000000004,1872
2026-07-28T23:15:00+00:00,2956.6000000000004,2960.8500000000004,2955.4400000000005,2960.0000000000005,1201
2026-07-28T23:30:00+00:00,2960.0000000000005,2964.6800000000003,2959.4800000000005,2964.5000000000005,1017
2026-07-28T23:45:00+00:00,2964.5000000000005,2970.3300000000004,2963.0900000000006,2969.3300000000004,3606
2026-07-29T00:00:00+00:00,2969.3300000000004,2971.1900000000005,2966.7500000000005,2968.8900000000003,3471
2026-07-29T00:15:00+00:00,2968.8900000000003,2972.5800000000004,2967.7900000000004,2970.1400000000003,2965
2026-07-29T00:30:00+00:00,2970.1400000000003,2971.1300000000006,2967.0300000000007,2968.2500000000005,1910
2026-07-29T00:45:00+00:00,2968.2500000000005,2968.9300000000003,2965.4400000000005,2965.7500000000005,2103
2026-07-29T01:00:00+00:00,2965.7500000000005,2966.7400000000007,2961.2800000000007,2962.0300000000007,2732
2026-07-29T01:15:00+00:00,2962.0300000000007,2965.0400000000004,2960.6300000000006,2963.8000000000006,2875
2026-07-29T01:30:00+00:00,2963.8000000000006,2964.4000000000005,2959.3800000000006,2959.5900000000006,2980
2026-07-29T01:45:00+00:00,2959.5900000000006,2960.2800000000007,2954.0400000000004,2954.0400000000004,2417
2026-07-29T02:00:00+00:00,2954.0400000000004,2956.6000000000004,2951.8900000000003,2955.6400000000003,2844
2026-07-29T02:15:00+00:00,2955.6400000000003,2957.1400000000003,2953.3300000000004,2956.2400000000007,2760
2026-07-29T02:30:00+00:00,2956.2400000000007,2957.3000000000006,2955.2800000000007,2956.1800000000003,2734
2026-07-29T02:45:00+00:00,2956.1800000000003,2956.4800000000005,2953.5300000000007,2954.7400000000007,1773
2026-07-29T03:00:00+00:00,2954.7400000000007,2956.9400000000005,2952.3900000000003,2953.9500000000003,2317
2026-07-29T03:15:00+00:00,2953.9500000000003,2954.5400000000004,2951.8300000000004,2951.8300000000004,1557
2026-07-29T03:30:00+00:00,2951.8300000000004,2952.3800000000006,2949.5400000000004,2951.1800000000003,1838
2026-07-29T03:45:00+00:00,2951.1800000000003,2952.4400000000005,2946.4300000000003,2947.5400000000004,1524
2026-07-29T04:00:00+00:00,2947.5400000000004,2947.9500000000003,2945.2300000000005,2946.4500000000003,2515
2026-07-29T04:15:00+00:00,2946.4500000000003,2949.4500000000003,2945.2500000000005,2947.9800000000005,2646
2026-07-29T04:30:00+00:00,2947.9800000000005,2949.3400000000006,2946.2900000000004,2946.3400000000006,2934
2026-07-29T04:45:00+00:00,2946.3400000000006,2951.7400000000007,2945.6000000000004,2951.6300000000006,2757
2026-07-29T05:00:00+00:00,2951.6300000000006,2956.3400000000006,2950.8000000000006,2956.3400000000006,2288
2026-07-29T05:15:00+00:00,2956.3400000000006,2957.1000000000004,2954.0400000000004,2956.0400000000004,2359
2026-07-29T05:30:00+00:00,2956.0400000000004,2957.3400000000006,2955.2900000000004,2956.5500000000006,2452
2026-07-29T05:45:00+00:00,2956.5500000000006,2957.5900000000006,2955.7900000000004,2956.1400000000003,1945
2026-07-29T06:00:00+00:00,2956.1400000000003,2957.3000000000006,2953.5500000000006,2955.6500000000005,2148
2026-07-29T06:15:00+00:00,2955.6500000000005,2958.5300000000007,2955.6500000000005,2957.9300000000003,1785
2026-07-29T06:30:00+00:00,2957.9300000000003,2963.1000000000004,2957.9300000000003,2962.6400000000003,1949
2026-07-29T06:45:00+00:00,2962.6400000000003,2965.5000000000005,2961.4800000000005,2964.5900000000006,1371
2026-07-29T07:00:00+00:00,2964.5900000000006,2965.5500000000006,2962.2900000000004,2962.9900000000007,2422
2026-07-29T07:15:00+00:00,2962.9900000000007,2964.8000000000006,2962.0500000000006,2964.0300000000007,2185
2026-07-29T07:30:00+00:00,2964.0300000000007,2965.8000000000006,2963.3800000000006,2965.1400000000003,1677
2026-07-29T07:45:00+00:00,2965.1400000000003,2965.9900000000007,2963.2300000000005,2964.9400000000005,1461
2026-07-29T08:00:00+00:00,2964.9400000000005,2966.2400000000007,2962.7800000000007,2962.8800000000006,2353
2026-07-29T08:15:00+00:00,2962.8800000000006,2963.8000000000006,2959.3000000000006,2960.5000000000005,2072
2026-07-29T08:30:00+00:00,2960.5000000000005,2967.1900000000005,2960.0300000000007,2967.0000000000005,1887
2026-07-29T08:45:00+00:00,2967.0000000000005,2968.1900000000005,2965.6400000000003,2967.0000000000005,1402
2026-07-29T09:00:00+00:00,2967.0000000000005,2967.4400000000005,2965.8300000000004,2966.8000000000006,1448
2026-07-29T09:15:00+00:00,2966.8000000000006,2966.9300000000003,2964.8300000000004,2965.1400000000003,1409
2026-07-29T09:30:00+00:00,2965.1400000000003,2967.2500000000005,2964.1400000000003,2966.7000000000003,1276
2026-07-29T09:45:00+00:00,2966.7000000000003,2970.76,2966.7000000000003,2967.96,1563
2026-07-29T10:00:00+00:00,2967.96,2969.1600000000003,2965.76,2967.19,1845
2026-07-29T10:15:00+00:00,2967.19,2967.84,2966.04,2967.6000000000004,1455
2026-07-29T10:30:00+00:00,2967.6000000000004,2968.4100000000003,2964.06,2965.81,1610
2026-07-29T10:45:00+00:00,2965.81,2965.94,2962.09,2962.7400000000002,1535
2026-07-29T11:00:00+00:00,2962.7400000000002,2966.61,2961.84,2965.9900000000002,1609
2026-07-29T11:15:00+00:00,2965.9900000000002,2966.8,2964.71,2965.55,1633
2026-07-29T11:30:00+00:00,2965.55,2965.76,2963.4100000000003,2964.11,1263
2026-07-29T11:45:00+00:00,2964.11,2967.15,2963.2400000000002,2965.84,1436
2026-07-29T12:00:00+00:00,2965.84,2966.3,2960.76,2961.3500000000004,1576
2026-07-29T12:15:00+00:00,2961.3500000000004,2961.8,2951.9,2953.26,4415
2026-07-29T12:30:00+00:00,2953.26,2955.79,2951.6000000000004,2955.6400000000003,2502
2026-07-29T12:45:00+00:00,2955.6400000000003,2955.86,2953.7400000000002,2954.2400000000002,1664
2026-07-29T13:00:00+00:00,2954.2400000000002,2954.71,2950.4900000000002,2951.1000000000004,2307
2026-07-29T13:15:00+00:00,2951.1000000000004,2953.9100000000003,2949.59,2950.55,2467
2026-07-29T13:30:00+00:00,2950.55,2960.11,2947.3,2952.55,16402
2026-07-29T13:45:00+00:00,2952.55,2958.96,2939.8,2942.96,10372
2026-07-29T14:00:00+00:00,2942.96,2951.69,2927.21,2928.3,13798
2026-07-29T14:15:00+00:00,2928.3,2934.2000000000003,2920.3,2922.54,15360
2026-07-29T14:30:00+00:00,2922.54,2928.26,2916.6400000000003,2918.6600000000003,12447
2026-07-29T14:45:00+00:00,2918.6600000000003,2926.2000000000003,2915.4,2922.4900000000002,10918
2026-07-29T15:00:00+00:00,2922.4900000000002,2927.46,2919.3500000000004,2920.15,10376
2026-07-29T15:15:00+00:00,2920.15,2924.21,2917.55,2918.4500000000003,9305
2026-07-29T15:30:00+00:00,2918.4500000000003,2921.1400000000003,2915.1000000000004,2916.9,8668
2026-07-29T15:45:00+00:00,2916.9,2920.1600000000003,2913.59,2917.59,8135
2026-07-29T16:00:00+00:00,2917.59,2919.3,2908.9900000000002,2909.06,6351
2026-07-29T16:15:00+00:00,2909.06,2916.01,2908.2000000000003,2915.2400000000002,7347
2026-07-29T16:30:00+00:00,2915.2400000000002,2917.54,2909.36,2910.4,7376
2026-07-29T16:45:00+00:00,2910.4,2916.65,2909.34,2916.65,7683
2026-07-29T17:00:00+00:00,2916.65,2923.11,2916.65,2921.8900000000003,7479
2026-07-29T17:15:00+00:00,2921.8900000000003,2926.61,2919.69,2919.69,6841
2026-07-29T17:30:00+00:00,2919.69,2924.6000000000004,2918.79,2920.25,7017
2026-07-29T17:45:00+00:00,2920.25,2926.76,2919.3500000000004,2925.9900000000002,5341
2026-07-29T18:00:00+00:00,2925.9900000000002,2954.6400000000003,2925.9900000000002,2934.4500000000003,17276
2026-07-29T18:15:00+00:00,2934.4500000000003,2938.76,2925.15,2931.19,12277
2026-07-29T18:30:00+00:00,2931.19,2950.7000000000003,2922.59,2947.8,17370
2026-07-29T18:45:00+00:00,2947.8,2959.84,2946.7000000000003,2956.9100000000003,15155
2026-07-29T19:00:00+00:00,2956.9100000000003,2961.3900000000003,2938.31,2947.34,16777
2026-07-29T19:15:00+00:00,2947.34,2951.56,2924.65,2930.6000000000004,15332
2026-07-29T19:30:00+00:00,2930.6000000000004,2934.1000000000004,2910.1400000000003,2912.51,15129
2026-07-29T19:45:00+00:00,2912.51,2914.7000000000003,2906.4900000000002,2910.25,11604
2026-07-29T20:00:00+00:00,2910.25,2911.04,2898.1600000000003,2903.6600000000003,8178
2026-07-29T20:15:00+00:00,2903.6600000000003,2903.71,2898.1600000000003,2899.8900000000003,3149
2026-07-29T20:30:00+00:00,2899.8900000000003,2904.31,2897.26,2901.9,2355
2026-07-29T20:45:00+00:00,2901.9,2903.31,2897.6400000000003,2897.6400000000003,2190
2026-07-29T22:00:00+00:00,2897.6400000000003,2908.32,2897.6400000000003,2907.8700000000003,2549
2026-07-29T22:15:00+00:00,2907.8700000000003,2910.65,2907.7200000000003,2909.36,1579
2026-07-29T22:30:00+00:00,2909.36,2909.77,2907.9100000000003,2908.57,896
2026-07-29T22:45:00+00:00,2908.57,2910.2200000000003,2908.32,2908.96,682
2026-07-29T23:00:00+00:00,2908.96,2912.8700000000003,2908.8700000000003,2910.11,1153
2026-07-29T23:15:00+00:00,2910.11,2914.3500000000004,2909.4500000000003,2913.4700000000003,1032
2026-07-29T23:30:00+00:00,2913.4700000000003,2916.51,2913.4100000000003,2914.9,1233
2026-07-29T23:45:00+00:00,2914.9,2916.51,2913.4700000000003,2914.9100000000003,3415
2026-07-30T00:00:00+00:00,2914.9100000000003,2921.4000000000005,2911.9500000000003,2920.2000000000003,4632
2026-07-30T00:15:00+00:00,2920.2000000000003,2920.9200000000005,2917.9000000000005,2919.0600000000004,4462
2026-07-30T00:30:00+00:00,2919.0600000000004,2919.3600000000006,2912.4500000000003,2913.5000000000005,3059
2026-07-30T00:45:00+00:00,2913.5000000000005,2916.26,2912.8600000000006,2915.8600000000006,3404
2026-07-30T01:00:00+00:00,2915.8600000000006,2921.4600000000005,2915.7200000000003,2916.01,3378
2026-07-30T01:15:00+00:00,2916.01,2920.9600000000005,2915.4600000000005,2920.3100000000004,3051
2026-07-30T01:30:00+00:00,2920.3100000000004,2924.4500000000003,2920.3000000000006,2924.1600000000003,1925
2026-07-30T01:45:00+00:00,2924.1600000000003,2924.4700000000003,2922.4000000000005,2922.7100000000005,2040
2026-07-30T02:00:00+00:00,2922.7100000000005,2924.3200000000006,2920.9500000000003,2921.2200000000003,1903
2026-07-30T02:15:00+00:00,2921.2200000000003,2921.9000000000005,2919.6100000000006,2920.1600000000003,1694
2026-07-30T02:30:00+00:00,2920.1600000000003,2920.9200000000005,2918.2000000000003,2920.7700000000004,1412
2026-07-30T02:45:00+00:00,2920.7700000000004,2921.7100000000005,2916.9600000000005,2916.9600000000005,1794
2026-07-30T03:00:00+00:00,2916.9600000000005,2919.6200000000003,2914.3100000000004,2915.01,1854
2026-07-30T03:15:00+00:00,2915.01,2915.3700000000003,2913.3700000000003,2914.76,2395
2026-07-30T03:30:00+00:00,2914.76,2916.8700000000003,2912.5600000000004,2915.5500000000006,3238
2026-07-30T03:45:00+00:00,2915.5500000000006,2917.3600000000006,2914.5200000000004,2915.0700000000006,2181
2026-07-30T04:00:00+00:00,2915.0700000000006,2915.5700000000006,2912.6200000000003,2912.6200000000003,2280
2026-07-30T04:15:00+00:00,2912.6200000000003,2915.9100000000003,2912.0000000000005,2915.4600000000005,2103
2026-07-30T04:30:00+00:00,2915.4600000000005,2915.9600000000005,2910.9000000000005,2911.1100000000006,2188
2026-07-30T04:45:00+00:00,2911.1100000000006,2913.6500000000005,2908.8000000000006,2909.26,2342
2026-07-30T05:00:00+00:00,2909.26,2909.6200000000003,2906.7000000000003,2908.3500000000004,2332
2026-07-30T05:15:00+00:00,2908.3500000000004,2912.1200000000003,2908.26,2910.9600000000005,2834
2026-07-30T05:30:00+00:00,2910.9600000000005,2914.0200000000004,2909.9000000000005,2913.7100000000005,3457
2026-07-30T05:45:00+00:00,2913.7100000000005,2916.5000000000005,2909.7500000000005,2911.5000000000005,2580
2026-07-30T06:00:00+00:00,2911.5000000000005,2912.5200000000004,2908.4200000000005,2908.5000000000005,3060
2026-07-30T06:15:00+00:00,2908.5000000000005,2910.3600000000006,2906.6000000000004,2908.1200000000003,2357
2026-07-30T06:30:00+00:00,2908.1200000000003,2908.5700000000006,2906.5000000000005,2906.6500000000005,2048
2026-07-30T06:45:00+00:00,2906.6500000000005,2909.9700000000003,2906.5000000000005,2909.9700000000003,1873
2026-07-30T07:00:00+00:00,2909.9700000000003,2920.1700000000005,2908.8700000000003,2917.3100000000004,5770
2026-07-30T07:15:00+00:00,2917.3100000000004,2917.9100000000003,2911.5600000000004,2913.6100000000006,3685
2026-07-30T07:30:00+00:00,2913.6100000000006,2913.8200000000006,2906.6500000000005,2913.0000000000005,3308
2026-07-30T07:45:00+00:00,2913.0000000000005,2915.2500000000005,2911.3100000000004,2911.5200000000004,2543
2026-07-30T08:00:00+00:00,2911.5200000000004,2917.0600000000004,2907.0200000000004,2915.6700000000005,3920
2026-07-30T08:15:00+00:00,2915.6700000000005,2919.8400000000006,2914.4300000000003,2918.8800000000006,3084
2026-07-30T08:30:00+00:00,2918.8800000000006,2921.5700000000006,2918.3300000000004,2918.6700000000005,2356
2026-07-30T08:45:00+00:00,2918.6700000000005,2919.9400000000005,2914.8300000000004,2917.1300000000006,1739
2026-07-30T09:00:00+00:00,2917.1300000000006,2921.9700000000003,2915.7700000000004,2919.8400000000006,2206
2026-07-30T09:15:00+00:00,2919.8400000000006,2922.2200000000003,2918.6200000000003,2920.6400000000003,2453
2026-07-30T09:30:00+00:00,2920.6400000000003,2923.1400000000003,2919.3200000000006,2920.3300000000004,1879
2026-07-30T09:45:00+00:00,2920.3300000000004,2920.9800000000005,2914.9300000000003,2915.1200000000003,1538
2026-07-30T10:00:00+00:00,2915.1200000000003,2918.78,2914.3200000000006,2916.3700000000003,2024
2026-07-30T10:15:00+00:00,2916.3700000000003,2922.28,2916.2900000000004,2921.4900000000002,2226
2026-07-30T10:30:00+00:00,2921.4900000000002,2925.8900000000003,2920.5900000000006,2923.4400000000005,2136
2026-07-30T10:45:00+00:00,2923.4400000000005,2925.5900000000006,2921.9800000000005,2922.7700000000004,2076
2026-07-30T11:00:00+00:00,2922.7700000000004,2924.6800000000003,2922.1200000000003,2923.1700000000005,1904
2026-07-30T11:15:00+00:00,2923.1700000000005,2925.7700000000004,2922.6700000000005,2925.1200000000003,1693
2026-07-30T11:30:00+00:00,2925.1200000000003,2925.8800000000006,2922.2700000000004,2924.1200000000003,1808
2026-07-30T11:45:00+00:00,2924.1200000000003,2929.4300000000003,2924.0700000000006,2928.4900000000002,1944
2026-07-30T12:00:00+00:00,2928.4900000000002,2931.2400000000002,2927.1400000000003,2930.7900000000004,1936
2026-07-30T12:15:00+00:00,2930.7900000000004,2932.3200000000006,2927.0200000000004,2928.0800000000004,1555
2026-07-30T12:30:00+00:00,2928.0800000000004,2933.1900000000005,2925.5700000000006,2927.4800000000005,4157
2026-07-30T12:45:00+00:00,2927.4800000000005,2929.1900000000005,2925.7700000000004,2928.5900000000006,2943
2026-07-30T13:00:00+00:00,2928.5900000000006,2933.6800000000003,2928.5800000000004,2930.9200000000005,3364
2026-07-30T13:15:00+00:00,2930.9200000000005,2936.7200000000003,2929.2700000000004,2935.8300000000004,3380
2026-07-30T13:30:00+00:00,2935.8300000000004,2941.3800000000006,2922.2300000000005,2929.4200000000005,16748
2026-07-30T13:45:00+00:00,2929.4200000000005,2939.4300000000003,2928.3300000000004,2936.1800000000003,13586
2026-07-30T14:00:00+00:00,2936.1800000000003,2937.5400000000004,2920.9300000000003,2921.7200000000003,14565
2026-07-30T14:15:00+00:00,2921.7200000000003,2934.8200000000006,2918.4800000000005,2932.1300000000006,13952
2026-07-30T14:30:00+00:00,2932.1300000000006,2936.4400000000005,2929.3200000000006,2930.1800000000003,11945
2026-07-30T14:45:00+00:00,2930.1800000000003,2930.5700000000006,2915.4700000000003,2919.3900000000003,13071
2026-07-30T15:00:00+00:00,2919.3900000000003,2925.3200000000006,2914.28,2914.4200000000005,12507
2026-07-30T15:15:00+00:00,2914.4200000000005,2925.5400000000004,2913.8300000000004,2920.9400000000005,12063
2026-07-30T15:30:00+00:00,2920.9400000000005,2929.3700000000003,2920.4700000000003,2927.4400000000005,11592
2026-07-30T15:45:00+00:00,2927.4400000000005,2933.1400000000003,2927.3200000000006,2930.9900000000002,9088
2026-07-30T16:00:00+00:00,2930.9900000000002,2934.0400000000004,2929.2300000000005,2932.7900000000004,7336
2026-07-30T16:15:00+00:00,2932.7900000000004,2936.3900000000003,2932.4300000000003,2935.2200000000003,5998
2026-07-30T16:30:00+00:00,2935.2200000000003,2936.7900000000004,2930.4200000000005,2931.0700000000006,7285
2026-07-30T16:45:00+00:00,2931.0700000000006,2937.8400000000006,2931.0200000000004,2936.7900000000004,5725
2026-07-30T17:00:00+00:00,2936.7900000000004,2940.6900000000005,2935.9200000000005,2936.0400000000004,5701
2026-07-30T17:15:00+00:00,2936.0400000000004,2939.1400000000003,2935.9300000000003,2937.5900000000006,4190
2026-07-30T17:30:00+00:00,2937.5900000000006,2938.6900000000005,2933.6200000000003,2936.4800000000005,5676
2026-07-30T17:45:00+00:00,2936.4800000000005,2939.1900000000005,2936.3200000000006,2938.2400000000002,4115
2026-07-30T18:00:00+00:00,2938.2400000000002,2940.0900000000006,2936.8800000000006,2938.78,4230
2026-07-30T18:15:00+00:00,2938.78,2941.0400000000004,2937.78,2940.9400000000005,3548
2026-07-30T18:30:00+00:00,2940.9400000000005,2942.0900000000006,2939.4700000000003,2941.4300000000003,3980
2026-07-30T18:45:00+00:00,2941.4300000000003,2942.8700000000003,2940.0400000000004,2942.5200000000004,3140
2026-07-30T19:00:00+00:00,2942.5200000000004,2948.1400000000003,2942.4400000000005,2946.5900000000006,4335
2026-07-30T19:15:00+00:00,2946.5900000000006,2948.6300000000006,2945.3800000000006,2945.53,4181
2026-07-30T19:30:00+00:00,2945.53,2949.2900000000004,2945.4200000000005,2948.7300000000005,4711
2026-07-30T19:45:00+00:00,2948.7300000000005,2952.9900000000002,2948.3200000000006,2949.7700000000004,7179
2026-07-30T20:00:00+00:00,2949.7700000000004,2952.5800000000004,2949.1400000000003,2950.6700000000005,3468
2026-07-30T20:15:00+00:00,2950.6700000000005,2950.8900000000003,2948.8200000000006,2949.28,1386
2026-07-30T20:30:00+00:00,2949.28,2952.7300000000005,2947.8800000000006,2952.6900000000005,2086
2026-07-30T20:45:00+00:00,2952.6900000000005,2953.6300000000006,2949.8200000000006,2950.8200000000006,1725
2026-07-30T22:00:00+00:00,2950.8200000000006,2955.1700000000005,2948.7000000000003,2952.5500000000006,1505
2026-07-30T22:15:00+00:00,2952.5500000000006,2954.4700000000003,2951.4100000000003,2952.5200000000004,978
2026-07-30T22:30:00+00:00,2952.5200000000004,2955.3200000000006,2952.26,2955.3200000000006,744
2026-07-30T22:45:00+00:00,2955.3200000000006,2956.4000000000005,2955.1700000000005,2956.1000000000004,389
2026-07-30T23:00:00+00:00,2956.1000000000004,2957.6100000000006,2955.3100000000004,2955.7000000000003,575
2026-07-30T23:15:00+00:00,2955.7000000000003,2955.8600000000006,2954.9000000000005,2955.4500000000003,378
2026-07-30T23:30:00+00:00,2955.4500000000003,2957.5700000000006,2955.2100000000005,2957.4600000000005,585
2026-07-30T23:45:00+00:00,2957.4600000000005,2957.9100000000003,2955.3500000000004,2955.5700000000006,1302
2026-07-31T00:00:00+00:00,2955.5700000000006,2959.0500000000006,2954.2000000000003,2958.7700000000004,2613
2026-07-31T00:15:00+00:00,2958.7700000000004,2960.0500000000006,2958.01,2959.26,1558
2026-07-31T00:30:00+00:00,2959.26,2961.2500000000005,2959.1500000000005,2961.1600000000003,997
2026-07-31T00:45:00+00:00,2961.1600000000003,2961.3100000000004,2958.6200000000003,2960.4600000000005,1082
2026-07-31T01:00:00+00:00,2960.4600000000005,2963.5700000000006,2960.4600000000005,2962.3500000000004,1441
2026-07-31T01:15:00+00:00,2962.3500000000004,2964.1100000000006,2962.3000000000006,2963.2500000000005,894
2026-07-31T01:30:00+00:00,2963.2500000000005,2963.5200000000004,2960.5600000000004,2960.7100000000005,1431
2026-07-31T01:45:00+00:00,2960.7100000000005,2961.2100000000005,2959.0000000000005,2960.8000000000006,1140
2026-07-31T02:00:00+00:00,2960.8000000000006,2961.8200000000006,2959.9000000000005,2960.5200000000004,1344
2026-07-31T02:15:00+00:00,2960.5200000000004,2960.8200000000006,2959.3700000000003,2960.01,875
2026-07-31T02:30:00+00:00,2960.01,2960.4200000000005,2958.2100000000005,2960.26,775
2026-07-31T02:45:00+00:00,2960.26,2960.9200000000005,2958.7000000000003,2959.7700000000004,830
2026-07-31T03:00:00+00:00,2959.7700000000004,2960.1100000000006,2957.4700000000003,2958.51,1087
2026-07-31T03:15:00+00:00,2958.51,2960.9200000000005,2958.2100000000005,2960.3200000000006,1156
2026-07-31T03:30:00+00:00,2960.3200000000006,2961.5700000000006,2960.1600000000003,2961.1100000000006,1413
2026-07-31T03:45:00+00:00,2961.1100000000006,2961.6200000000003,2959.26,2961.4100000000003,1110
2026-07-31T04:00:00+00:00,2961.4100000000003,2961.6700000000005,2959.26,2961.3000000000006,1034
2026-07-31T04:15:00+00:00,2961.3000000000006,2963.1700000000005,2960.8000000000006,2963.1000000000004,791
2026-07-31T04:30:00+00:00,2963.1000000000004,2965.2200000000003,2962.6000000000004,2965.1200000000003,685
2026-07-31T04:45:00+00:00,2965.1200000000003,2965.7700000000004,2964.3700000000003,2965.5600000000004,510
2026-07-31T05:00:00+00:00,2965.5600000000004,2965.8200000000006,2963.7000000000003,2963.9100000000003,515
2026-07-31T05:15:00+00:00,2963.9100000000003,2965.4000000000005,2963.3000000000006,2965.1100000000006,324
2026-07-31T05:30:00+00:00,2965.1100000000006,2966.1700000000005,2963.8700000000003,2964.4200000000005,708
2026-07-31T05:45:00+00:00,2964.4200000000005,2965.8100000000004,2963.8500000000004,2964.6600000000003,507
2026-07-31T06:00:00+00:00,2964.6600000000003,2966.1600000000003,2964.0000000000005,2965.8500000000004,872
2026-07-31T06:15:00+00:00,2965.8500000000004,2966.1200000000003,2964.5500000000006,2965.5200000000004,712
2026-07-31T06:30:00+00:00,2965.5200000000004,2965.6600000000003,2961.4000000000005,2961.8100000000004,1698
2026-07-31T06:45:00+00:00,2961.8100000000004,2962.5600000000004,2959.76,2961.7000000000003,1451
2026-07-31T07:00:00+00:00,2961.7000000000003,2968.3000000000006,2961.0600000000004,2966.8500000000004,2254
2026-07-31T07:15:00+00:00,2966.8500000000004,2969.7700000000004,2964.3100000000004,2968.5000000000005,2287
2026-07-31T07:30:00+00:00,2968.5000000000005,2969.3700000000003,2967.8500000000004,2969.2200000000003,1884
2026-07-31T07:45:00+00:00,2969.2200000000003,2969.4700000000003,2965.51,2967.4200000000005,1474
2026-07-31T08:00:00+00:00,2967.4200000000005,2968.3700000000003,2966.2000000000003,2968.3700000000003,2184
2026-07-31T08:15:00+00:00,2968.3700000000003,2970.2000000000003,2967.7200000000003,2967.7200000000003,1559
2026-07-31T08:30:00+00:00,2967.7200000000003,2967.7200000000003,2965.4000000000005,2965.8600000000006,1264
2026-07-31T08:45:00+00:00,2965.8600000000006,2967.0600000000004,2965.2100000000005,2965.6200000000003,1345
2026-07-31T09:00:00+00:00,2965.6200000000003,2971.8500000000004,2965.0000000000005,2969.8600000000006,1483
2026-07-31T09:15:00+00:00,2969.8600000000006,2970.9200000000005,2967.9700000000003,2968.01,874
2026-07-31T09:30:00+00:00,2968.01,2968.3700000000003,2964.7000000000003,2965.3100000000004,1223
2026-07-31T09:45:00+00:00,2965.3100000000004,2966.6200000000003,2963.4500000000003,2963.8100000000004,1115
2026-07-31T10:00:00+00:00,2963.8100000000004,2965.01,2962.5500000000006,2964.5200000000004,1398
2026-07-31T10:15:00+00:00,2964.5200000000004,2967.01,2964.1000000000004,2965.2100000000005,889
2026-07-31T10:30:00+00:00,2965.2100000000005,2966.2500000000005,2963.7500000000005,2965.1700000000005,965
2026-07-31T10:45:00+00:00,2965.1700000000005,2967.2100000000005,2964.2200000000003,2967.1100000000006,965
2026-07-31T11:00:00+00:00,2967.1100000000006,2969.3100000000004,2966.2100000000005,2968.7200000000003,1176
2026-07-31T11:15:00+00:00,2968.7200000000003,2968.9700000000003,2962.2500000000005,2962.4200000000005,2501
2026-07-31T11:30:00+00:00,2962.4200000000005,2962.7200000000003,2959.0600000000004,2959.4500000000003,1976
2026-07-31T11:45:00+00:00,2959.4500000000003,2963.2700000000004,2958.9500000000003,2962.3600000000006,1498
2026-07-31T12:00:00+00:00,2962.3600000000006,2962.5200000000004,2959.3200000000006,2960.2200000000003,1549
2026-07-31T12:15:00+00:00,2960.2200000000003,2962.5200000000004,2959.7700000000004,2961.0600000000004,1418
2026-07-31T12:30:00+00:00,2961.0600000000004,2961.0600000000004,2955.4500000000003,2957.51,2118
2026-07-31T12:45:00+00:00,2957.51,2958.9200000000005,2956.01,2956.2000000000003,1954
2026-07-31T13:00:00+00:00,2956.2000000000003,2959.2200000000003,2955.8600000000006,2958.2100000000005,2012
2026-07-31T13:15:00+00:00,2958.2100000000005,2961.51,2958.0700000000006,2959.3700000000003,2910
2026-07-31T13:30:00+00:00,2959.3700000000003,2963.3000000000006,2947.51,2949.6200000000003,15270
2026-07-31T13:45:00+00:00,2949.6200000000003,2951.8200000000006,2923.0500000000006,2923.3000000000006,17885
2026-07-31T14:00:00+00:00,2923.3000000000006,2925.1600000000003,2901.0600000000004,2903.8700000000003,17822
2026-07-31T14:15:00+00:00,2903.8700000000003,2920.9000000000005,2901.8600000000006,2920.76,18295
2026-07-31T14:30:00+00:00,2920.76,2924.9200000000005,2918.3200000000006,2921.3600000000006,14798
2026-07-31T14:45:00+00:00,2921.3600000000006,2929.8700000000003,2919.6600000000003,2927.8200000000006,12233
2026-07-31T15:00:00+00:00,2927.8200000000006,2932.01,2922.8100000000004,2927.1000000000004,13432
2026-07-31T15:15:00+00:00,2927.1000000000004,2931.8200000000006,2916.3600000000006,2919.6100000000006,11322
2026-07-31T15:30:00+00:00,2919.6100000000006,2925.8100000000004,2916.01,2921.6500000000005,12281
2026-07-31T15:45:00+00:00,2921.6500000000005,2928.76,2918.9700000000003,2927.9000000000005,10782
2026-07-31T16:00:00+00:00,2927.9000000000005,2929.6200000000003,2922.1700000000005,2923.9700000000003,9183
2026-07-31T16:15:00+00:00,2923.9700000000003,2928.6500000000005,2920.1100000000006,2928.6500000000005,7931
2026-07-31T16:30:00+00:00,2928.6500000000005,2933.6500000000005,2928.5200000000004,2930.0500000000006,8403
2026-07-31T16:45:00+00:00,2930.0500000000006,2934.9600000000005,2929.2000000000003,2933.5500000000006,6565
2026-07-31T17:00:00+00:00,2933.5500000000006,2935.7700000000004,2931.3200000000006,2935.4500000000003,6055
2026-07-31T17:15:00+00:00,2935.4500000000003,2941.8200000000006,2934.5700000000006,2940.76,5465
2026-07-31T17:30:00+00:00,2940.76,2940.9200000000005,2936.7200000000003,2938.1000000000004,5799
2026-07-31T17:45:00+00:00,2938.1000000000004,2940.5200000000004,2935.4500000000003,2938.5600000000004,6136
2026-07-31T18:00:00+00:00,2938.5600000000004,2941.0700000000006,2935.7500000000005,2936.0000000000005,6269
2026-07-31T18:15:00+00:00,2936.0000000000005,2940.8600000000006,2935.7700000000004,2938.8000000000006,4687
2026-07-31T18:30:00+00:00,2938.8000000000006,2941.0600000000004,2938.0000000000005,2939.76,3747
2026-07-31T18:45:00+00:00,2939.76,2941.01,2936.8000000000006,2938.3600000000006,3786
2026-07-31T19:00:00+00:00,2938.3600000000006,2941.0500000000006,2936.5500000000006,2938.2100000000005,4547
2026-07-31T19:15:00+00:00,2938.2100000000005,2941.8700000000003,2937.2500000000005,2939.9000000000005,5439
2026-07-31T19:30:00+00:00,2939.9000000000005,2940.26,2935.4500000000003,2938.6700000000005,5886
2026-07-31T19:45:00+00:00,2938.6700000000005,2941.2100000000005,2932.5000000000005,2934.8200000000006,8417
2026-07-31T20:00:00+00:00,2934.8200000000006,2936.5600000000004,2930.5500000000006,2933.4100000000003,3890
2026-07-31T20:15:00+00:00,2933.4100000000003,2933.5600000000004,2931.6500000000005,2932.4000000000005,967
2026-07-31T20:30:00+00:00,2932.4000000000005,2933.3700000000003,2931.8500000000004,2932.3000000000006,641
2026-08-02T22:00:00+00:00,2932.3000000000006,2956.7700000000004,2932.3000000000006,2951.1700000000005,1567
2026-08-02T22:15:00+00:00,2951.1700000000005,2952.4300000000003,2948.6100000000006,2951.4800000000005,1241
2026-08-02T22:30:00+00:00,2951.4800000000005,2951.9800000000005,2949.3600000000006,2949.6800000000003,664
2026-08-02T22:45:00+00:00,2949.6800000000003,2949.6800000000003,2946.7200000000003,2947.3800000000006,450
2026-08-02T23:00:00+00:00,2947.3800000000006,2949.6200000000003,2947.3100000000004,2948.2300000000005,640
2026-08-02T23:15:00+00:00,2948.2300000000005,2950.3200000000006,2948.1800000000003,2949.8800000000006,405
2026-08-02T23:30:00+00:00,2949.8800000000006,2951.0700000000006,2948.3300000000004,2949.6800000000003,545
2026-08-02T23:45:00+00:00,2949.6800000000003,2952.6300000000006,2947.8600000000006,2949.9100000000003,1984
2026-08-03T00:00:00+00:00,2949.9100000000003,2950.4600000000005,2946.1200000000003,2949.6600000000003,2561
2026-08-03T00:15:00+00:00,2949.6600000000003,2951.1500000000005,2944.9600000000005,2945.7500000000005,1948
2026-08-03T00:30:00+00:00,2945.7500000000005,2948.5600000000004,2945.1100000000006,2946.0200000000004,1872
2026-08-03T00:45:00+00:00,2946.0200000000004,2948.1700000000005,2945.1000000000004,2947.8600000000006,1421
2026-08-03T01:00:00+00:00,2947.8600000000006,2950.6200000000003,2946.6000000000004,2946.9700000000003,1701
2026-08-03T01:15:00+00:00,2946.9700000000003,2948.6600000000003,2945.3500000000004,2948.2500000000005,1256
2026-08-03T01:30:00+00:00,2948.2500000000005,2949.8100000000004,2947.3000000000006,2949.4500000000003,861
2026-08-03T01:45:00+00:00,2949.4500000000003,2950.9100000000003,2948.7000000000003,2950.5000000000005,732
2026-08-03T02:00:00+00:00,2950.5000000000005,2951.9200000000005,2949.8600000000006,2951.5700000000006,611
2026-08-03T02:15:00+00:00,2951.5700000000006,2953.3600000000006,2949.8100000000004,2949.9200000000005,529
2026-08-03T02:30:00+00:00,2949.9200000000005,2951.8500000000004,2949.6500000000005,2951.1100000000006,747
2026-08-03T02:45:00+00:00,2951.1100000000006,2952.5200000000004,2951.1100000000006,2952.2500000000005,371
2026-08-03T03:00:00+00:00,2952.2500000000005,2952.7000000000003,2951.6600000000003,2952.1700000000005,420
2026-08-03T03:15:00+00:00,2952.1700000000005,2952.2200000000003,2948.5200000000004,2949.4700000000003,472
2026-08-03T03:30:00+00:00,2949.4700000000003,2952.7100000000005,2949.4000000000005,2952.7000000000003,850
2026-08-03T03:45:00+00:00,2952.7000000000003,2954.2600000000007,2951.9500000000003,2952.1600000000003,574
2026-08-03T04:00:00+00:00,2952.1600000000003,2954.0700000000006,2951.8200000000006,2953.8600000000006,346
2026-08-03T04:15:00+00:00,2953.8600000000006,2956.6200000000003,2953.8000000000006,2956.4100000000003,268
2026-08-03T04:30:00+00:00,2956.4100000000003,2957.2600000000007,2955.5100000000007,2957.1500000000005,345
2026-08-03T04:45:00+00:00,2957.1500000000005,2958.2200000000003,2956.2500000000005,2956.2500000000005,283
2026-08-03T05:00:00+00:00,2956.2500000000005,2958.1700000000005,2955.8500000000004,2956.4100000000003,436
2026-08-03T05:15:00+00:00,2956.4100000000003,2958.2200000000003,2955.5600000000004,2956.7500000000005,438
2026-08-03T05:30:00+00:00,2956.7500000000005,2957.1200000000003,2956.0700000000006,2956.4100000000003,449
2026-08-03T05:45:00+00:00,2956.4100000000003,2956.7500000000005,2955.0600000000004,2955.7100000000005,297
2026-08-03T06:00:00+00:00,2955.7100000000005,2957.3000000000006,2955.1000000000004,2955.4200000000005,825
2026-08-03T06:15:00+00:00,2955.4200000000005,2955.6000000000004,2952.6600000000003,2953.7200000000003,647
2026-08-03T06:30:00+00:00,2953.7200000000003,2956.0500000000006,2953.0500000000006,2953.4600000000005,541
2026-08-03T06:45:00+00:00,2953.4600000000005,2954.3700000000003,2952.6500000000005,2952.8700000000003,668
2026-08-03T07:00:00+00:00,2952.8700000000003,2954.1500000000005,2950.2100000000005,2953.2600000000007,1462
2026-08-03T07:15:00+00:00,2953.2600000000007,2954.2700000000004,2949.0500000000006,2953.4500000000003,2317
2026-08-03T07:30:00+00:00,2953.4500000000003,2955.7700000000004,2951.6000000000004,2951.9700000000003,1252
2026-08-03T07:45:00+00:00,2951.9700000000003,2956.8500000000004,2951.7500000000005,2956.7000000000003,1073
2026-08-03T08:00:00+00:00,2956.7000000000003,2956.8000000000006,2953.8700000000003,2956.8000000000006,1609
2026-08-03T08:15:00+00:00,2956.8000000000006,2956.8000000000006,2950.1500000000005,2951.3600000000006,1388
2026-08-03T08:30:00+00:00,2951.3600000000006,2955.8200000000006,2950.2500000000005,2954.5600000000004,1524
2026-08-03T08:45:00+00:00,2954.5600000000004,2955.5500000000006,2952.9100000000003,2955.5500000000006,1150
2026-08-03T09:00:00+00:00,2955.5500000000006,2956.3700000000003,2951.0700000000006,2952.6500000000005,1020
2026-08-03T09:15:00+00:00,2952.6500000000005,2953.9000000000005,2952.0500000000006,2952.6200000000003,814
2026-08-03T09:30:00+00:00,2952.6200000000003,2956.7600000000007,2952.3600000000006,2955.2100000000005,1287
2026-08-03T09:45:00+00:00,2955.2100000000005,2956.4100000000003,2953.0200000000004,2953.9500000000003,842
2026-08-03T10:00:00+00:00,2953.9500000000003,2955.3100000000004,2953.3000000000006,2954.0600000000004,890
2026-08-03T10:15:00+00:00,2954.0600000000004,2955.1600000000003,2953.1000000000004,2954.4100000000003,1059
2026-08-03T10:30:00+00:00,2954.4100000000003,2957.8600000000006,2954.1200000000003,2957.8500000000004,770
2026-08-03T10:45:00+00:00,2957.8500000000004,2959.0200000000004,2956.6200000000003,2957.3700000000003,663
2026-08-03T11:00:00+00:00,2957.3700000000003,2957.4500000000003,2955.2600000000007,2956.8000000000006,1350
2026-08-03T11:15:00+00:00,2956.8000000000006,2958.8700000000003,2956.3200000000006,2956.7700000000004,992
2026-08-03T11:30:00+00:00,2956.7700000000004,2960.5000000000005,2956.6100000000006,2958.2600000000007,1188
2026-08-03T11:45:00+00:00,2958.2600000000007,2958.4700000000003,2953.5700000000006,2954.7600000000007,1097
2026-08-03T12:00:00+00:00,2954.7600000000007,2955.2600000000007,2952.1100000000006,2953.7700000000004,1070
2026-08-03T12:15:00+00:00,2953.7700000000004,2956.0700000000006,2952.8500000000004,2955.7000000000003,1124
2026-08-03T12:30:00+00:00,2955.7000000000003,2965.2000000000003,2955.7000000000003,2962.5500000000006,1103
2026-08-03T12:45:00+00:00,2962.5500000000006,2964.4200000000005,2962.2700000000004,2963.8700000000003,959
2026-08-03T13:00:00+00:00,2963.8700000000003,2965.8700000000003,2962.9500000000003,2963.8600000000006,1502
2026-08-03T13:15:00+00:00,2963.8600000000006,2966.7100000000005,2953.3000000000006,2953.3000000000006,2559
2026-08-03T13:30:00+00:00,2953.3000000000006,2965.6200000000003,2948.2100000000005,2959.3000000000006,13646
2026-08-03T13:45:00+00:00,2959.3000000000006,2973.2700000000004,2958.9100000000003,2971.6200000000003,8669
2026-08-03T14:00:00+00:00,2971.6200000000003,2979.2200000000003,2970.5100000000007,2978.4100000000003,8903
2026-08-03T14:15:00+00:00,2978.4100000000003,2982.5200000000004,2975.9500000000003,2980.4700000000003,7781
2026-08-03T14:30:00+00:00,2980.4700000000003,2983.0200000000004,2978.4200000000005,2979.6000000000004,6693
2026-08-03T14:45:00+00:00,2979.6000000000004,2985.3100000000004,2976.8600000000006,2983.4100000000003,5893
2026-08-03T15:00:00+00:00,2983.4100000000003,2984.4100000000003,2978.3100000000004,2980.6500000000005,5990
2026-08-03T15:15:00+00:00,2980.6500000000005,2983.7000000000003,2976.4200000000005,2976.8100000000004,4771
2026-08-03T15:30:00+00:00,2976.8100000000004,2982.5100000000007,2976.1500000000005,2980.3000000000006,5289
2026-08-03T15:45:00+00:00,2980.3000000000006,2983.1000000000004,2979.5200000000004,2982.3200000000006,3450
2026-08-03T16:00:00+00:00,2982.3200000000006,2983.9100000000003,2979.1500000000005,2979.9700000000003,3394
2026-08-03T16:15:00+00:00,2979.9700000000003,2983.5700000000006,2979.6600000000003,2982.6200000000003,2926
2026-08-03T16:30:00+00:00,2982.6200000000003,2982.7000000000003,2976.7700000000004,2977.5600000000004,2957
2026-08-03T16:45:00+00:00,2977.5600000000004,2978.5100000000007,2974.2000000000003,2975.9500000000003,3208
2026-08-03T17:00:00+00:00,2975.9500000000003,2978.4100000000003,2972.4200000000005,2978.2700000000004,3134
2026-08-03T17:15:00+00:00,2978.2700000000004,2979.1200000000003,2975.7500000000005,2976.9500000000003,2547
2026-08-03T17:30:00+00:00,2976.9500000000003,2981.2700000000004,2976.3500000000004,2980.7500000000005,2362
2026-08-03T17:45:00+00:00,2980.7500000000005,2983.5200000000004,2980.6500000000005,2982.7100000000005,2306
2026-08-03T18:00:00+00:00,2982.7100000000005,2986.9600000000005,2982.2500000000005,2985.3100000000004,3239
2026-08-03T18:15:00+00:00,2985.3100000000004,2986.5600000000004,2983.6100000000006,2983.6200000000003,3467
2026-08-03T18:30:00+00:00,2983.6200000000003,2985.0000000000005,2982.2000000000003,2982.9600000000005,3435
2026-08-03T18:45:00+00:00,2982.9600000000005,2983.1600000000003,2980.9000000000005,2981.2200000000003,2714
2026-08-03T19:00:00+00:00,2981.2200000000003,2985.3200000000006,2981.2200000000003,2984.5700000000006,3260
2026-08-03T19:15:00+00:00,2984.5700000000006,2988.5200000000004,2984.5500000000006,2987.6500000000005,2807
2026-08-03T19:30:00+00:00,2987.6500000000005,2988.8000000000006,2985.2100000000005,2988.3500000000004,3740
2026-08-03T19:45:00+00:00,2988.3500000000004,2990.5200000000004,2985.1500000000005,2986.3100000000004,5846
2026-08-03T20:00:00+00:00,2986.3100000000004,2987.9600000000005,2984.8500000000004,2987.8200000000006,1609
2026-08-03T20:15:00+00:00,2987.8200000000006,2989.2100000000005,2987.8100000000004,2988.4500000000003,426
2026-08-03T20:30:00+00:00,2988.4500000000003,2990.9600000000005,2988.4500000000003,2990.2200000000003,469
2026-08-03T20:45:00+00:00,2990.2200000000003,2990.2200000000003,2988.4000000000005,2988.9700000000003,562
2026-08-03T22:00:00+00:00,2988.9700000000003,2990.7600000000007,2988.2100000000005,2989.6500000000005,991
2026-08-03T22:15:00+00:00,2989.6500000000005,2990.7600000000007,2989.6500000000005,2990.3100000000004,321
2026-08-03T22:30:00+00:00,2990.3100000000004,2991.9100000000003,2990.1500000000005,2991.7700000000004,304
2026-08-03T22:45:00+00:00,2991.7700000000004,2991.8200000000006,2991.0500000000006,2991.5600000000004,262
2026-08-03T23:00:00+00:00,2991.5600000000004,2991.5600000000004,2989.6500000000005,2990.6700000000005,208
2026-08-03T23:15:00+00:00,2990.6700000000005,2991.0600000000004,2990.4500000000003,2990.8200000000006,235
2026-08-03T23:30:00+00:00,2990.8200000000006,2991.3700000000003,2990.3500000000004,2990.8200000000006,288
2026-08-03T23:45:00+00:00,2990.8200000000006,2993.1700000000005,2990.5500000000006,2993.0100000000007,656
2026-08-04T00:00:00+00:00,2993.0100000000007,2993.5200000000004,2991.1600000000003,2992.0500000000006,1224
2026-08-04T00:15:00+00:00,2992.0500000000006,2992.1700000000005,2990.6700000000005,2991.1100000000006,742
2026-08-04T00:30:00+00:00,2991.1100000000006,2991.9500000000003,2990.5000000000005,2991.7100000000005,748
2026-08-04T00:45:00+00:00,2991.7100000000005,2991.7600000000007,2988.7100000000005,2989.3500000000004,838
2026-08-04T01:00:00+00:00,2989.3500000000004,2991.4600000000005,2987.9000000000005,2990.7100000000005,920
2026-08-04T01:15:00+00:00,2990.7100000000005,2991.6100000000006,2989.9500000000003,2991.3600000000006,344
2026-08-04T01:30:00+00:00,2991.3600000000006,2992.8600000000006,2991.1500000000005,2992.8000000000006,619
2026-08-04T01:45:00+00:00,2992.8000000000006,2995.1700000000005,2992.7700000000004,2994.1700000000005,569
2026-08-04T02:00:00+00:00,2994.1700000000005,2994.4700000000003,2991.3600000000006,2991.9000000000005,812
2026-08-04T02:15:00+00:00,2991.9000000000005,2992.6100000000006,2990.5700000000006,2990.5700000000006,614
2026-08-04T02:30:00+00:00,2990.5700000000006,2991.2700000000004,2988.2500000000005,2989.2700000000004,624
2026-08-04T02:45:00+00:00,2989.2700000000004,2991.4200000000005,2988.6500000000005,2990.7500000000005,477
2026-08-04T03:00:00+00:00,2990.7500000000005,2992.1200000000003,2988.5100000000007,2989.0600000000004,737
2026-08-04T03:15:00+00:00,2989.0600000000004,2990.6500000000005,2988.8000000000006,2989.9100000000003,593
2026-08-04T03:30:00+00:00,2989.9100000000003,2991.6700000000005,2988.7000000000003,2989.0700000000006,905
2026-08-04T03:45:00+00:00,2989.0700000000006,2989.0700000000006,2987.6700000000005,2987.9200000000005,587
2026-08-04T04:00:00+00:00,2987.9200000000005,2988.1200000000003,2985.7000000000003,2986.3000000000006,598
2026-08-04T04:15:00+00:00,2986.3000000000006,2987.7500000000005,2986.2500000000005,2987.3000000000006,480
2026-08-04T04:30:00+00:00,2987.3000000000006,2988.2700000000004,2986.4100000000003,2987.9500000000003,430
2026-08-04T04:45:00+00:00,2987.9500000000003,2988.7600000000007,2987.4100000000003,2988.0200000000004,397
2026-08-04T05:00:00+00:00,2988.0200000000004,2988.3200000000006,2986.8100000000004,2987.2600000000007,663
2026-08-04T05:15:00+00:00,2987.2600000000007,2988.3000000000006,2987.1600000000003,2988.1000000000004,454
2026-08-04T05:30:00+00:00,2988.1000000000004,2990.4100000000003,2988.0500000000006,2989.8200000000006,389
2026-08-04T05:45:00+00:00,2989.8200000000006,2990.2200000000003,2988.6500000000005,2989.1600000000003,328
2026-08-04T06:00:00+00:00,2989.1600000000003,2991.6100000000006,2988.6500000000005,2991.5500000000006,502
2026-08-04T06:15:00+00:00,2991.5500000000006,2991.6600000000003,2989.7600000000007,2990.6500000000005,425
2026-08-04T06:30:00+00:00,2990.6500000000005,2991.2500000000005,2988.5500000000006,2989.1200000000003,383
2026-08-04T06:45:00+00:00,2989.1200000000003,2989.5700000000006,2987.8000000000006,2988.8700000000003,369
2026-08-04T07:00:00+00:00,2988.8700000000003,2992.3200000000006,2988.7600000000007,2990.7600000000007,1056
2026-08-04T07:15:00+00:00,2990.7600000000007,2993.1500000000005,2990.6500000000005,2992.6000000000004,642
2026-08-04T07:30:00+00:00,2992.6000000000004,2994.4200000000005,2991.1200000000003,2991.2000000000003,771
2026-08-04T07:45:00+00:00,2991.2000000000003,2994.2200000000003,2990.7600000000007,2993.8500000000004,686
2026-08-04T08:00:00+00:00,2993.8500000000004,2995.2600000000007,2993.0000000000005,2994.1200000000003,1132
2026-08-04T08:15:00+00:00,2994.1200000000003,2996.8100000000004,2993.7000000000003,2994.8000000000006,802
2026-08-04T08:30:00+00:00,2994.8000000000006,2994.8200000000006,2990.0000000000005,2990.1500000000005,1097
2026-08-04T08:45:00+00:00,2990.1500000000005,2990.1500000000005,2987.9500000000003,2989.5600000000004,672
2026-08-04T09:00:00+00:00,2989.5600000000004,2989.6700000000005,2986.2700000000004,2986.5100000000007,782
2026-08-04T09:15:00+00:00,2986.5100000000007,2986.8200000000006,2982.4500000000003,2983.8000000000006,683
2026-08-04T09:30:00+00:00,2983.8000000000006,2986.4200000000005,2983.4000000000005,2985.4700000000003,535
2026-08-04T09:45:00+00:00,2985.4700000000003,2985.6100000000006,2983.2000000000003,2984.7600000000007,678
2026-08-04T10:00:00+00:00,2984.7600000000007,2985.6500000000005,2983.5100000000007,2984.5100000000007,639
2026-08-04T10:15:00+00:00,2984.5100000000007,2985.1200000000003,2983.0200000000004,2983.6000000000004,524
2026-08-04T10:30:00+00:00,2983.6000000000004,2988.8100000000004,2983.5100000000007,2988.5000000000005,1432
2026-08-04T10:45:00+00:00,2988.5000000000005,2993.0200000000004,2988.2100000000005,2989.4600000000005,2431
2026-08-04T11:00:00+00:00,2989.4600000000005,2992.5600000000004,2987.6700000000005,2991.7600000000007,1435
2026-08-04T11:15:00+00:00,2991.7600000000007,2995.2200000000003,2991.4000000000005,2995.0000000000005,977
2026-08-04T11:30:00+00:00,2995.0000000000005,3003.3000000000006,2993.9600000000005,3002.5100000000007,1460
2026-08-04T11:45:00+00:00,3002.5100000000007,3005.6000000000004,3000.1000000000004,3002.1700000000005,3143
2026-08-04T12:00:00+00:00,3002.1700000000005,3005.8100000000004,3001.8100000000004,3001.9000000000005,1595
2026-08-04T12:15:00+00:00,3001.9000000000005,3002.9000000000005,3000.3500000000004,3000.9000000000005,987
2026-08-04T12:30:00+00:00,3000.9000000000005,3001.4200000000005,2999.1100000000006,3001.0000000000005,1041
2026-08-04T12:45:00+00:00,3001.0000000000005,3002.5500000000006,3000.3100000000004,3000.6500000000005,720
2026-08-04T13:00:00+00:00,3000.6500000000005,3001.8500000000004,2999.6600000000003,3001.4100000000003,1062
2026-08-04T13:15:00+00:00,3001.4100000000003,3007.5600000000004,2999.9000000000005,3000.0500000000006,3031
2026-08-04T13:30:00+00:00,3000.0500000000006,3006.6600000000003,2998.6100000000006,3000.4600000000005,10391
2026-08-04T13:45:00+00:00,3000.4600000000005,3009.3100000000004,2995.8200000000006,3005.4100000000003,7309
2026-08-04T14:00:00+00:00,3005.4100000000003,3012.6500000000005,3004.3600000000006,3012.4600000000005,7010
2026-08-04T14:15:00+00:00,3012.4600000000005,3014.5600000000004,3005.8500000000004,3006.7000000000003,7197
2026-08-04T14:30:00+00:00,3006.7000000000003,3016.9500000000003,3006.4500000000003,3016.9500000000003,6049
2026-08-04T14:45:00+00:00,3016.9500000000003,3020.0700000000006,3014.8000000000006,3018.7100000000005,5309
2026-08-04T15:00:00+00:00,3018.7100000000005,3022.9500000000003,3018.4000000000005,3022.5100000000007,4614
2026-08-04T15:15:00+00:00,3022.5100000000007,3024.5100000000007,3021.6000000000004,3022.1000000000004,3844
2026-08-04T15:30:00+00:00,3022.1000000000004,3030.5100000000007,3021.9200000000005,3030.1600000000003,4374
2026-08-04T15:45:00+00:00,3030.1600000000003,3032.7200000000003,3029.6600000000003,3029.8100000000004,3922
2026-08-04T16:00:00+00:00,3029.8100000000004,3032.2200000000003,3028.8500000000004,3028.9600000000005,3097
2026-08-04T16:15:00+00:00,3028.9600000000005,3035.1200000000003,3028.9000000000005,3034.3200000000006,2663
2026-08-04T16:30:00+00:00,3034.3200000000006,3036.5200000000004,3033.5600000000004,3036.2500000000005,2465
2026-08-04T16:45:00+00:00,3036.2500000000005,3040.7100000000005,3036.2000000000003,3040.6100000000006,2330
2026-08-04T17:00:00+00:00,3040.6100000000006,3043.3000000000006,3039.4200000000005,3040.2600000000007,3630
2026-08-04T17:15:00+00:00,3040.2600000000007,3041.6700000000005,3039.4100000000003,3041.5600000000004,3084
2026-08-04T17:30:00+00:00,3041.5600000000004,3045.1200000000003,3040.0000000000005,3044.5600000000004,2631
2026-08-04T17:45:00+00:00,3044.5600000000004,3046.2600000000007,3040.9600000000005,3042.2000000000003,4249
2026-08-04T18:00:00+00:00,3042.2000000000003,3043.4200000000005,3040.5000000000005,3042.8500000000004,5003
2026-08-04T18:15:00+00:00,3042.8500000000004,3045.0700000000006,3042.4600000000005,3044.8700000000003,3487
2026-08-04T18:30:00+00:00,3044.8700000000003,3045.1200000000003,3039.4500000000003,3040.2000000000003,3106
2026-08-04T18:45:00+00:00,3040.2000000000003,3042.8700000000003,3040.2000000000003,3041.9200000000005,2959
2026-08-04T19:00:00+00:00,3041.9200000000005,3047.3200000000006,3041.9200000000005,3046.1700000000005,3091
2026-08-04T19:15:00+00:00,3046.1700000000005,3047.6100000000006,3045.0000000000005,3045.5700000000006,2775
2026-08-04T19:30:00+00:00,3045.5700000000006,3047.5700000000006,3044.0500000000006,3047.5600000000004,3278
2026-08-04T19:45:00+00:00,3047.5600000000004,3048.1600000000003,3039.6600000000003,3040.9100000000003,5949
2026-08-04T20:00:00+00:00,3040.9100000000003,3045.6100000000006,3040.9100000000003,3044.0100000000007,2625
2026-08-04T20:15:00+00:00,3044.0100000000007,3044.6500000000005,3042.6000000000004,3043.5100000000007,1751
2026-08-04T20:30:00+00:00,3043.5100000000007,3044.6600000000003,3043.1600000000003,3043.8200000000006,869
2026-08-04T20:45:00+00:00,3043.8200000000006,3045.6100000000006,3042.5000000000005,3044.2600000000007,1035
2026-08-04T22:00:00+00:00,3044.2600000000007,3047.7900000000004,3044.2600000000007,3047.7400000000007,604
2026-08-04T22:15:00+00:00,3047.7400000000007,3048.5900000000006,3047.4000000000005,3048.4400000000005,589
2026-08-04T22:30:00+00:00,3048.4400000000005,3050.1900000000005,3048.2000000000003,3049.0900000000006,567
2026-08-04T22:45:00+00:00,3049.0900000000006,3050.2100000000005,3047.7100000000005,3049.2400000000007,506
2026-08-04T23:00:00+00:00,3049.2400000000007,3049.2600000000007,3047.9000000000005,3048.4000000000005,512
2026-08-04T23:15:00+00:00,3048.4000000000005,3048.7500000000005,3047.3400000000006,3047.3400000000006,236
2026-08-04T23:30:00+00:00,3047.3400000000006,3047.5500000000006,3046.5100000000007,3047.2600000000007,550
2026-08-04T23:45:00+00:00,3047.2600000000007,3048.7900000000004,3046.6900000000005,3046.7500000000005,1522
2026-08-05T00:00:00+00:00,3046.7500000000005,3048.9400000000005,3046.3100000000004,3048.2400000000007,3240
2026-08-05T00:15:00+00:00,3048.2400000000007,3050.0500000000006,3047.1400000000003,3049.9600000000005,1259
2026-08-05T00:30:00+00:00,3049.9600000000005,3050.8600000000006,3048.1000000000004,3048.3000000000006,1327
2026-08-05T00:45:00+00:00,3048.3000000000006,3050.7000000000003,3047.8900000000003,3050.6100000000006,1304
2026-08-05T01:00:00+00:00,3050.6100000000006,3050.6600000000003,3047.2500000000005,3049.0900000000006,1216
2026-08-05T01:15:00+00:00,3049.0900000000006,3049.2600000000007,3046.9100000000003,3047.7600000000007,1403
2026-08-05T01:30:00+00:00,3047.7600000000007,3050.0100000000007,3047.4400000000005,3048.7000000000003,1309
2026-08-05T01:45:00+00:00,3048.7000000000003,3050.2600000000007,3048.7000000000003,3050.2600000000007,863
2026-08-05T02:00:00+00:00,3050.2600000000007,3051.7900000000004,3049.5500000000006,3051.3900000000003,1233
2026-08-05T02:15:00+00:00,3051.3900000000003,3052.5100000000007,3050.8600000000006,3052.0400000000004,904
2026-08-05T02:30:00+00:00,3052.0400000000004,3052.1100000000006,3051.0000000000005,3051.7100000000005,882
2026-08-05T02:45:00+00:00,3051.7100000000005,3052.3100000000004,3050.1600000000003,3050.1600000000003,833
2026-08-05T03:00:00+00:00,3050.1600000000003,3052.2100000000005,3049.9900000000007,3051.5500000000006,996
2026-08-05T03:15:00+00:00,3051.5500000000006,3052.2100000000005,3049.7500000000005,3049.7500000000005,1057
2026-08-05T03:30:00+00:00,3049.7500000000005,3051.7400000000007,3049.6000000000004,3051.5500000000006,1120
2026-08-05T03:45:00+00:00,3051.5500000000006,3052.2100000000005,3050.6000000000004,3052.0600000000004,676
2026-08-05T04:00:00+00:00,3052.0600000000004,3052.7400000000007,3051.5000000000005,3051.6000000000004,670
2026-08-05T04:15:00+00:00,3051.6000000000004,3051.7600000000007,3050.1900000000005,3050.8000000000006,684
2026-08-05T04:30:00+00:00,3050.8000000000006,3052.3600000000006,3050.7400000000007,3052.0100000000007,793
2026-08-05T04:45:00+00:00,3052.0100000000007,3052.2100000000005,3051.0000000000005,3051.5000000000005,570
2026-08-05T05:00:00+00:00,3051.5000000000005,3052.8100000000004,3051.2400000000007,3052.5400000000004,933
2026-08-05T05:15:00+00:00,3052.5400000000004,3053.1600000000003,3052.2100000000005,3052.3400000000006,768
2026-08-05T05:30:00+00:00,3052.3400000000006,3052.9600000000005,3051.7900000000004,3052.4900000000007,1040
2026-08-05T05:45:00+00:00,3052.4900000000007,3053.8600000000006,3052.2600000000007,3053.1100000000006,658
2026-08-05T06:00:00+00:00,3053.1100000000006,3053.3600000000006,3051.6900000000005,3051.8100000000004,940
2026-08-05T06:15:00+00:00,3051.8100000000004,3051.8100000000004,3049.1400000000003,3049.7500000000005,1078
2026-08-05T06:30:00+00:00,3049.7500000000005,3051.6100000000006,3049.5000000000005,3050.5900000000006,1120
2026-08-05T06:45:00+00:00,3050.5900000000006,3051.1100000000006,3049.3000000000006,3050.7900000000004,1120
2026-08-05T07:00:00+00:00,3050.7900000000004,3052.0100000000007,3049.2400000000007,3050.2000000000003,2098
2026-08-05T07:15:00+00:00,3050.2000000000003,3051.4000000000005,3048.6900000000005,3048.7900000000004,1615
2026-08-05T07:30:00+00:00,3048.7900000000004,3049.0600000000004,3046.9900000000007,3048.3000000000006,1387
2026-08-05T07:45:00+00:00,3048.3000000000006,3049.9100000000003,3047.8900000000003,3049.8400000000006,1451
2026-08-05T08:00:00+00:00,3049.8400000000006,3052.4000000000005,3047.5400000000004,3048.0100000000007,1693
2026-08-05T08:15:00+00:00,3048.0100000000007,3049.5600000000004,3045.1600000000003,3047.4100000000003,1973
2026-08-05T08:30:00+00:00,3047.4100000000003,3047.5100000000007,3044.6600000000003,3045.9500000000003,2027
2026-08-05T08:45:00+00:00,3045.9500000000003,3046.4900000000007,3044.6900000000005,3045.8400000000006,1433
2026-08-05T09:00:00+00:00,3045.8400000000006,3047.3100000000004,3044.6500000000005,3046.4500000000003,1472
2026-08-05T09:15:00+00:00,3046.4500000000003,3047.0600000000004,3044.7900000000004,3046.8100000000004,1821
2026-08-05T09:30:00+00:00,3046.8100000000004,3047.7900000000004,3046.3100000000004,3047.6900000000005,1100
2026-08-05T09:45:00+00:00,3047.6900000000005,3047.7400000000007,3045.9000000000005,3046.9600000000005,1275
2026-08-05T10:00:00+00:00,3046.9600000000005,3047.7600000000007,3045.7600000000007,3046.2900000000004,1017
2026-08-05T10:15:00+00:00,3046.2900000000004,3047.5000000000005,3046.040000000001,3047.1600000000008,715
2026-08-05T10:30:00+00:00,3047.1600000000008,3047.4600000000005,3045.600000000001,3046.0900000000006,894
2026-08-05T10:45:00+00:00,3046.0900000000006,3047.2100000000005,3044.9000000000005,3046.7400000000007,1568
2026-08-05T11:00:00+00:00,3046.7400000000007,3049.1500000000005,3045.600000000001,3048.2600000000007,1528
2026-08-05T11:15:00+00:00,3048.2600000000007,3049.5900000000006,3045.8000000000006,3045.9400000000005,921
2026-08-05T11:30:00+00:00,3045.9400000000005,3048.2600000000007,3045.600000000001,3047.1100000000006,1153
2026-08-05T11:45:00+00:00,3047.1100000000006,3048.1600000000008,3045.6500000000005,3047.9400000000005,1264
2026-08-05T12:00:00+00:00,3047.9400000000005,3049.6600000000008,3047.1900000000005,3048.8400000000006,1273
2026-08-05T12:15:00+00:00,3048.8400000000006,3050.9600000000005,3048.7400000000007,3049.7000000000007,1816
2026-08-05T12:30:00+00:00,3049.7000000000007,3050.8400000000006,3046.0000000000005,3050.6600000000008,2121
2026-08-05T12:45:00+00:00,3050.6600000000008,3051.4100000000008,3049.2500000000005,3050.0500000000006,1459
2026-08-05T13:00:00+00:00,3050.0500000000006,3053.4500000000007,3049.6500000000005,3051.640000000001,2082
2026-08-05T13:15:00+00:00,3051.640000000001,3051.7100000000005,3047.390000000001,3048.1500000000005,2931
2026-08-05T13:30:00+00:00,3048.1500000000005,3052.040000000001,3038.6900000000005,3044.040000000001,17301
2026-08-05T13:45:00+00:00,3044.040000000001,3054.6600000000008,3039.890000000001,3054.5000000000005,12754
2026-08-05T14:00:00+00:00,3054.5000000000005,3054.5000000000005,3044.560000000001,3051.040000000001,12284
2026-08-05T14:15:00+00:00,3051.040000000001,3054.060000000001,3046.3400000000006,3048.040000000001,11644
2026-08-05T14:30:00+00:00,3048.040000000001,3048.2500000000005,3035.310000000001,3036.8000000000006,11939
2026-08-05T14:45:00+00:00,3036.8000000000006,3040.0000000000005,3032.2400000000007,3035.2000000000007,10775
2026-08-05T15:00:00+00:00,3035.2000000000007,3040.4100000000008,3034.5500000000006,3035.5900000000006,9824
2026-08-05T15:15:00+00:00,3035.5900000000006,3035.7100000000005,3028.4500000000007,3031.7100000000005,8955
2026-08-05T15:30:00+00:00,3031.7100000000005,3035.3000000000006,3030.4400000000005,3032.4100000000008,8047
2026-08-05T15:45:00+00:00,3032.4100000000008,3032.4100000000008,3024.8400000000006,3026.0500000000006,7599
2026-08-05T16:00:00+00:00,3026.0500000000006,3029.9100000000008,3025.8600000000006,3029.2600000000007,8133
2026-08-05T16:15:00+00:00,3029.2600000000007,3034.600000000001,3028.6500000000005,3034.290000000001,7147
2026-08-05T16:30:00+00:00,3034.290000000001,3034.7000000000007,3028.4900000000007,3029.1900000000005,6901
2026-08-05T16:45:00+00:00,3029.1900000000005,3034.1600000000008,3028.6600000000008,3033.560000000001,5875
2026-08-05T17:00:00+00:00,3033.560000000001,3035.060000000001,3029.6900000000005,3031.040000000001,6595
2026-08-05T17:15:00+00:00,3031.040000000001,3033.9000000000005,3030.0000000000005,3032.600000000001,5849
2026-08-05T17:30:00+00:00,3032.600000000001,3035.0100000000007,3031.040000000001,3034.350000000001,4820
2026-08-05T17:45:00+00:00,3034.350000000001,3037.1100000000006,3033.3600000000006,3035.8000000000006,4082
2026-08-05T18:00:00+00:00,3035.8000000000006,3036.5900000000006,3031.9900000000007,3032.0000000000005,4983
2026-08-05T18:15:00+00:00,3032.0000000000005,3034.060000000001,3031.5000000000005,3032.2400000000007,4053
2026-08-05T18:30:00+00:00,3032.2400000000007,3032.290000000001,3028.8400000000006,3030.2500000000005,4589
2026-08-05T18:45:00+00:00,3030.2500000000005,3031.4500000000007,3027.890000000001,3027.9000000000005,3290
2026-08-05T19:00:00+00:00,3027.9000000000005,3030.7400000000007,3027.4400000000005,3030.6100000000006,4172
2026-08-05T19:15:00+00:00,3030.6100000000006,3031.0900000000006,3027.9900000000007,3028.790000000001,3542
2026-08-05T19:30:00+00:00,3028.790000000001,3029.560000000001,3025.140000000001,3025.9600000000005,4164
2026-08-05T19:45:00+00:00,3025.9600000000005,3026.9600000000005,3021.060000000001,3021.0900000000006,6006
2026-08-05T20:00:00+00:00,3021.0900000000006,3024.2600000000007,3019.7100000000005,3024.040000000001,3358
2026-08-05T20:15:00+00:00,3024.040000000001,3025.4400000000005,3023.640000000001,3023.890000000001,1283
2026-08-05T20:30:00+00:00,3023.890000000001,3025.1600000000008,3023.8000000000006,3024.850000000001,734
2026-08-05T20:45:00+00:00,3024.850000000001,3025.4100000000008,3022.9400000000005,3024.5500000000006,1187
2026-08-05T22:00:00+00:00,3024.5500000000006,3027.4300000000007,3024.4700000000007,3024.9200000000005,399
2026-08-05T22:15:00+00:00,3024.9200000000005,3026.8400000000006,3024.8800000000006,3026.7700000000004,423
2026-08-05T22:30:00+00:00,3026.7700000000004,3027.8800000000006,3026.3800000000006,3026.640000000001,273
2026-08-05T22:45:00+00:00,3026.640000000001,3026.9400000000005,3024.7200000000007,3024.7400000000007,243
2026-08-05T23:00:00+00:00,3024.7400000000007,3026.290000000001,3024.120000000001,3026.2200000000007,272
2026-08-05T23:15:00+00:00,3026.2200000000007,3026.5900000000006,3025.6800000000007,3026.040000000001,238
2026-08-05T23:30:00+00:00,3026.040000000001,3026.7300000000005,3024.830000000001,3025.290000000001,391
2026-08-05T23:45:00+00:00,3025.290000000001,3026.390000000001,3024.0200000000004,3026.0200000000004,775
2026-08-06T00:00:00+00:00,3026.0200000000004,3026.890000000001,3023.9900000000007,3025.140000000001,1632
2026-08-06T00:15:00+00:00,3025.140000000001,3026.1700000000005,3023.9300000000007,3024.2200000000007,997
2026-08-06T00:30:00+00:00,3024.2200000000007,3025.2700000000004,3023.9700000000007,3024.370000000001,637
2026-08-06T00:45:00+00:00,3024.370000000001,3025.0300000000007,3023.9200000000005,3023.9900000000007,480
2026-08-06T01:00:00+00:00,3023.9900000000007,3024.6900000000005,3023.2200000000007,3024.140000000001,714
2026-08-06T01:15:00+00:00,3024.140000000001,3024.2300000000005,3020.1900000000005,3021.4300000000007,740
2026-08-06T01:30:00+00:00,3021.4300000000007,3023.3400000000006,3020.7700000000004,3021.0900000000006,819
2026-08-06T01:45:00+00:00,3021.0900000000006,3023.2700000000004,3020.830000000001,3022.2200000000007,753
2026-08-06T02:00:00+00:00,3022.2200000000007,3025.140000000001,3022.120000000001,3023.7300000000005,708
2026-08-06T02:15:00+00:00,3023.7300000000005,3023.890000000001,3022.620000000001,3022.6300000000006,427
2026-08-06T02:30:00+00:00,3022.6300000000006,3025.390000000001,3021.9700000000007,3025.390000000001,527
2026-08-06T02:45:00+00:00,3025.390000000001,3025.6900000000005,3024.640000000001,3025.080000000001,482
2026-08-06T03:00:00+00:00,3025.080000000001,3025.9900000000007,3024.8200000000006,3025.5300000000007,385
2026-08-06T03:15:00+00:00,3025.5300000000007,3025.790000000001,3023.9200000000005,3024.1900000000005,363
2026-08-06T03:30:00+00:00,3024.1900000000005,3025.4900000000007,3023.6800000000007,3024.4400000000005,677
2026-08-06T03:45:00+00:00,3024.4400000000005,3024.9900000000007,3023.3800000000006,3024.790000000001,404
2026-08-06T04:00:00+00:00,3024.790000000001,3025.1700000000005,3023.7700000000004,3024.4700000000007,413
2026-08-06T04:15:00+00:00,3024.4700000000007,3025.9800000000005,3024.3800000000006,3025.580000000001,399
2026-08-06T04:30:00+00:00,3025.580000000001,3026.1900000000005,3024.080000000001,3024.5300000000007,421
2026-08-06T04:45:00+00:00,3024.5300000000007,3025.7400000000007,3024.1700000000005,3025.5200000000004,415
2026-08-06T05:00:00+00:00,3025.5200000000004,3026.640000000001,3024.6800000000007,3026.0300000000007,598
2026-08-06T05:15:00+00:00,3026.0300000000007,3026.8400000000006,3025.6800000000007,3026.4900000000007,675
2026-08-06T05:30:00+00:00,3026.4900000000007,3026.6900000000005,3025.5700000000006,3026.6900000000005,546
2026-08-06T05:45:00+00:00,3026.6900000000005,3027.370000000001,3025.120000000001,3027.330000000001,604
2026-08-06T06:00:00+00:00,3027.330000000001,3027.4800000000005,3023.7800000000007,3024.1900000000005,863
2026-08-06T06:15:00+00:00,3024.1900000000005,3026.0300000000007,3023.0700000000006,3026.0200000000004,774
2026-08-06T06:30:00+00:00,3026.0200000000004,3026.0200000000004,3023.3800000000006,3024.290000000001,698
2026-08-06T06:45:00+00:00,3024.290000000001,3026.2700000000004,3023.9800000000005,3026.0700000000006,676
2026-08-06T07:00:00+00:00,3026.0700000000006,3027.9400000000005,3025.390000000001,3027.7200000000007,1162
2026-08-06T07:15:00+00:00,3027.7200000000007,3028.0200000000004,3025.870000000001,3025.870000000001,709
2026-08-06T07:30:00+00:00,3025.870000000001,3025.9300000000007,3023.620000000001,3024.2300000000005,677
2026-08-06T07:45:00+00:00,3024.2300000000005,3025.7400000000007,3023.4700000000007,3025.4400000000005,691
2026-08-06T08:00:00+00:00,3025.4400000000005,3025.9900000000007,3020.330000000001,3020.8800000000006,915
2026-08-06T08:15:00+00:00,3020.8800000000006,3024.4900000000007,3020.390000000001,3024.4900000000007,797
2026-08-06T08:30:00+00:00,3024.4900000000007,3026.040000000001,3023.620000000001,3025.2200000000007,884
2026-08-06T08:45:00+00:00,3025.2200000000007,3028.140000000001,3025.1700000000005,3027.9700000000007,658
2026-08-06T09:00:00+00:00,3027.9700000000007,3028.8400000000006,3024.5300000000007,3025.6300000000006,833
2026-08-06T09:15:00+00:00,3025.6300000000006,3027.870000000001,3025.580000000001,3027.3400000000006,585
2026-08-06T09:30:00+00:00,3027.3400000000006,3027.5300000000007,3025.0200000000004,3026.370000000001,599
2026-08-06T09:45:00+00:00,3026.370000000001,3029.370000000001,3026.370000000001,3028.7800000000007,485
2026-08-06T10:00:00+00:00,3028.7800000000007,3029.140000000001,3028.1800000000007,3028.4800000000005,400
2026-08-06T10:15:00+00:00,3028.4800000000005,3029.540000000001,3027.9200000000005,3029.4300000000007,308
2026-08-06T10:30:00+00:00,3029.4300000000007,3029.540000000001,3026.3200000000006,3026.7200000000007,409
2026-08-06T10:45:00+00:00,3026.7200000000007,3027.890000000001,3026.2800000000007,3027.2800000000007,517
2026-08-06T11:00:00+00:00,3027.2800000000007,3027.2800000000007,3022.9200000000005,3024.330000000001,1318
2026-08-06T11:15:00+00:00,3024.330000000001,3026.1300000000006,3024.3200000000006,3025.8800000000006,806
2026-08-06T11:30:00+00:00,3025.8800000000006,3027.2400000000007,3023.0200000000004,3023.1300000000006,688
2026-08-06T11:45:00+00:00,3023.1300000000006,3023.6900000000005,3018.0700000000006,3020.7400000000007,1366
2026-08-06T12:00:00+00:00,3020.7400000000007,3021.7800000000007,3019.0200000000004,3020.5900000000006,1205
2026-08-06T12:15:00+00:00,3020.5900000000006,3023.4900000000007,3019.620000000001,3021.9200000000005,969
2026-08-06T12:30:00+00:00,3021.9200000000005,3024.7200000000007,3020.390000000001,3022.7400000000007,1432
2026-08-06T12:45:00+00:00,3022.7400000000007,3022.9200000000005,3020.4700000000007,3021.4800000000005,804
2026-08-06T13:00:00+00:00,3021.4800000000005,3021.9300000000007,3019.2700000000004,3020.9800000000005,1223
2026-08-06T13:15:00+00:00,3020.9800000000005,3022.640000000001,3017.6300000000006,3019.4400000000005,1724
2026-08-06T13:30:00+00:00,3019.4400000000005,3022.540000000001,3011.7800000000007,3018.290000000001,15190
2026-08-06T13:45:00+00:00,3018.290000000001,3025.120000000001,3017.580000000001,3023.0200000000004,9703
2026-08-06T14:00:00+00:00,3023.0200000000004,3036.0300000000007,3023.0200000000004,3034.9700000000007,9575
2026-08-06T14:15:00+00:00,3034.9700000000007,3037.7800000000007,3032.120000000001,3033.4800000000005,8564
2026-08-06T14:30:00+00:00,3033.4800000000005,3036.580000000001,3031.330000000001,3031.5700000000006,8676
2026-08-06T14:45:00+00:00,3031.5700000000006,3032.0700000000006,3024.7200000000007,3028.5300000000007,8353
2026-08-06T15:00:00+00:00,3028.5300000000007,3033.1900000000005,3027.4900000000007,3030.4300000000007,6682
2026-08-06T15:15:00+00:00,3030.4300000000007,3031.6900000000005,3024.3800000000006,3027.2300000000005,7519
2026-08-06T15:30:00+00:00,3027.2300000000005,3029.580000000001,3021.870000000001,3021.870000000001,6725
2026-08-06T15:45:00+00:00,3021.870000000001,3027.790000000001,3017.9800000000005,3018.4900000000007,7798
2026-08-06T16:00:00+00:00,3018.4900000000007,3020.4800000000005,3014.4300000000007,3015.120000000001,7892
2026-08-06T16:15:00+00:00,3015.120000000001,3017.6300000000006,3012.4700000000007,3013.9300000000007,6767
2026-08-06T16:30:00+00:00,3013.9300000000007,3018.0900000000006,3013.1800000000007,3013.6700000000005,5720
2026-08-06T16:45:00+00:00,3013.6700000000005,3017.2800000000007,3012.0300000000007,3017.0700000000006,4738
2026-08-06T17:00:00+00:00,3017.0700000000006,3018.9700000000007,3012.4200000000005,3012.9400000000005,5297
2026-08-06T17:15:00+00:00,3012.9400000000005,3015.3400000000006,3011.9800000000005,3013.330000000001,5115
2026-08-06T17:30:00+00:00,3013.330000000001,3015.1700000000005,3012.4200000000005,3013.5300000000007,4662
2026-08-06T17:45:00+00:00,3013.5300000000007,3014.8400000000006,3011.2200000000007,3013.4700000000007,3845
2026-08-06T18:00:00+00:00,3013.4700000000007,3014.120000000001,3010.7800000000007,3012.5700000000006,3808
2026-08-06T18:15:00+00:00,3012.5700000000006,3014.890000000001,3010.9200000000005,3012.4300000000007,3846
2026-08-06T18:30:00+00:00,3012.4300000000007,3012.5900000000006,3009.4200000000005,3010.7400000000007,3040
2026-08-06T18:45:00+00:00,3010.7400000000007,3013.0700000000006,3009.8200000000006,3012.0300000000007,3044
2026-08-06T19:00:00+00:00,3012.0300000000007,3014.9200000000005,3011.870000000001,3012.2700000000004,3089
2026-08-06T19:15:00+00:00,3012.2700000000004,3013.080000000001,3007.3200000000006,3007.7200000000007,4052
2026-08-06T19:30:00+00:00,3007.7200000000007,3008.9700000000007,3005.4900000000007,3005.9300000000007,4328
2026-08-06T19:45:00+00:00,3005.9300000000007,3009.7800000000007,3003.4800000000005,3006.3400000000006,5836
2026-08-06T20:00:00+00:00,3006.3400000000006,3008.1300000000006,3006.140000000001,3006.290000000001,1508
2026-08-06T20:15:00+00:00,3006.290000000001,3006.540000000001,3001.8200000000006,3002.4200000000005,1013
2026-08-06T20:30:00+00:00,3002.4200000000005,3003.4300000000007,3001.8800000000006,3002.4700000000007,708
2026-08-06T20:45:00+00:00,3002.4700000000007,3004.1900000000005,3002.1700000000005,3003.640000000001,547
2026-08-06T22:00:00+00:00,3003.640000000001,3005.890000000001,3002.4000000000005,3005.7500000000005,214
2026-08-06T22:15:00+00:00,3005.7500000000005,3006.0500000000006,3004.0000000000005,3004.0100000000007,134
2026-08-06T22:30:00+00:00,3004.0100000000007,3004.9500000000007,3003.1900000000005,3003.9900000000007,256
2026-08-06T22:45:00+00:00,3003.9900000000007,3005.3000000000006,3003.9900000000007,3005.1900000000005,247
2026-08-06T23:00:00+00:00,3005.1900000000005,3005.4000000000005,3004.4100000000008,3004.4100000000008,118
2026-08-06T23:15:00+00:00,3004.4100000000008,3005.8600000000006,3004.390000000001,3004.8400000000006,238
2026-08-06T23:30:00+00:00,3004.8400000000006,3006.0900000000006,3004.7100000000005,3005.9000000000005,296
2026-08-06T23:45:00+00:00,3005.9000000000005,3006.4400000000005,3005.4100000000008,3006.0000000000005,1506
2026-08-07T00:00:00+00:00,3006.0000000000005,3006.3400000000006,3002.8600000000006,3003.7000000000007,3319
2026-08-07T00:15:00+00:00,3003.7000000000007,3003.810000000001,2999.5000000000005,3000.0100000000007,2195
2026-08-07T00:30:00+00:00,3000.0100000000007,3003.9600000000005,2999.9400000000005,3001.8400000000006,3370
2026-08-07T00:45:00+00:00,3001.8400000000006,3003.310000000001,3000.2000000000007,3003.060000000001,2878
2026-08-07T01:00:00+00:00,3003.060000000001,3003.9600000000005,3001.350000000001,3001.600000000001,2069
2026-08-07T01:15:00+00:00,3001.600000000001,3003.2600000000007,3000.140000000001,3003.140000000001,2128
2026-08-07T01:30:00+00:00,3003.140000000001,3004.8600000000006,3000.5100000000007,3001.5000000000005,2951
2026-08-07T01:45:00+00:00,3001.5000000000005,3002.4400000000005,3000.5500000000006,3001.6600000000008,3457
2026-08-07T02:00:00+00:00,3001.6600000000008,3002.9100000000008,3000.5900000000006,3002.0500000000006,2110
2026-08-07T02:15:00+00:00,3002.0500000000006,3002.9000000000005,3001.640000000001,3002.100000000001,1511
2026-08-07T02:30:00+00:00,3002.100000000001,3002.1500000000005,3000.0500000000006,3001.060000000001,2011
2026-08-07T02:45:00+00:00,3001.060000000001,3002.560000000001,3000.850000000001,3002.1100000000006,1469
2026-08-07T03:00:00+00:00,3002.1100000000006,3003.1100000000006,3001.9600000000005,3002.4000000000005,1674
2026-08-07T03:15:00+00:00,3002.4000000000005,3002.7400000000007,3001.390000000001,3002.3000000000006,1525
2026-08-07T03:30:00+00:00,3002.3000000000006,3003.4900000000007,3001.9500000000007,3002.2400000000007,1251
2026-08-07T03:45:00+00:00,3002.2400000000007,3002.310000000001,3000.9400000000005,3001.5500000000006,1165
2026-08-07T04:00:00+00:00,3001.5500000000006,3002.100000000001,3000.7400000000007,3000.9400000000005,1320
2026-08-07T04:15:00+00:00,3000.9400000000005,3002.1100000000006,2999.2400000000007,3000.4900000000007,1124
2026-08-07T04:30:00+00:00,3000.4900000000007,3001.890000000001,3000.040000000001,3000.6500000000005,1459
2026-08-07T04:45:00+00:00,3000.6500000000005,3002.2100000000005,3000.390000000001,3001.9500000000007,795
2026-08-07T05:00:00+00:00,3001.9500000000007,3003.8600000000006,3001.7400000000007,3002.9600000000005,1288
2026-08-07T05:15:00+00:00,3002.9600000000005,3004.1900000000005,3002.8400000000006,3003.9500000000007,1156
2026-08-07T05:30:00+00:00,3003.9500000000007,3004.1100000000006,3002.560000000001,3003.3000000000006,728
2026-08-07T05:45:00+00:00,3003.3000000000006,3003.7600000000007,3002.6900000000005,3002.8400000000006,889
2026-08-07T06:00:00+00:00,3002.8400000000006,3005.640000000001,3002.640000000001,3005.600000000001,802
2026-08-07T06:15:00+00:00,3005.600000000001,3006.390000000001,3004.9600000000005,3006.060000000001,691
2026-08-07T06:30:00+00:00,3006.060000000001,3006.350000000001,3004.140000000001,3004.4100000000008,977
2026-08-07T06:45:00+00:00,3004.4100000000008,3006.5000000000005,3004.290000000001,3006.2100000000005,610
2026-08-07T07:00:00+00:00,3006.2100000000005,3006.790000000001,3004.0500000000006,3005.560000000001,1369
2026-08-07T07:15:00+00:00,3005.560000000001,3005.7100000000005,3004.850000000001,3005.390000000001,1169
2026-08-07T07:30:00+00:00,3005.390000000001,3005.810000000001,3004.540000000001,3005.0900000000006,1197
2026-08-07T07:45:00+00:00,3005.0900000000006,3005.1100000000006,3003.4000000000005,3004.060000000001,862
2026-08-07T08:00:00+00:00,3004.060000000001,3008.2000000000007,3004.060000000001,3008.1600000000008,1119
2026-08-07T08:15:00+00:00,3008.1600000000008,3009.4600000000005,3007.1900000000005,3009.140000000001,762
2026-08-07T08:30:00+00:00,3009.140000000001,3011.0100000000007,3008.390000000001,3010.0900000000006,825
2026-08-07T08:45:00+00:00,3010.0900000000006,3010.9500000000007,3009.4100000000008,3010.9000000000005,825
2026-08-07T09:00:00+00:00,3010.9000000000005,3012.810000000001,3010.5000000000005,3012.5500000000006,881
2026-08-07T09:15:00+00:00,3012.5500000000006,3013.3600000000006,3011.390000000001,3012.600000000001,815
2026-08-07T09:30:00+00:00,3012.600000000001,3013.5100000000007,3012.1100000000006,3012.9400000000005,896
2026-08-07T09:45:00+00:00,3012.9400000000005,3014.2600000000007,3012.6900000000005,3013.4000000000005,917
2026-08-07T10:00:00+00:00,3013.4000000000005,3013.9400000000005,3012.4100000000008,3012.6600000000008,868
2026-08-07T10:15:00+00:00,3012.6600000000008,3013.3600000000006,3012.3400000000006,3013.3600000000006,706
2026-08-07T10:30:00+00:00,3013.3600000000006,3015.4600000000005,3013.100000000001,3015.060000000001,555
2026-08-07T10:45:00+00:00,3015.060000000001,3015.2000000000007,3012.8400000000006,3013.3000000000006,457
2026-08-07T11:00:00+00:00,3013.3000000000006,3016.9100000000008,3013.2500000000005,3016.5500000000006,842
2026-08-07T11:15:00+00:00,3016.5500000000006,3018.310000000001,3015.9100000000008,3017.6600000000008,684
2026-08-07T11:30:00+00:00,3017.6600000000008,3020.290000000001,3017.390000000001,3019.8600000000006,905
2026-08-07T11:45:00+00:00,3019.8600000000006,3019.8600000000006,3016.8000000000006,3016.8000000000006,838
2026-08-07T12:00:00+00:00,3016.8000000000006,3020.0100000000007,3016.1500000000005,3017.9900000000007,1174
2026-08-07T12:15:00+00:00,3017.9900000000007,3021.5100000000007,3017.290000000001,3019.5000000000005,1439
2026-08-07T12:30:00+00:00,3019.5000000000005,3036.100000000001,3019.100000000001,3033.0500000000006,7210
2026-08-07T12:45:00+00:00,3033.0500000000006,3037.1100000000006,3031.390000000001,3031.600000000001,3261
2026-08-07T13:00:00+00:00,3031.600000000001,3031.8400000000006,3026.3400000000006,3027.4400000000005,2545
2026-08-07T13:15:00+00:00,3027.4400000000005,3029.9600000000005,3026.2100000000005,3027.310000000001,2601
2026-08-07T13:30:00+00:00,3027.310000000001,3035.2600000000007,3021.8400000000006,3032.290000000001,14524
2026-08-07T13:45:00+00:00,3032.290000000001,3035.1900000000005,3027.290000000001,3028.790000000001,11912
2026-08-07T14:00:00+00:00,3028.790000000001,3030.350000000001,3021.290000000001,3021.6100000000006,12161
2026-08-07T14:15:00+00:00,3021.6100000000006,3036.310000000001,3021.4400000000005,3034.1100000000006,10498
2026-08-07T14:30:00+00:00,3034.1100000000006,3034.6600000000008,3026.2000000000007,3027.7100000000005,9575
2026-08-07T14:45:00+00:00,3027.7100000000005,3030.350000000001,3025.9500000000007,3028.4600000000005,7129
2026-08-07T15:00:00+00:00,3028.4600000000005,3033.0100000000007,3026.540000000001,3032.6100000000006,6204
2026-08-07T15:15:00+00:00,3032.6100000000006,3036.310000000001,3029.8400000000006,3034.9500000000007,5495
2026-08-07T15:30:00+00:00,3034.9500000000007,3036.4400000000005,3032.1100000000006,3032.8600000000006,5810
2026-08-07T15:45:00+00:00,3032.8600000000006,3035.5500000000006,3031.9500000000007,3032.9500000000007,4943
2026-08-07T16:00:00+00:00,3032.9500000000007,3035.7600000000007,3031.4600000000005,3033.9100000000008,4440
2026-08-07T16:15:00+00:00,3033.9100000000008,3036.790000000001,3029.390000000001,3031.2100000000005,5943
2026-08-07T16:30:00+00:00,3031.2100000000005,3035.4500000000007,3027.6500000000005,3035.140000000001,6226
2026-08-07T16:45:00+00:00,3035.140000000001,3036.0000000000005,3032.7400000000007,3034.2500000000005,4471
2026-08-07T17:00:00+00:00,3034.2500000000005,3035.060000000001,3032.5000000000005,3033.2000000000007,4213
2026-08-07T17:15:00+00:00,3033.2000000000007,3037.0500000000006,3032.7400000000007,3035.7500000000005,2890
2026-08-07T17:30:00+00:00,3035.7500000000005,3036.560000000001,3034.2500000000005,3035.100000000001,3201
2026-08-07T17:45:00+00:00,3035.100000000001,3036.8400000000006,3034.4400000000005,3035.6600000000008,2834
2026-08-07T18:00:00+00:00,3035.6600000000008,3036.5100000000007,3032.1900000000005,3032.5900000000006,2919
2026-08-07T18:15:00+00:00,3032.5900000000006,3034.060000000001,3031.5400000000004,3032.01,3174
2026-08-07T18:30:00+00:00,3032.01,3033.2500000000005,3030.6900000000005,3030.9900000000002,2879
2026-08-07T18:45:00+00:00,3030.9900000000002,3033.3600000000006,3030.4900000000002,3033.1400000000003,2873
2026-08-07T19:00:00+00:00,3033.1400000000003,3041.2500000000005,3033.1400000000003,3040.3600000000006,4824
2026-08-07T19:15:00+00:00,3040.3600000000006,3043.6100000000006,3040.3100000000004,3042.7500000000005,4502
2026-08-07T19:30:00+00:00,3042.7500000000005,3042.9000000000005,3038.0400000000004,3038.7400000000002,4482
2026-08-07T19:45:00+00:00,3038.7400000000002,3041.4600000000005,3036.9600000000005,3038.0900000000006,5299
2026-08-07T20:00:00+00:00,3038.0900000000006,3040.2000000000003,3036.3400000000006,3037.2900000000004,1380
2026-08-07T20:15:00+00:00,3037.2900000000004,3038.2100000000005,3036.1400000000003,3036.55,568
2026-08-07T20:30:00+00:00,3036.55,3037.6900000000005,3036.3,3037.1000000000004,517
2026-08-09T22:00:00+00:00,3037.1000000000004,3037.1000000000004,3032.4500000000003,3032.8700000000003,1205
2026-08-09T22:15:00+00:00,3032.8700000000003,3034.1200000000003,3030.9100000000003,3033.7500000000005,498
2026-08-09T22:30:00+00:00,3033.7500000000005,3034.2700000000004,3032.5000000000005,3033.2100000000005,372
2026-08-09T22:45:00+00:00,3033.2100000000005,3033.6000000000004,3032.5200000000004,3032.5200000000004,169
2026-08-09T23:00:00+00:00,3032.5200000000004,3033.9600000000005,3032.01,3033.2200000000003,244
2026-08-09T23:15:00+00:00,3033.2200000000003,3033.4200000000005,3032.2500000000005,3032.5600000000004,146
2026-08-09T23:30:00+00:00,3032.5600000000004,3032.7500000000005,3031.26,3032.2000000000003,309
2026-08-09T23:45:00+00:00,3032.2000000000003,3032.9000000000005,3029.9500000000003,3030.0200000000004,506
2026-08-10T00:00:00+00:00,3030.0200000000004,3033.7000000000003,3029.6000000000004,3032.6700000000005,1166
2026-08-10T00:15:00+00:00,3032.6700000000005,3032.6700000000005,3029.8600000000006,3029.9100000000003,727
2026-08-10T00:30:00+00:00,3029.9100000000003,3030.9700000000003,3029.8,3030.4100000000003,635
2026-08-10T00:45:00+00:00,3030.4100000000003,3031.2500000000005,3029.9700000000003,3030.6000000000004,651
2026-08-10T01:00:00+00:00,3030.6000000000004,3033.1200000000003,3030.2000000000003,3033.01,794
2026-08-10T01:15:00+00:00,3033.01,3034.1500000000005,3032.7100000000005,3033.57,450
2026-08-10T01:30:00+00:00,3033.57,3034.0600000000004,3031.9600000000005,3034.0600000000004,663
2026-08-10T01:45:00+00:00,3034.0600000000004,3034.3600000000006,3033.5000000000005,3033.7000000000003,357
2026-08-10T02:00:00+00:00,3033.7000000000003,3034.1700000000005,3033.4500000000003,3033.57,323
2026-08-10T02:15:00+00:00,3033.57,3033.57,3032.51,3033.1600000000003,306
2026-08-10T02:30:00+00:00,3033.1600000000003,3034.1700000000005,3032.8,3034.05,247
2026-08-10T02:45:00+00:00,3034.05,3034.2500000000005,3032.8100000000004,3033.4700000000003,311
2026-08-10T03:00:00+00:00,3033.4700000000003,3033.6500000000005,3032.7500000000005,3033.3700000000003,255
2026-08-10T03:15:00+00:00,3033.3700000000003,3034.7100000000005,3033.2000000000003,3034.4500000000003,235
2026-08-10T03:30:00+00:00,3034.4500000000003,3035.6700000000005,3034.1500000000005,3035.6500000000005,310
2026-08-10T03:45:00+00:00,3035.6500000000005,3035.7200000000003,3034.4700000000003,3034.7700000000004,232
2026-08-10T04:00:00+00:00,3034.7700000000004,3035.6500000000005,3034.4600000000005,3035.6500000000005,204
2026-08-10T04:15:00+00:00,3035.6500000000005,3036.7000000000003,3035.55,3036.6000000000004,227
2026-08-10T04:30:00+00:00,3036.6000000000004,3036.6500000000005,3035.3600000000006,3036.57,256
2026-08-10T04:45:00+00:00,3036.57,3037.82,3036.55,3037.3600000000006,241
2026-08-10T05:00:00+00:00,3037.3600000000006,3039.1700000000005,3037.3100000000004,3039.0200000000004,276
2026-08-10T05:15:00+00:00,3039.0200000000004,3039.1700000000005,3038.32,3038.4200000000005,189
2026-08-10T05:30:00+00:00,3038.4200000000005,3038.8600000000006,3038.0000000000005,3038.1200000000003,255
2026-08-10T05:45:00+00:00,3038.1200000000003,3039.1000000000004,3037.8,3038.6600000000003,205
2026-08-10T06:00:00+00:00,3038.6600000000003,3039.7000000000003,3038.4700000000003,3038.7500000000005,305
2026-08-10T06:15:00+00:00,3038.7500000000005,3038.9100000000003,3035.5600000000004,3036.1700000000005,337
2026-08-10T06:30:00+00:00,3036.1700000000005,3037.5600000000004,3035.9500000000003,3036.5000000000005,473
2026-08-10T06:45:00+00:00,3036.5000000000005,3037.3100000000004,3036.1200000000003,3036.9000000000005,336
2026-08-10T07:00:00+00:00,3036.9000000000005,3038.9500000000003,3035.8,3036.6600000000003,778
2026-08-10T07:15:00+00:00,3036.6600000000003,3039.5200000000004,3036.2100000000005,3039.5200000000004,520
2026-08-10T07:30:00+00:00,3039.5200000000004,3039.8700000000003,3038.55,3039.76,489
2026-08-10T07:45:00+00:00,3039.76,3041.8700000000003,3037.8600000000006,3038.6100000000006,781
2026-08-10T08:00:00+00:00,3038.6100000000006,3039.82,3037.2500000000005,3038.01,707
2026-08-10T08:15:00+00:00,3038.01,3038.4700000000003,3036.57,3036.9200000000005,584
2026-08-10T08:30:00+00:00,3036.9200000000005,3037.9100000000003,3036.1600000000003,3036.57,403
2026-08-10T08:45:00+00:00,3036.57,3036.6000000000004,3034.1700000000005,3034.82,310
2026-08-10T09:00:00+00:00,3034.82,3035.1600000000003,3033.7000000000003,3034.32,206
2026-08-10T09:15:00+00:00,3034.32,3034.9000000000005,3033.01,3034.3500000000004,242
2026-08-10T09:30:00+00:00,3034.3500000000004,3034.4200000000005,3031.1000000000004,3031.76,277
2026-08-10T09:45:00+00:00,3031.76,3031.9000000000005,3030.9600000000005,3031.32,185
2026-08-10T10:00:00+00:00,3031.32,3031.76,3029.9200000000005,3030.0600000000004,257
2026-08-10T10:15:00+00:00,3030.0600000000004,3031.8700000000003,3029.8500000000004,3031.1500000000005,236
2026-08-10T10:30:00+00:00,3031.1500000000005,3031.4500000000003,3029.9200000000005,3031.4500000000003,377
2026-08-10T10:45:00+00:00,3031.4500000000003,3031.7200000000003,3028.6100000000006,3029.2500000000005,351
2026-08-10T11:00:00+00:00,3029.2500000000005,3030.6100000000006,3028.55,3029.1600000000003,481
2026-08-10T11:15:00+00:00,3029.1600000000003,3031.5200000000004,3029.1600000000003,3031.4100000000003,306
2026-08-10T11:30:00+00:00,3031.4100000000003,3033.6200000000003,3031.4100000000003,3032.7200000000003,329
2026-08-10T11:45:00+00:00,3032.7200000000003,3035.1200000000003,3032.3,3035.0600000000004,428
2026-08-10T12:00:00+00:00,3035.0600000000004,3036.8700000000003,3034.4500000000003,3035.1500000000005,503
2026-08-10T12:15:00+00:00,3035.1500000000005,3035.51,3032.32,3034.01,450
2026-08-10T12:30:00+00:00,3034.01,3034.3700000000003,3028.9100000000003,3030.05,543
2026-08-10T12:45:00+00:00,3030.05,3030.05,3026.6500000000005,3027.2000000000003,506
2026-08-10T13:00:00+00:00,3027.2000000000003,3027.7500000000005,3025.4500000000003,3026.7000000000003,1006
2026-08-10T13:15:00+00:00,3026.7000000000003,3027.9700000000003,3024.2500000000005,3027.8100000000004,1738
2026-08-10T13:30:00+00:00,3027.8100000000004,3037.2700000000004,3024.7500000000005,3029.8600000000006,16541
2026-08-10T13:45:00+00:00,3029.8600000000006,3034.4000000000005,3027.01,3029.1700000000005,10629
2026-08-10T14:00:00+00:00,3029.1700000000005,3033.5200000000004,3027.82,3028.51,7790
2026-08-10T14:15:00+00:00,3028.51,3034.9100000000003,3027.0000000000005,3031.7000000000003,6902
2026-08-10T14:30:00+00:00,3031.7000000000003,3032.1100000000006,3026.76,3027.8100000000004,6208
2026-08-10T14:45:00+00:00,3027.8100000000004,3032.2100000000005,3023.4200000000005,3023.51,6272
2026-08-10T15:00:00+00:00,3023.51,3026.82,3022.8100000000004,3026.5600000000004,6551
2026-08-10T15:15:00+00:00,3026.5600000000004,3028.1700000000005,3024.6000000000004,3024.6500000000005,5400
2026-08-10T15:30:00+00:00,3024.6500000000005,3025.4100000000003,3021.5000000000005,3023.4100000000003,4699
2026-08-10T15:45:00+00:00,3023.4100000000003,3027.2500000000005,3021.9100000000003,3025.55,3612
2026-08-10T16:00:00+00:00,3025.55,3025.9200000000005,3021.4500000000003,3021.6100000000006,3566
2026-08-10T16:15:00+00:00,3021.6100000000006,3022.5200000000004,3019.9000000000005,3020.8,3234
2026-08-10T16:30:00+00:00,3020.8,3022.4000000000005,3013.51,3019.07,5084
2026-08-10T16:45:00+00:00,3019.07,3022.57,3018.1100000000006,3022.1700000000005,3594
2026-08-10T17:00:00+00:00,3022.1700000000005,3022.6200000000003,3017.9200000000005,3018.7700000000004,3133
2026-08-10T17:15:00+00:00,3018.7700000000004,3019.32,3017.8700000000003,3018.7100000000005,2279
2026-08-10T17:30:00+00:00,3018.7100000000005,3020.51,3016.82,3017.2000000000003,2426
2026-08-10T17:45:00+00:00,3017.2000000000003,3020.2100000000005,3016.8500000000004,3019.1600000000003,2236
2026-08-10T18:00:00+00:00,3019.1600000000003,3020.8700000000003,3018.6000000000004,3018.82,2276
2026-08-10T18:15:00+00:00,3018.82,3019.57,3018.1000000000004,3018.9100000000003,1697
2026-08-10T18:30:00+00:00,3018.9100000000003,3020.9700000000003,3017.9500000000003,3020.4500000000003,1770
2026-08-10T18:45:00+00:00,3020.4500000000003,3021.1700000000005,3019.4000000000005,3019.9200000000005,1630
2026-08-10T19:00:00+00:00,3019.9200000000005,3023.0200000000004,3019.3500000000004,3022.2500000000005,1707
2026-08-10T19:15:00+00:00,3022.2500000000005,3023.5200000000004,3021.6100000000006,3022.3700000000003,1574
2026-08-10T19:30:00+00:00,3022.3700000000003,3023.1200000000003,3020.8500000000004,3022.1200000000003,2277
2026-08-10T19:45:00+00:00,3022.1200000000003,3023.6000000000004,3019.4600000000005,3023.0000000000005,3807
2026-08-10T20:00:00+00:00,3023.0000000000005,3023.05,3021.6600000000003,3022.1000000000004,910
2026-08-10T20:15:00+00:00,3022.1000000000004,3022.9700000000003,3021.6000000000004,3022.9500000000003,364
2026-08-10T20:30:00+00:00,3022.9500000000003,3023.07,3021.9000000000005,3022.6700000000005,219
2026-08-10T20:45:00+00:00,3022.6700000000005,3023.8,3022.4500000000003,3023.01,330
2026-08-10T22:00:00+00:00,3023.01,3024.1300000000006,3021.4700000000003,3021.5400000000004,419
2026-08-10T22:15:00+00:00,3021.5400000000004,3021.6900000000005,3019.9300000000003,3020.4300000000003,208
2026-08-10T22:30:00+00:00,3020.4300000000003,3020.7400000000002,3019.1800000000003,3019.6200000000003,182
2026-08-10T22:45:00+00:00,3019.6200000000003,3020.0200000000004,3019.3700000000003,3019.9200000000005,96
2026-08-10T23:00:00+00:00,3019.9200000000005,3020.7900000000004,3019.6300000000006,3020.6900000000005,195
2026-08-10T23:15:00+00:00,3020.6900000000005,3020.9900000000002,3019.3700000000003,3019.6200000000003,214
2026-08-10T23:30:00+00:00,3019.6200000000003,3020.0400000000004,3019.0900000000006,3019.7200000000003,198
2026-08-10T23:45:00+00:00,3019.7200000000003,3020.0900000000006,3017.6200000000003,3019.3700000000003,747
2026-08-11T00:00:00+00:00,3019.3700000000003,3020.7900000000004,3017.9900000000002,3020.4900000000002,1313
2026-08-11T00:15:00+00:00,3020.4900000000002,3021.2400000000002,3019.2200000000003,3021.0900000000006,867
2026-08-11T00:30:00+00:00,3021.0900000000006,3022.7900000000004,3020.8700000000003,3022.5400000000004,518
2026-08-11T00:45:00+00:00,3022.5400000000004,3022.7900000000004,3021.7700000000004,3022.1900000000005,464
2026-08-11T01:00:00+00:00,3022.1900000000005,3025.7400000000002,3021.1700000000005,3025.57,774
2026-08-11T01:15:00+00:00,3025.57,3025.8900000000003,3023.9900000000002,3025.6200000000003,633
2026-08-11T01:30:00+00:00,3025.6200000000003,3026.2400000000002,3025.1200000000003,3025.8400000000006,732
2026-08-11T01:45:00+00:00,3025.8400000000006,3027.3800000000006,3025.4200000000005,3026.0400000000004,625
2026-08-11T02:00:00+00:00,3026.0400000000004,3027.28,3025.9400000000005,3027.1200000000003,385
2026-08-11T02:15:00+00:00,3027.1200000000003,3027.5800000000004,3026.5200000000004,3027.4900000000002,451
2026-08-11T02:30:00+00:00,3027.4900000000002,3028.7900000000004,3027.4900000000002,3028.78,321
2026-08-11T02:45:00+00:00,3028.78,3028.9400000000005,3027.7200000000003,3028.1300000000006,300
2026-08-11T03:00:00+00:00,3028.1300000000006,3029.2700000000004,3028.0200000000004,3028.6700000000005,241
2026-08-11T03:15:00+00:00,3028.6700000000005,3030.2700000000004,3028.3700000000003,3029.9200000000005,289
2026-08-11T03:30:00+00:00,3029.9200000000005,3029.9700000000003,3028.7200000000003,3028.7400000000002,362
2026-08-11T03:45:00+00:00,3028.7400000000002,3028.9200000000005,3027.9300000000003,3028.2700000000004,427
2026-08-11T04:00:00+00:00,3028.2700000000004,3029.0400000000004,3028.2700000000004,3028.9200000000005,325
2026-08-11T04:15:00+00:00,3028.9200000000005,3029.2400000000002,3028.4800000000005,3029.1300000000006,297
2026-08-11T04:30:00+00:00,3029.1300000000006,3030.2400000000002,3028.7400000000002,3028.8800000000006,570
2026-08-11T04:45:00+00:00,3028.8800000000006,3029.4300000000003,3028.7400000000002,3029.0200000000004,269
2026-08-11T05:00:00+00:00,3029.0200000000004,3029.9400000000005,3028.7200000000003,3029.8700000000003,456
2026-08-11T05:15:00+00:00,3029.8700000000003,3029.9800000000005,3027.9200000000005,3028.1200000000003,503
2026-08-11T05:30:00+00:00,3028.1200000000003,3029.2900000000004,3027.32,3028.6400000000003,464
2026-08-11T05:45:00+00:00,3028.6400000000003,3028.78,3025.5900000000006,3025.6300000000006,502
2026-08-11T06:00:00+00:00,3025.6300000000006,3027.7900000000004,3025.28,3027.32,646
2026-08-11T06:15:00+00:00,3027.32,3027.7400000000002,3023.8700000000003,3024.2200000000003,688
2026-08-11T06:30:00+00:00,3024.2200000000003,3025.3900000000003,3022.1200000000003,3024.1800000000003,1266
2026-08-11T06:45:00+00:00,3024.1800000000003,3024.7400000000002,3022.32,3023.9200000000005,905
2026-08-11T07:00:00+00:00,3023.9200000000005,3025.1900000000005,3022.53,3024.0400000000004,1388
2026-08-11T07:15:00+00:00,3024.0400000000004,3024.4300000000003,3022.4300000000003,3023.8700000000003,1052
2026-08-11T07:30:00+00:00,3023.8700000000003,3026.3300000000004,3023.82,3025.2400000000002,1088
2026-08-11T07:45:00+00:00,3025.2400000000002,3025.7400000000002,3024.0800000000004,3025.2200000000003,933
2026-08-11T08:00:00+00:00,3025.2200000000003,3028.4300000000003,3022.9200000000005,3022.9200000000005,1156
2026-08-11T08:15:00+00:00,3022.9200000000005,3023.4800000000005,3021.8300000000004,3022.5900000000006,1101
2026-08-11T08:30:00+00:00,3022.5900000000006,3023.5400000000004,3021.57,3023.2400000000002,870
2026-08-11T08:45:00+00:00,3023.2400000000002,3023.2400000000002,3020.5200000000004,3020.82,513
2026-08-11T09:00:00+00:00,3020.82,3021.1400000000003,3018.6700000000005,3019.4200000000005,756
2026-08-11T09:15:00+00:00,3019.4200000000005,3020.9900000000002,3018.3300000000004,3019.1300000000006,623
2026-08-11T09:30:00+00:00,3019.1300000000006,3021.9400000000005,3019.1200000000003,3021.3300000000004,995
2026-08-11T09:45:00+00:00,3021.3300000000004,3022.1700000000005,3020.8800000000006,3021.5400000000004,688
2026-08-11T10:00:00+00:00,3021.5400000000004,3022.3700000000003,3020.3300000000004,3020.3900000000003,653
2026-08-11T10:15:00+00:00,3020.3900000000003,3027.8900000000003,3020.3300000000004,3026.1400000000003,1463
2026-08-11T10:30:00+00:00,3026.1400000000003,3026.2400000000002,3023.6200000000003,3025.57,1162
2026-08-11T10:45:00+00:00,3025.57,3025.9400000000005,3023.9200000000005,3025.0900000000006,443
2026-08-11T11:00:00+00:00,3025.0900000000006,3034.9800000000005,3024.7700000000004,3030.9300000000003,4484
2026-08-11T11:15:00+00:00,3030.9300000000003,3032.1400000000003,3027.07,3028.7400000000002,1220
2026-08-11T11:30:00+00:00,3028.7400000000002,3029.2300000000005,3027.0200000000004,3029.0200000000004,866
2026-08-11T11:45:00+00:00,3029.0200000000004,3030.5900000000006,3028.8400000000006,3030.2700000000004,669
2026-08-11T12:00:00+00:00,3030.2700000000004,3031.9900000000002,3028.82,3031.9900000000002,776
2026-08-11T12:15:00+00:00,3031.9900000000002,3032.53,3026.07,3026.7700000000004,1509
2026-08-11T12:30:00+00:00,3026.7700000000004,3028.07,3025.5400000000004,3027.0900000000006,782
2026-08-11T12:45:00+00:00,3027.0900000000006,3027.1400000000003,3025.32,3025.7400000000002,629
2026-08-11T13:00:00+00:00,3025.7400000000002,3029.4700000000003,3025.4400000000005,3029.03,1305
2026-08-11T13:15:00+00:00,3029.03,3032.4400000000005,3028.6300000000006,3032.2900000000004,1642
2026-08-11T13:30:00+00:00,3032.2900000000004,3038.9800000000005,3030.2200000000003,3035.1900000000005,17576
2026-08-11T13:45:00+00:00,3035.1900000000005,3042.8900000000003,3034.57,3042.8700000000003,11356
2026-08-11T14:00:00+00:00,3042.8700000000003,3043.5900000000006,3036.8900000000003,3040.4800000000005,10483
2026-08-11T14:15:00+00:00,3040.4800000000005,3043.6800000000003,3037.7200000000003,3040.28,8883
2026-08-11T14:30:00+00:00,3040.28,3040.7200000000003,3035.6400000000003,3036.2300000000005,7474
2026-08-11T14:45:00+00:00,3036.2300000000005,3040.0800000000004,3035.6800000000003,3036.6800000000003,6408
2026-08-11T15:00:00+00:00,3036.6800000000003,3037.7300000000005,3032.8700000000003,3035.2700000000004,5836
2026-08-11T15:15:00+00:00,3035.2700000000004,3035.2700000000004,3031.5900000000006,3032.57,5077
2026-08-11T15:30:00+00:00,3032.57,3033.3900000000003,3029.32,3030.9200000000005,5901
2026-08-11T15:45:00+00:00,3030.9200000000005,3034.3900000000003,3030.3300000000004,3033.8900000000003,4016
2026-08-11T16:00:00+00:00,3033.8900000000003,3037.3800000000006,3033.8900000000003,3036.1200000000003,3399
2026-08-11T16:15:00+00:00,3036.1200000000003,3039.1800000000003,3035.6900000000005,3035.9400000000005,3556
2026-08-11T16:30:00+00:00,3035.9400000000005,3036.6900000000005,3032.7700000000004,3035.4400000000005,2954
2026-08-11T16:45:00+00:00,3035.4400000000005,3037.6900000000005,3034.1700000000005,3036.3900000000003,3161
2026-08-11T17:00:00+00:00,3036.3900000000003,3037.1900000000005,3034.4200000000005,3034.5400000000004,3216
2026-08-11T17:15:00+00:00,3034.5400000000004,3036.82,3033.9800000000005,3036.1400000000003,3284
2026-08-11T17:30:00+00:00,3036.1400000000003,3038.4300000000003,3035.2300000000005,3036.8700000000003,2600
2026-08-11T17:45:00+00:00,3036.8700000000003,3037.7400000000002,3035.82,3036.7300000000005,2308
2026-08-11T18:00:00+00:00,3036.7300000000005,3038.7300000000005,3036.07,3038.5400000000004,3074
2026-08-11T18:15:00+00:00,3038.5400000000004,3039.4900000000002,3032.6700000000005,3033.2700000000004,3569
2026-08-11T18:30:00+00:00,3033.2700000000004,3037.78,3033.2300000000005,3034.8700000000003,3532
2026-08-11T18:45:00+00:00,3034.8700000000003,3037.3800000000006,3034.8700000000003,3035.9700000000003,2507
2026-08-11T19:00:00+00:00,3035.9700000000003,3036.4300000000003,3033.5200000000004,3035.2700000000004,2567
2026-08-11T19:15:00+00:00,3035.2700000000004,3038.0900000000006,3034.5200000000004,3036.2700000000004,2462
2026-08-11T19:30:00+00:00,3036.2700000000004,3037.28,3033.1400000000003,3033.5900000000006,2821
2026-08-11T19:45:00+00:00,3033.5900000000006,3034.6800000000003,3032.2200000000003,3033.6700000000005,4914
2026-08-11T20:00:00+00:00,3033.6700000000005,3034.3900000000003,3032.5800000000004,3034.07,1193
2026-08-11T20:15:00+00:00,3034.07,3035.28,3033.6800000000003,3035.28,630
2026-08-11T20:30:00+00:00,3035.28,3036.28,3034.7300000000005,3035.1900000000005,366
2026-08-11T20:45:00+00:00,3035.1900000000005,3035.2400000000002,3032.8400000000006,3033.6700000000005,540
2026-08-11T22:00:00+00:00,3033.6700000000005,3035.7500000000005,3033.5000000000005,3035.4000000000005,210
2026-08-11T22:15:00+00:00,3035.4000000000005,3035.5200000000004,3034.07,3034.2500000000005,167
2026-08-11T22:30:00+00:00,3034.2500000000005,3034.32,3033.3,3033.57,212
2026-08-11T22:45:00+00:00,3033.57,3034.07,3033.3600000000006,3033.7000000000003,161
2026-08-11T23:00:00+00:00,3033.7000000000003,3033.9700000000003,3033.3500000000004,3033.4600000000005,129
2026-08-11T23:15:00+00:00,3033.4600000000005,3034.07,3033.3600000000006,3033.9600000000005,86
2026-08-11T23:30:00+00:00,3033.9600000000005,3033.9600000000005,3032.9500000000003,3033.3,115
2026-08-11T23:45:00+00:00,3033.3,3034.3100000000004,3033.2100000000005,3034.1200000000003,243
2026-08-12T00:00:00+00:00,3034.1200000000003,3034.4500000000003,3032.7000000000003,3033.4600000000005,760
2026-08-12T00:15:00+00:00,3033.4600000000005,3034.1500000000005,3031.9600000000005,3032.0200000000004,515
2026-08-12T00:30:00+00:00,3032.0200000000004,3032.4200000000005,3031.07,3031.3500000000004,423
2026-08-12T00:45:00+00:00,3031.3500000000004,3032.8600000000006,3031.0000000000005,3032.7100000000005,361
2026-08-12T01:00:00+00:00,3032.7100000000005,3033.3600000000006,3032.3,3032.9200000000005,467
2026-08-12T01:15:00+00:00,3032.9200000000005,3033.05,3032.07,3032.9000000000005,379
2026-08-12T01:30:00+00:00,3032.9000000000005,3033.9200000000005,3032.4100000000003,3033.8600000000006,267
2026-08-12T01:45:00+00:00,3033.8600000000006,3034.3600000000006,3032.6600000000003,3033.2100000000005,306
2026-08-12T02:00:00+00:00,3033.2100000000005,3034.3700000000003,3033.2100000000005,3034.3600000000006,306
2026-08-12T02:15:00+00:00,3034.3600000000006,3034.6000000000004,3033.7100000000005,3034.4700000000003,231
2026-08-12T02:30:00+00:00,3034.4700000000003,3034.9600000000005,3034.26,3034.3500000000004,184
2026-08-12T02:45:00+00:00,3034.3500000000004,3035.32,3034.2500000000005,3035.32,172
2026-08-12T03:00:00+00:00,3035.32,3035.9200000000005,3035.0000000000005,3035.5600000000004,161
2026-08-12T03:15:00+00:00,3035.5600000000004,3035.57,3034.8500000000004,3035.26,125
2026-08-12T03:30:00+00:00,3035.26,3035.3700000000003,3034.1700000000005,3034.2500000000005,231
2026-08-12T03:45:00+00:00,3034.2500000000005,3035.2500000000005,3034.2500000000005,3035.1700000000005,167
2026-08-12T04:00:00+00:00,3035.1700000000005,3036.3700000000003,3035.1700000000005,3035.9700000000003,177
2026-08-12T04:15:00+00:00,3035.9700000000003,3035.9700000000003,3034.9600000000005,3035.7200000000003,185
2026-08-12T04:30:00+00:00,3035.7200000000003,3035.8500000000004,3034.57,3035.51,199
2026-08-12T04:45:00+00:00,3035.51,3037.0000000000005,3035.2000000000003,3036.8500000000004,143
2026-08-12T05:00:00+00:00,3036.8500000000004,3037.0600000000004,3036.05,3036.05,189
2026-08-12T05:15:00+00:00,3036.05,3037.4200000000005,3035.1100000000006,3037.2500000000005,215
2026-08-12T05:30:00+00:00,3037.2500000000005,3037.9100000000003,3036.9000000000005,3037.3700000000003,256
2026-08-12T05:45:00+00:00,3037.3700000000003,3038.07,3037.3500000000004,3037.4500000000003,186
2026-08-12T06:00:00+00:00,3037.4500000000003,3038.0200000000004,3036.3100000000004,3036.6600000000003,295
2026-08-12T06:15:00+00:00,3036.6600000000003,3037.9700000000003,3036.2200000000003,3037.7700000000004,306
2026-08-12T06:30:00+00:00,3037.7700000000004,3038.5600000000004,3036.7500000000005,3037.01,347
2026-08-12T06:45:00+00:00,3037.01,3038.2100000000005,3037.01,3038.0200000000004,237
2026-08-12T07:00:00+00:00,3038.0200000000004,3038.3700000000003,3036.9500000000003,3037.26,487
2026-08-12T07:15:00+00:00,3037.26,3038.01,3036.2000000000003,3036.4700000000003,348
2026-08-12T07:30:00+00:00,3036.4700000000003,3038.4600000000005,3036.1000000000004,3038.3500000000004,339
2026-08-12T07:45:00+00:00,3038.3500000000004,3038.4200000000005,3036.9500000000003,3038.01,278
2026-08-12T08:00:00+00:00,3038.01,3039.6100000000006,3037.6500000000005,3038.7700000000004,457
2026-08-12T08:15:00+00:00,3038.7700000000004,3039.3500000000004,3037.6600000000003,3038.8,333
2026-08-12T08:30:00+00:00,3038.8,3038.8100000000004,3035.8700000000003,3036.7000000000003,361
2026-08-12T08:45:00+00:00,3036.7000000000003,3038.57,3036.5200000000004,3038.3,275
2026-08-12T09:00:00+00:00,3038.3,3039.3100000000004,3038.1000000000004,3038.7200000000003,304
2026-08-12T09:15:00+00:00,3038.7200000000003,3043.6200000000003,3038.55,3040.1700000000005,1139
2026-08-12T09:30:00+00:00,3040.1700000000005,3041.6000000000004,3040.0000000000005,3040.2000000000003,519
2026-08-12T09:45:00+00:00,3040.2000000000003,3042.7200000000003,3037.7100000000005,3039.01,790
2026-08-12T10:00:00+00:00,3039.01,3041.0200000000004,3038.8500000000004,3040.3100000000004,345
2026-08-12T10:15:00+00:00,3040.3100000000004,3041.2000000000003,3038.8500000000004,3038.8500000000004,282
2026-08-12T10:30:00+00:00,3038.8500000000004,3039.3100000000004,3038.2500000000005,3039.1500000000005,250
2026-08-12T10:45:00+00:00,3039.1500000000005,3039.1500000000005,3034.7200000000003,3036.2500000000005,985
2026-08-12T11:00:00+00:00,3036.2500000000005,3038.6500000000005,3035.7100000000005,3036.7100000000005,494
2026-08-12T11:15:00+00:00,3036.7100000000005,3038.1500000000005,3035.76,3037.4700000000003,296
2026-08-12T11:30:00+00:00,3037.4700000000003,3040.2700000000004,3037.2100000000005,3040.05,417
2026-08-12T11:45:00+00:00,3040.05,3042.0200000000004,3039.2000000000003,3041.4700000000003,411
2026-08-12T12:00:00+00:00,3041.4700000000003,3041.9200000000005,3038.9000000000005,3040.4500000000003,505
2026-08-12T12:15:00+00:00,3040.4500000000003,3052.9000000000005,3040.4500000000003,3050.9100000000003,1127
2026-08-12T12:30:00+00:00,3050.9100000000003,3054.5200000000004,3039.2100000000005,3050.1700000000005,5221
2026-08-12T12:45:00+00:00,3050.1700000000005,3051.6600000000003,3048.1700000000005,3050.7000000000003,2289
2026-08-12T13:00:00+00:00,3050.7000000000003,3054.26,3049.4200000000005,3051.8600000000006,1913
2026-08-12T13:15:00+00:00,3051.8600000000006,3053.82,3050.8700000000003,3053.1500000000005,2093
2026-08-12T13:30:00+00:00,3053.1500000000005,3057.1200000000003,3045.9000000000005,3046.3500000000004,17170
2026-08-12T13:45:00+00:00,3046.3500000000004,3050.6200000000003,3042.2100000000005,3042.3700000000003,10337
2026-08-12T14:00:00+00:00,3042.3700000000003,3044.3600000000006,3039.9000000000005,3039.9600000000005,8969
2026-08-12T14:15:00+00:00,3039.9600000000005,3044.2000000000003,3039.1500000000005,3041.0000000000005,6902
2026-08-12T14:30:00+00:00,3041.0000000000005,3041.6200000000003,3033.01,3038.1100000000006,8735
2026-08-12T14:45:00+00:00,3038.1100000000006,3038.6700000000005,3034.55,3035.0600000000004,6628
2026-08-12T15:00:00+00:00,3035.0600000000004,3040.1200000000003,3033.4000000000005,3039.05,6108
2026-08-12T15:15:00+00:00,3039.05,3043.0200000000004,3038.1000000000004,3043.0200000000004,5159
2026-08-12T15:30:00+00:00,3043.0200000000004,3044.2100000000005,3040.6000000000004,3042.51,4467
2026-08-12T15:45:00+00:00,3042.51,3044.4600000000005,3040.5000000000005,3044.0600000000004,3823
2026-08-12T16:00:00+00:00,3044.0600000000004,3049.1200000000003,3043.9500000000003,3048.4500000000003,3013
2026-08-12T16:15:00+00:00,3048.4500000000003,3049.9600000000005,3046.6500000000005,3046.7000000000003,2506
2026-08-12T16:30:00+00:00,3046.7000000000003,3048.9700000000003,3046.3,3047.6500000000005,2481
2026-08-12T16:45:00+00:00,3047.6500000000005,3048.57,3044.9000000000005,3045.7700000000004,2207
2026-08-12T17:00:00+00:00,3045.7700000000004,3046.51,3044.4000000000005,3045.5600000000004,2084
2026-08-12T17:15:00+00:00,3045.5600000000004,3046.1100000000006,3043.32,3045.7700000000004,2146
2026-08-12T17:30:00+00:00,3045.7700000000004,3047.4200000000005,3045.3600000000006,3045.82,1803
2026-08-12T17:45:00+00:00,3045.82,3046.6700000000005,3044.9000000000005,3046.3,1686
2026-08-12T18:00:00+00:00,3046.3,3048.9200000000005,3045.9500000000003,3048.3100000000004,1791
2026-08-12T18:15:00+00:00,3048.3100000000004,3050.6700000000005,3048.2000000000003,3049.3100000000004,1564
2026-08-12T18:30:00+00:00,3049.3100000000004,3053.6100000000006,3049.1000000000004,3052.4000000000005,1649
2026-08-12T18:45:00+00:00,3052.4000000000005,3053.1600000000003,3051.1100000000006,3051.1500000000005,1554
2026-08-12T19:00:00+00:00,3051.1500000000005,3056.57,3051.0600000000004,3055.51,1515
2026-08-12T19:15:00+00:00,3055.51,3057.0200000000004,3053.5200000000004,3054.5200000000004,1742
2026-08-12T19:30:00+00:00,3054.5200000000004,3054.8100000000004,3052.2100000000005,3053.82,2730
2026-08-12T19:45:00+00:00,3053.82,3054.6500000000005,3049.9000000000005,3050.6000000000004,3784
2026-08-12T20:00:00+00:00,3050.6000000000004,3054.0200000000004,3050.01,3052.8700000000003,1391
2026-08-12T20:15:00+00:00,3052.8700000000003,3053.4200000000005,3052.3100000000004,3052.76,350
2026-08-12T20:30:00+00:00,3052.76,3053.5600000000004,3051.5000000000005,3051.57,310
2026-08-12T20:45:00+00:00,3051.57,3052.3100000000004,3050.7700000000004,3051.1000000000004,298
2026-08-12T22:00:00+00:00,3051.1000000000004,3054.3700000000003,3051.1000000000004,3052.4700000000003,631
2026-08-12T22:15:00+00:00,3052.4700000000003,3053.1200000000003,3052.2000000000003,3052.55,213
2026-08-12T22:30:00+00:00,3052.55,3052.9500000000003,3051.55,3052.8500000000004,204
2026-08-12T22:45:00+00:00,3052.8500000000004,3053.2500000000005,3052.4900000000002,3052.9900000000002,162
2026-08-12T23:00:00+00:00,3052.9900000000002,3054.1600000000008,3052.8500000000004,3054.140000000001,169.32934682612694
2026-08-12T23:15:00+00:00,3054.140000000001,3054.2100000000005,3053.850000000001,3054.1500000000005,173
2026-08-12T23:30:00+00:00,3054.1500000000005,3054.2900000000004,3053.4900000000007,3054.2000000000007,186
2026-08-12T23:45:00+00:00,3054.2000000000007,3054.2000000000007,3052.600000000001,3052.7900000000004,1423
2026-08-13T00:00:00+00:00,3052.7900000000004,3054.9900000000007,3052.1500000000005,3053.8000000000006,2257
2026-08-13T00:15:00+00:00,3053.8000000000006,3054.4400000000005,3052.5400000000004,3052.5600000000004,1490
2026-08-13T00:30:00+00:00,3052.5600000000004,3053.8100000000004,3052.2500000000005,3053.3100000000004,1544
2026-08-13T00:45:00+00:00,3053.3100000000004,3054.0600000000004,3052.7400000000007,3053.8000000000006,1254
2026-08-13T01:00:00+00:00,3053.8000000000006,3054.0600000000004,3051.0500000000006,3051.140000000001,1430
2026-08-13T01:15:00+00:00,3051.140000000001,3051.6600000000008,3050.640000000001,3051.2400000000007,1060
2026-08-13T01:30:00+00:00,3051.2400000000007,3052.9600000000005,3051.140000000001,3052.4500000000007,1181
2026-08-13T01:45:00+00:00,3052.4500000000007,3054.4100000000008,3052.0900000000006,3053.5600000000004,927
2026-08-13T02:00:00+00:00,3053.5600000000004,3055.0100000000007,3053.5600000000004,3054.890000000001,655
2026-08-13T02:15:00+00:00,3054.890000000001,3055.1100000000006,3053.9900000000007,3054.1900000000005,1199
2026-08-13T02:30:00+00:00,3054.1900000000005,3055.1100000000006,3053.2900000000004,3054.9000000000005,895
2026-08-13T02:45:00+00:00,3054.9000000000005,3055.1600000000008,3054.3100000000004,3054.4600000000005,775
2026-08-13T03:00:00+00:00,3054.4600000000005,3054.6100000000006,3053.7600000000007,3054.3400000000006,874
2026-08-13T03:15:00+00:00,3054.3400000000006,3054.5600000000004,3053.8000000000006,3054.0900000000006,701
2026-08-13T03:30:00+00:00,3054.0900000000006,3054.6600000000008,3053.6900000000005,3054.640000000001,836
2026-08-13T03:45:00+00:00,3054.640000000001,3054.9100000000008,3053.9900000000007,3053.9900000000007,393
2026-08-13T04:00:00+00:00,3053.9900000000007,3054.6600000000008,3053.640000000001,3053.7500000000005,743
2026-08-13T04:15:00+00:00,3053.7500000000005,3054.6600000000008,3052.7600000000007,3054.3100000000004,867
2026-08-13T04:30:00+00:00,3054.3100000000004,3054.9500000000007,3054.140000000001,3054.3000000000006,856
2026-08-13T04:45:00+00:00,3054.3000000000006,3055.2100000000005,3053.9400000000005,3054.3400000000006,906
2026-08-13T05:00:00+00:00,3054.3400000000006,3055.9600000000005,3054.3400000000006,3055.6100000000006,592
2026-08-13T05:15:00+00:00,3055.6100000000006,3055.7600000000007,3054.8400000000006,3055.5500000000006,423
2026-08-13T05:30:00+00:00,3055.5500000000006,3056.0500000000006,3054.7900000000004,3055.4500000000007,531
2026-08-13T05:45:00+00:00,3055.4500000000007,3055.9500000000007,3054.7400000000007,3054.850000000001,586
2026-08-13T06:00:00+00:00,3054.850000000001,3056.6600000000008,3054.7400000000007,3056.2600000000007,870
2026-08-13T06:15:00+00:00,3056.2600000000007,3056.7400000000007,3055.8400000000006,3056.2600000000007,546
2026-08-13T06:30:00+00:00,3056.2600000000007,3056.4600000000005,3055.3000000000006,3055.8000000000006,767
2026-08-13T06:45:00+00:00,3055.8000000000006,3057.4400000000005,3055.1500000000005,3057.1900000000005,495
2026-08-13T07:00:00+00:00,3057.1900000000005,3057.6100000000006,3055.0400000000004,3055.140000000001,885
2026-08-13T07:15:00+00:00,3055.140000000001,3055.6900000000005,3054.140000000001,3055.5500000000006,665
2026-08-13T07:30:00+00:00,3055.5500000000006,3057.7100000000005,3055.2900000000004,3057.640000000001,776
2026-08-13T07:45:00+00:00,3057.640000000001,3057.6900000000005,3056.100000000001,3056.100000000001,626
2026-08-13T08:00:00+00:00,3056.100000000001,3058.6100000000006,3055.3000000000006,3058.0000000000005,1244
2026-08-13T08:15:00+00:00,3058.0000000000005,3058.6100000000006,3055.6900000000005,3056.8600000000006,961
2026-08-13T08:30:00+00:00,3056.8600000000006,3057.3100000000004,3056.1900000000005,3056.8400000000006,632
2026-08-13T08:45:00+00:00,3056.8400000000006,3057.1600000000008,3055.9400000000005,3056.5500000000006,380
2026-08-13T09:00:00+00:00,3056.5500000000006,3058.0100000000007,3056.140000000001,3057.3000000000006,663
2026-08-13T09:15:00+00:00,3057.3000000000006,3058.0600000000004,3056.8400000000006,3057.0400000000004,674
2026-08-13T09:30:00+00:00,3057.0400000000004,3057.2900000000004,3055.7900000000004,3056.5900000000006,413
2026-08-13T09:45:00+00:00,3056.5900000000006,3057.1500000000005,3056.390000000001,3056.8400000000006,450
2026-08-13T10:00:00+00:00,3056.8400000000006,3056.9100000000008,3055.5500000000006,3056.1100000000006,365
2026-08-13T10:15:00+00:00,3056.1100000000006,3057.5500000000006,3055.890000000001,3057.0600000000004,392
2026-08-13T10:30:00+00:00,3057.0600000000004,3057.4600000000005,3056.2500000000005,3057.4100000000008,524
2026-08-13T10:45:00+00:00,3057.4100000000008,3058.350000000001,3056.9000000000005,3058.3000000000006,344
2026-08-13T11:00:00+00:00,3058.3000000000006,3060.100000000001,3058.2900000000004,3059.7900000000004,514
2026-08-13T11:15:00+00:00,3059.7900000000004,3059.9500000000007,3057.890000000001,3057.890000000001,460
2026-08-13T11:30:00+00:00,3057.890000000001,3060.3100000000004,3057.350000000001,3060.2600000000007,625
2026-08-13T11:45:00+00:00,3060.2600000000007,3060.3000000000006,3056.890000000001,3056.9500000000007,590
2026-08-13T12:00:00+00:00,3056.9500000000007,3058.9100000000008,3056.1500000000005,3057.2500000000005,1208
2026-08-13T12:15:00+00:00,3057.2500000000005,3057.7600000000007,3054.640000000001,3055.5900000000006,1222
2026-08-13T12:30:00+00:00,3055.5900000000006,3061.850000000001,3051.9900000000007,3058.9500000000007,3147
2026-08-13T12:45:00+00:00,3058.9500000000007,3059.7100000000005,3058.4400000000005,3059.2500000000005,1729
2026-08-13T13:00:00+00:00,3059.2500000000005,3060.7100000000005,3058.0000000000005,3060.4600000000005,1611
2026-08-13T13:15:00+00:00,3060.4600000000005,3065.3100000000004,3060.2100000000005,3064.5000000000005,1655
2026-08-13T13:30:00+00:00,3064.5000000000005,3073.3600000000006,3061.5400000000004,3064.4400000000005,17496
2026-08-13T13:45:00+00:00,3064.4400000000005,3069.9900000000007,3061.140000000001,3067.600000000001,11761
2026-08-13T14:00:00+00:00,3067.600000000001,3073.5500000000006,3067.5900000000006,3071.3400000000006,10224
2026-08-13T14:15:00+00:00,3071.3400000000006,3074.4900000000007,3067.390000000001,3071.1100000000006,7836
2026-08-13T14:30:00+00:00,3071.1100000000006,3071.4000000000005,3064.8000000000006,3065.3600000000006,7263
2026-08-13T14:45:00+00:00,3065.3600000000006,3066.3600000000006,3060.2000000000007,3061.350000000001,7836
2026-08-13T15:00:00+00:00,3061.350000000001,3066.2100000000005,3060.600000000001,3060.850000000001,7734
2026-08-13T15:15:00+00:00,3060.850000000001,3061.7000000000007,3053.3400000000006,3054.0500000000006,7483
2026-08-13T15:30:00+00:00,3054.0500000000006,3057.7600000000007,3053.6500000000005,3055.7400000000007,7372
2026-08-13T15:45:00+00:00,3055.7400000000007,3055.9000000000005,3052.0100000000007,3052.9400000000005,5010
2026-08-13T16:00:00+00:00,3052.9400000000005,3056.9100000000008,3052.2000000000007,3052.390000000001,4138
2026-08-13T16:15:00+00:00,3052.390000000001,3055.5400000000004,3051.0100000000007,3055.5100000000007,3745
2026-08-13T16:30:00+00:00,3055.5100000000007,3056.8600000000006,3054.0900000000006,3055.4500000000007,3361
2026-08-13T16:45:00+00:00,3055.4500000000007,3056.2600000000007,3054.390000000001,3056.0000000000005,2799
2026-08-13T17:00:00+00:00,3056.0000000000005,3057.8000000000006,3055.3100000000004,3055.7100000000005,2564
2026-08-13T17:15:00+00:00,3055.7100000000005,3057.600000000001,3055.0900000000006,3055.2500000000005,2435
2026-08-13T17:30:00+00:00,3055.2500000000005,3055.8000000000006,3053.3000000000006,3053.7900000000004,2415
2026-08-13T17:45:00+00:00,3053.7900000000004,3055.7100000000005,3053.7900000000004,3055.1500000000005,1998
2026-08-13T18:00:00+00:00,3055.1500000000005,3056.8000000000006,3054.6100000000006,3056.1100000000006,2210
2026-08-13T18:15:00+00:00,3056.1100000000006,3057.2400000000007,3054.9900000000007,3055.8400000000006,2189
2026-08-13T18:30:00+00:00,3055.8400000000006,3057.5900000000006,3054.8400000000006,3056.8600000000006,2303
2026-08-13T18:45:00+00:00,3056.8600000000006,3060.5100000000007,3056.6900000000005,3059.9400000000005,2267
2026-08-13T19:00:00+00:00,3059.9400000000005,3063.1100000000006,3059.7900000000004,3060.6500000000005,2482
2026-08-13T19:15:00+00:00,3060.6500000000005,3061.5600000000004,3058.7000000000007,3058.9100000000008,2591
2026-08-13T19:30:00+00:00,3058.9100000000008,3060.6100000000006,3057.9100000000008,3058.890000000001,2950
2026-08-13T19:45:00+00:00,3058.890000000001,3059.6100000000006,3056.7400000000007,3058.3100000000004,4043
2026-08-13T20:00:00+00:00,3058.3100000000004,3059.7100000000005,3057.2000000000007,3057.8100000000004,1459
2026-08-13T20:15:00+00:00,3057.8100000000004,3057.9900000000007,3056.8400000000006,3056.9900000000007,611
2026-08-13T20:30:00+00:00,3056.9900000000007,3058.9100000000008,3056.890000000001,3058.5600000000004,987
2026-08-13T20:45:00+00:00,3058.5600000000004,3059.2500000000005,3057.9500000000007,3058.2900000000004,830
2026-08-13T22:00:00+00:00,3058.2900000000004,3060.4500000000007,3057.0000000000005,3057.0000000000005,518
2026-08-13T22:15:00+00:00,3057.0000000000005,3057.7000000000007,3056.3600000000006,3056.7100000000005,213
2026-08-13T22:30:00+00:00,3056.7100000000005,3056.7600000000007,3056.1500000000005,3056.390000000001,143
2026-08-13T22:45:00+00:00,3056.390000000001,3056.4100000000008,3055.890000000001,3056.350000000001,121
2026-08-13T23:00:00+00:00,3056.350000000001,3057.3000000000006,3056.0900000000006,3057.1500000000005,56
2026-08-13T23:15:00+00:00,3057.1500000000005,3057.2400000000007,3056.5900000000006,3056.9100000000008,146
2026-08-13T23:30:00+00:00,3056.9100000000008,3057.4900000000007,3056.5900000000006,3057.2400000000007,195
2026-08-13T23:45:00+00:00,3057.2400000000007,3057.5000000000005,3056.2600000000007,3056.4100000000008,486
2026-08-14T00:00:00+00:00,3056.4100000000008,3057.8100000000004,3056.4000000000005,3057.0600000000004,903
2026-08-14T00:15:00+00:00,3057.0600000000004,3057.8400000000006,3055.8100000000004,3055.8100000000004,432
2026-08-14T00:30:00+00:00,3055.8100000000004,3056.3600000000006,3055.2500000000005,3055.2500000000005,317
2026-08-14T00:45:00+00:00,3055.2500000000005,3056.7000000000007,3054.850000000001,3056.4400000000005,486
2026-08-14T01:00:00+00:00,3056.4400000000005,3056.4400000000005,3055.1100000000006,3055.2900000000004,410
2026-08-14T01:15:00+00:00,3055.2900000000004,3056.640000000001,3055.1100000000006,3056.5600000000004,390
2026-08-14T01:30:00+00:00,3056.5600000000004,3057.8600000000006,3056.350000000001,3057.7400000000007,347
2026-08-14T01:45:00+00:00,3057.7400000000007,3058.1100000000006,3057.1900000000005,3057.5600000000004,380
2026-08-14T02:00:00+00:00,3057.5600000000004,3059.3000000000006,3057.2400000000007,3059.3000000000006,295
2026-08-14T02:15:00+00:00,3059.3000000000006,3059.5000000000005,3057.850000000001,3057.9600000000005,280
2026-08-14T02:30:00+00:00,3057.9600000000005,3058.3600000000006,3057.4900000000007,3057.7900000000004,236
2026-08-14T02:45:00+00:00,3057.7900000000004,3058.1600000000008,3056.3400000000006,3056.6500000000005,246
2026-08-14T03:00:00+00:00,3056.6500000000005,3057.4600000000005,3056.4000000000005,3057.2600000000007,250
2026-08-14T03:15:00+00:00,3057.2600000000007,3058.3100000000004,3057.2600000000007,3058.140000000001,146
2026-08-14T03:30:00+00:00,3058.140000000001,3058.2100000000005,3056.9600000000005,3057.0400000000004,329
2026-08-14T03:45:00+00:00,3057.0400000000004,3057.1900000000005,3056.3000000000006,3056.3600000000006,230
2026-08-14T04:00:00+00:00,3056.3600000000006,3057.0100000000007,3056.2400000000007,3056.8400000000006,358
2026-08-14T04:15:00+00:00,3056.8400000000006,3056.9600000000005,3056.3400000000006,3056.5400000000004,319
2026-08-14T04:30:00+00:00,3056.5400000000004,3057.0000000000005,3055.7500000000005,3056.5000000000005,254
2026-08-14T04:45:00+00:00,3056.5000000000005,3056.5400000000004,3055.9500000000007,3055.9900000000007,265
2026-08-14T05:00:00+00:00,3055.9900000000007,3056.1600000000008,3055.0100000000007,3055.8000000000006,332
2026-08-14T05:15:00+00:00,3055.8000000000006,3056.640000000001,3055.5500000000006,3056.5900000000006,247
2026-08-14T05:30:00+00:00,3056.5900000000006,3056.7600000000007,3055.8000000000006,3056.4000000000005,270
2026-08-14T05:45:00+00:00,3056.4000000000005,3056.6100000000006,3055.4600000000005,3055.5600000000004,123
2026-08-14T06:00:00+00:00,3055.5600000000004,3055.6100000000006,3054.140000000001,3054.7100000000005,427
2026-08-14T06:15:00+00:00,3054.7100000000005,3055.4500000000007,3054.2900000000004,3055.2500000000005,422
2026-08-14T06:30:00+00:00,3055.2500000000005,3055.6600000000008,3054.8400000000006,3055.3400000000006,398
2026-08-14T06:45:00+00:00,3055.3400000000006,3056.0000000000005,3055.0500000000006,3055.140000000001,272
2026-08-14T07:00:00+00:00,3055.140000000001,3055.8000000000006,3052.7500000000005,3053.2600000000007,591
2026-08-14T07:15:00+00:00,3053.2600000000007,3054.2100000000005,3052.4900000000007,3053.3400000000006,511
2026-08-14T07:30:00+00:00,3053.3400000000006,3053.9100000000008,3052.7400000000007,3053.4600000000005,392
2026-08-14T07:45:00+00:00,3053.4600000000005,3053.890000000001,3052.5400000000004,3052.8400000000006,448
2026-08-14T08:00:00+00:00,3052.8400000000006,3054.0400000000004,3051.8600000000006,3052.5900000000006,1028
2026-08-14T08:15:00+00:00,3052.5900000000006,3054.5600000000004,3051.600000000001,3054.3000000000006,598
2026-08-14T08:30:00+00:00,3054.3000000000006,3056.6100000000006,3054.1500000000005,3055.9400000000005,420
2026-08-14T08:45:00+00:00,3055.9400000000005,3057.3600000000006,3055.4900000000007,3055.7000000000007,308
2026-08-14T09:00:00+00:00,3055.7000000000007,3056.8400000000006,3054.7000000000007,3056.7000000000007,334
2026-08-14T09:15:00+00:00,3056.7000000000007,3057.4500000000007,3056.0900000000006,3056.7500000000005,335
2026-08-14T09:30:00+00:00,3056.7500000000005,3056.850000000001,3054.890000000001,3056.4100000000008,440
2026-08-14T09:45:00+00:00,3056.4100000000008,3056.9100000000008,3055.7400000000007,3056.600000000001,484
2026-08-14T10:00:00+00:00,3056.600000000001,3058.8600000000006,3056.140000000001,3058.2600000000007,347
2026-08-14T10:15:00+00:00,3058.2600000000007,3058.4600000000005,3056.9900000000007,3057.4600000000005,317
2026-08-14T10:30:00+00:00,3057.4600000000005,3058.2600000000007,3056.9500000000007,3057.5400000000004,308
2026-08-14T10:45:00+00:00,3057.5400000000004,3057.6100000000006,3056.7400000000007,3057.3100000000004,321
2026-08-14T11:00:00+00:00,3057.3100000000004,3057.4100000000008,3054.4900000000007,3054.7900000000004,409
2026-08-14T11:15:00+00:00,3054.7900000000004,3056.4100000000008,3054.4400000000005,3055.6900000000005,319
2026-08-14T11:30:00+00:00,3055.6900000000005,3058.6600000000008,3055.6900000000005,3058.350000000001,447
2026-08-14T11:45:00+00:00,3058.350000000001,3058.8100000000004,3056.390000000001,3057.3600000000006,364
2026-08-14T12:00:00+00:00,3057.3600000000006,3058.8000000000006,3053.4500000000007,3057.4600000000005,1016
2026-08-14T12:15:00+00:00,3057.4600000000005,3057.8600000000006,3055.9600000000005,3057.5500000000006,739
2026-08-14T12:30:00+00:00,3057.5500000000006,3061.0100000000007,3057.1500000000005,3059.3000000000006,1240
2026-08-14T12:45:00+00:00,3059.3000000000006,3060.8600000000006,3059.2900000000004,3059.7500000000005,755
2026-08-14T13:00:00+00:00,3059.7500000000005,3059.9500000000007,3056.890000000001,3057.0100000000007,922
2026-08-14T13:15:00+00:00,3057.0100000000007,3058.2500000000005,3054.640000000001,3055.0600000000004,1399
2026-08-14T13:30:00+00:00,3055.0600000000004,3060.3400000000006,3049.8600000000006,3056.9600000000005,14398
2026-08-14T13:45:00+00:00,3056.9600000000005,3066.4500000000007,3056.7600000000007,3064.1100000000006,8204
2026-08-14T14:00:00+00:00,3064.1100000000006,3070.0100000000007,3062.890000000001,3068.1600000000008,7781
2026-08-14T14:15:00+00:00,3068.1600000000008,3069.5100000000007,3065.350000000001,3069.1600000000008,8823
2026-08-14T14:30:00+00:00,3069.1600000000008,3071.8000000000006,3065.7900000000004,3067.3600000000006,7400
2026-08-14T14:45:00+00:00,3067.3600000000006,3070.0500000000006,3064.5400000000004,3066.8600000000006,5439
2026-08-14T15:00:00+00:00,3066.8600000000006,3070.600000000001,3066.5400000000004,3067.1600000000008,5465
2026-08-14T15:15:00+00:00,3067.1600000000008,3068.4500000000007,3061.2900000000004,3064.5000000000005,5305
2026-08-14T15:30:00+00:00,3064.5000000000005,3065.4100000000008,3060.4000000000005,3062.1900000000005,5111
2026-08-14T15:45:00+00:00,3062.1900000000005,3065.5600000000004,3060.890000000001,3064.8400000000006,4269
2026-08-14T16:00:00+00:00,3064.8400000000006,3067.9900000000007,3064.8400000000006,3067.7900000000004,3739
2026-08-14T16:15:00+00:00,3067.7900000000004,3070.2100000000005,3067.7400000000007,3068.7900000000004,2378
2026-08-14T16:30:00+00:00,3068.7900000000004,3069.0600000000004,3065.8400000000006,3065.850000000001,2804
2026-08-14T16:45:00+00:00,3065.850000000001,3066.600000000001,3063.3400000000006,3064.5500000000006,2697
2026-08-14T17:00:00+00:00,3064.5500000000006,3067.4900000000007,3064.0500000000006,3067.2500000000005,3054
2026-08-14T17:15:00+00:00,3067.2500000000005,3070.0600000000004,3066.8400000000006,3069.390000000001,2465
2026-08-14T17:30:00+00:00,3069.390000000001,3069.8600000000006,3066.2400000000007,3066.9900000000007,2485
2026-08-14T17:45:00+00:00,3066.9900000000007,3067.3600000000006,3064.6900000000005,3066.8400000000006,2275
2026-08-14T18:00:00+00:00,3066.8400000000006,3067.7000000000007,3064.9900000000007,3065.9600000000005,2350
2026-08-14T18:15:00+00:00,3065.9600000000005,3068.8000000000006,3065.7400000000007,3067.5600000000004,1878
2026-08-14T18:30:00+00:00,3067.5600000000004,3068.1600000000008,3066.4400000000005,3067.7500000000005,1799
2026-08-14T18:45:00+00:00,3067.7500000000005,3067.9100000000008,3066.6900000000005,3067.0600000000004,1545
2026-08-14T19:00:00+00:00,3067.0600000000004,3068.5600000000004,3065.3000000000006,3067.9500000000007,1961
2026-08-14T19:15:00+00:00,3067.9500000000007,3071.1100000000006,3067.0900000000006,3069.6100000000006,2098
2026-08-14T19:30:00+00:00,3069.6100000000006,3072.7100000000005,3069.2900000000004,3072.600000000001,2361
2026-08-14T19:45:00+00:00,3072.600000000001,3074.5000000000005,3071.600000000001,3073.4400000000005,3878
2026-08-14T20:00:00+00:00,3073.4400000000005,3073.6100000000006,3071.3000000000006,3072.100000000001,1195
2026-08-14T20:15:00+00:00,3072.100000000001,3072.350000000001,3070.8000000000006,3071.3600000000006,428
2026-08-14T20:30:00+00:00,3071.3600000000006,3071.8000000000006,3070.3100000000004,3070.4900000000007,509
2026-08-16T22:00:00+00:00,3070.4900000000007,3075.0300000000007,3070.4900000000007,3074.8800000000006,546
2026-08-16T22:15:00+00:00,3074.8800000000006,3075.3200000000006,3074.5300000000007,3074.9700000000007,301
2026-08-16T22:30:00+00:00,3074.9700000000007,3074.9800000000005,3073.4600000000005,3073.6300000000006,188
2026-08-16T22:45:00+00:00,3073.6300000000006,3074.2700000000004,3073.4100000000008,3073.8200000000006,125
2026-08-16T23:00:00+00:00,3073.8200000000006,3073.8800000000006,3073.4100000000008,3073.4800000000005,138
2026-08-16T23:15:00+00:00,3073.4800000000005,3074.0800000000004,3073.3100000000004,3073.4800000000005,186
2026-08-16T23:30:00+00:00,3073.4800000000005,3074.5200000000004,3072.9600000000005,3074.3100000000004,229
2026-08-16T23:45:00+00:00,3074.3100000000004,3075.2700000000004,3073.8800000000006,3074.4800000000005,314
2026-08-17T00:00:00+00:00,3074.4800000000005,3074.4800000000005,3072.8300000000004,3073.5700000000006,513
2026-08-17T00:15:00+00:00,3073.5700000000006,3073.6800000000007,3071.6800000000007,3071.9700000000007,346
2026-08-17T00:30:00+00:00,3071.9700000000007,3071.9700000000007,3070.9700000000007,3071.2300000000005,218
2026-08-17T00:45:00+00:00,3071.2300000000005,3072.3800000000006,3071.1600000000008,3072.2200000000007,250
2026-08-17T01:00:00+00:00,3072.2200000000007,3072.5800000000004,3070.2700000000004,3070.7100000000005,419
2026-08-17T01:15:00+00:00,3070.7100000000005,3072.2200000000007,3070.5600000000004,3071.7700000000004,269
2026-08-17T01:30:00+00:00,3071.7700000000004,3072.0200000000004,3070.370000000001,3070.9200000000005,432
2026-08-17T01:45:00+00:00,3070.9200000000005,3070.9200000000005,3068.9700000000007,3069.2100000000005,271
2026-08-17T02:00:00+00:00,3069.2100000000005,3069.8300000000004,3069.0700000000006,3069.620000000001,247
2026-08-17T02:15:00+00:00,3069.620000000001,3070.120000000001,3068.9600000000005,3069.7100000000005,225
2026-08-17T02:30:00+00:00,3069.7100000000005,3070.2100000000005,3069.2600000000007,3070.0200000000004,260
2026-08-17T02:45:00+00:00,3070.0200000000004,3070.8300000000004,3069.9600000000005,3070.6300000000006,177
2026-08-17T03:00:00+00:00,3070.6300000000006,3071.7300000000005,3070.4200000000005,3071.4700000000007,186
2026-08-17T03:15:00+00:00,3071.4700000000007,3072.4200000000005,3071.3300000000004,3072.3200000000006,155
2026-08-17T03:30:00+00:00,3072.3200000000006,3072.6300000000006,3071.7800000000007,3072.4700000000007,145
2026-08-17T03:45:00+00:00,3072.4700000000007,3072.8800000000006,3072.0700000000006,3072.6800000000007,189
2026-08-17T04:00:00+00:00,3072.6800000000007,3073.6300000000006,3072.5600000000004,3073.2800000000007,231
2026-08-17T04:15:00+00:00,3073.2800000000007,3073.2800000000007,3072.4100000000008,3072.620000000001,175
2026-08-17T04:30:00+00:00,3072.620000000001,3073.1800000000007,3072.3600000000006,3073.0200000000004,125
2026-08-17T04:45:00+00:00,3073.0200000000004,3073.3300000000004,3071.9600000000005,3072.1300000000006,149
2026-08-17T05:00:00+00:00,3072.1300000000006,3072.9800000000005,3072.1100000000006,3072.3600000000006,154
2026-08-17T05:15:00+00:00,3072.3600000000006,3072.4300000000007,3071.8100000000004,3072.4100000000008,183
2026-08-17T05:30:00+00:00,3072.4100000000008,3073.2800000000007,3072.4100000000008,3072.870000000001,259
2026-08-17T05:45:00+00:00,3072.870000000001,3074.0100000000007,3072.7800000000007,3074.0100000000007,126
2026-08-17T06:00:00+00:00,3074.0100000000007,3074.370000000001,3073.1300000000006,3073.2700000000004,330
2026-08-17T06:15:00+00:00,3073.2700000000004,3073.5200000000004,3071.9800000000005,3073.2200000000007,251
2026-08-17T06:30:00+00:00,3073.2200000000007,3073.2200000000007,3071.2600000000007,3071.2800000000007,293
2026-08-17T06:45:00+00:00,3071.2800000000007,3072.2100000000005,3071.1100000000006,3071.9700000000007,244
2026-08-17T07:00:00+00:00,3071.9700000000007,3073.4700000000007,3070.8100000000004,3070.8100000000004,573
2026-08-17T07:15:00+00:00,3070.8100000000004,3071.6800000000007,3069.2600000000007,3071.6800000000007,528
2026-08-17T07:30:00+00:00,3071.6800000000007,3072.370000000001,3070.620000000001,3072.1700000000005,482
2026-08-17T07:45:00+00:00,3072.1700000000005,3073.4600000000005,3071.6100000000006,3072.0200000000004,341
2026-08-17T08:00:00+00:00,3072.0200000000004,3072.8300000000004,3069.3200000000006,3070.2300000000005,537
2026-08-17T08:15:00+00:00,3070.2300000000005,3070.2300000000005,3069.2800000000007,3069.8100000000004,453
2026-08-17T08:30:00+00:00,3069.8100000000004,3070.7200000000007,3068.6700000000005,3068.7600000000007,361
2026-08-17T08:45:00+00:00,3068.7600000000007,3069.8200000000006,3067.9700000000007,3069.7300000000005,306
2026-08-17T09:00:00+00:00,3069.7300000000005,3070.8800000000006,3069.1800000000007,3070.3800000000006,404
2026-08-17T09:15:00+00:00,3070.3800000000006,3070.9100000000008,3069.5700000000006,3069.5700000000006,337
2026-08-17T09:30:00+00:00,3069.5700000000006,3069.9200000000005,3068.8600000000006,3069.5200000000004,267
2026-08-17T09:45:00+00:00,3069.5200000000004,3070.1300000000006,3068.4100000000008,3068.8800000000006,322
2026-08-17T10:00:00+00:00,3068.8800000000006,3070.4600000000005,3068.7600000000007,3070.4600000000005,266
2026-08-17T10:15:00+00:00,3070.4600000000005,3077.9300000000007,3069.1100000000006,3077.620000000001,982
2026-08-17T10:30:00+00:00,3077.620000000001,3077.9300000000007,3071.1600000000008,3071.9600000000005,2012
2026-08-17T10:45:00+00:00,3071.9600000000005,3072.5300000000007,3070.5600000000004,3070.8800000000006,438
2026-08-17T11:00:00+00:00,3070.8800000000006,3071.2200000000007,3070.0100000000007,3070.0800000000004,589
2026-08-17T11:15:00+00:00,3070.0800000000004,3070.7700000000004,3069.0300000000007,3070.0300000000007,461
2026-08-17T11:30:00+00:00,3070.0300000000007,3070.9600000000005,3068.870000000001,3069.2300000000005,392
2026-08-17T11:45:00+00:00,3069.2300000000005,3069.2800000000007,3066.7600000000007,3067.9200000000005,428
2026-08-17T12:00:00+00:00,3067.9200000000005,3068.5300000000007,3066.5800000000004,3068.1300000000006,560
2026-08-17T12:15:00+00:00,3068.1300000000006,3068.7200000000007,3063.120000000001,3064.870000000001,1518
2026-08-17T12:30:00+00:00,3064.870000000001,3065.870000000001,3060.5800000000004,3061.6100000000006,1078
2026-08-17T12:45:00+00:00,3061.6100000000006,3061.9100000000008,3059.7100000000005,3061.3600000000006,854
2026-08-17T13:00:00+00:00,3061.3600000000006,3062.7300000000005,3061.1300000000006,3062.7300000000005,912
2026-08-17T13:15:00+00:00,3062.7300000000005,3064.370000000001,3061.6100000000006,3061.6100000000006,1186
2026-08-17T13:30:00+00:00,3061.6100000000006,3063.8800000000006,3056.7800000000007,3059.3300000000004,13585
2026-08-17T13:45:00+00:00,3059.3300000000004,3061.9700000000007,3056.9800000000005,3057.0100000000007,8952
2026-08-17T14:00:00+00:00,3057.0100000000007,3064.9700000000007,3054.5800000000004,3061.2700000000004,8827
2026-08-17T14:15:00+00:00,3061.2700000000004,3064.1800000000007,3057.4600000000005,3064.1800000000007,6513
2026-08-17T14:30:00+00:00,3064.1800000000007,3064.9700000000007,3059.4600000000005,3059.8600000000006,5832
2026-08-17T14:45:00+00:00,3059.8600000000006,3065.4100000000008,3059.8600000000006,3062.7300000000005,5048
2026-08-17T15:00:00+00:00,3062.7300000000005,3064.6300000000006,3058.5300000000007,3058.5300000000007,4410
2026-08-17T15:15:00+00:00,3058.5300000000007,3059.9800000000005,3058.0200000000004,3058.3100000000004,3764
2026-08-17T15:30:00+00:00,3058.3100000000004,3059.2700000000004,3056.2100000000005,3058.6300000000006,3973
2026-08-17T15:45:00+00:00,3058.6300000000006,3061.8800000000006,3058.6300000000006,3061.2800000000007,2674
2026-08-17T16:00:00+00:00,3061.2800000000007,3063.5600000000004,3060.9700000000007,3063.0200000000004,2752
2026-08-17T16:15:00+00:00,3063.0200000000004,3064.4800000000005,3062.5100000000007,3063.7800000000007,2406
2026-08-17T16:30:00+00:00,3063.7800000000007,3064.4800000000005,3062.7600000000007,3063.0600000000004,2380
2026-08-17T16:45:00+00:00,3063.0600000000004,3063.8800000000006,3061.5100000000007,3063.6300000000006,2227
2026-08-17T17:00:00+00:00,3063.6300000000006,3065.0300000000007,3061.8100000000004,3061.8100000000004,2647
2026-08-17T17:15:00+00:00,3061.8100000000004,3063.2300000000005,3058.0800000000004,3058.870000000001,4092
2026-08-17T17:30:00+00:00,3058.870000000001,3059.4100000000008,3054.4600000000005,3058.9100000000008,3950
2026-08-17T17:45:00+00:00,3058.9100000000008,3059.2800000000007,3055.4600000000005,3056.0700000000006,2711
2026-08-17T18:00:00+00:00,3056.0700000000006,3057.1300000000006,3054.2100000000005,3056.4200000000005,3433
2026-08-17T18:15:00+00:00,3056.4200000000005,3058.5800000000004,3055.120000000001,3058.4100000000008,2643
2026-08-17T18:30:00+00:00,3058.4100000000008,3059.0800000000004,3056.8100000000004,3058.8200000000006,2132
2026-08-17T18:45:00+00:00,3058.8200000000006,3059.7600000000007,3058.120000000001,3059.0700000000006,1930
2026-08-17T19:00:00+00:00,3059.0700000000006,3059.620000000001,3057.4800000000005,3058.1700000000005,2082
2026-08-17T19:15:00+00:00,3058.1700000000005,3061.7200000000007,3058.120000000001,3060.2700000000004,2283
2026-08-17T19:30:00+00:00,3060.2700000000004,3060.7800000000007,3057.8100000000004,3060.1300000000006,2963
2026-08-17T19:45:00+00:00,3060.1300000000006,3063.8300000000004,3059.370000000001,3062.9300000000007,4842
2026-08-17T20:00:00+00:00,3062.9300000000007,3063.2600000000007,3061.2100000000005,3062.1800000000007,1367
2026-08-17T20:15:00+00:00,3062.1800000000007,3062.7300000000005,3061.4600000000005,3062.4100000000008,335
2026-08-17T20:30:00+00:00,3062.4100000000008,3063.0300000000007,3062.2100000000005,3062.2600000000007,283
2026-08-17T20:45:00+00:00,3062.2600000000007,3063.120000000001,3061.0100000000007,3062.6600000000008,395
2026-08-17T22:00:00+00:00,3062.6600000000008,3062.9300000000007,3061.2200000000007,3061.4100000000008,399
2026-08-17T22:15:00+00:00,3061.4100000000008,3061.4800000000005,3059.4600000000005,3060.9800000000005,384
2026-08-17T22:30:00+00:00,3060.9800000000005,3061.4700000000007,3060.3600000000006,3061.120000000001,224
2026-08-17T22:45:00+00:00,3061.120000000001,3061.8800000000006,3061.0700000000006,3061.6600000000008,194
2026-08-17T23:00:00+00:00,3061.6600000000008,3062.0700000000006,3060.6100000000006,3061.7600000000007,187
2026-08-17T23:15:00+00:00,3061.7600000000007,3062.1800000000007,3061.1600000000008,3061.9600000000005,149
2026-08-17T23:30:00+00:00,3061.9600000000005,3063.2300000000005,3061.9100000000008,3062.9200000000005,223
2026-08-17T23:45:00+00:00,3062.9200000000005,3063.2800000000007,3062.1700000000005,3063.1800000000007,690
2026-08-18T00:00:00+00:00,3063.1800000000007,3064.0200000000004,3062.6300000000006,3063.5100000000007,721
2026-08-18T00:15:00+00:00,3063.5100000000007,3064.2300000000005,3063.0200000000004,3063.2300000000005,418
2026-08-18T00:30:00+00:00,3063.2300000000005,3063.8800000000006,3062.870000000001,3063.4700000000007,308
2026-08-18T00:45:00+00:00,3063.4700000000007,3063.9800000000005,3062.9200000000005,3063.5800000000004,223
2026-08-18T01:00:00+00:00,3063.5800000000004,3064.6300000000006,3063.370000000001,3064.2600000000007,416
2026-08-18T01:15:00+00:00,3064.2600000000007,3065.0800000000004,3063.8300000000004,3063.9600000000005,412
2026-08-18T01:30:00+00:00,3063.9600000000005,3064.0800000000004,3061.8600000000006,3062.1800000000007,431
2026-08-18T01:45:00+00:00,3062.1800000000007,3063.0600000000004,3060.3100000000004,3063.0600000000004,852
2026-08-18T02:00:00+00:00,3063.0600000000004,3063.2200000000007,3059.9700000000007,3060.1100000000006,592
2026-08-18T02:15:00+00:00,3060.1100000000006,3060.2800000000007,3058.4200000000005,3058.5600000000004,841
2026-08-18T02:30:00+00:00,3058.5600000000004,3060.1300000000006,3058.0100000000007,3058.1300000000006,774
2026-08-18T02:45:00+00:00,3058.1300000000006,3059.4800000000005,3057.1600000000008,3059.3800000000006,736
2026-08-18T03:00:00+00:00,3059.3800000000006,3059.5300000000007,3057.6600000000008,3057.9200000000005,409
2026-08-18T03:15:00+00:00,3057.9200000000005,3058.5200000000004,3056.5100000000007,3057.3100000000004,628
2026-08-18T03:30:00+00:00,3057.3100000000004,3057.9800000000005,3056.2600000000007,3057.4800000000005,661
2026-08-18T03:45:00+00:00,3057.4800000000005,3057.9300000000007,3056.4200000000005,3056.870000000001,465
2026-08-18T04:00:00+00:00,3056.870000000001,3057.2800000000007,3055.9300000000007,3056.5700000000006,613
2026-08-18T04:15:00+00:00,3056.5700000000006,3056.870000000001,3055.620000000001,3056.5800000000004,548
2026-08-18T04:30:00+00:00,3056.5800000000004,3057.2200000000007,3056.1100000000006,3056.3200000000006,453
2026-08-18T04:45:00+00:00,3056.3200000000006,3057.0200000000004,3056.0200000000004,3056.8800000000006,287
2026-08-18T05:00:00+00:00,3056.8800000000006,3056.8800000000006,3054.8600000000006,3055.5700000000006,490
2026-08-18T05:15:00+00:00,3055.5700000000006,3057.1700000000005,3055.5700000000006,3056.2300000000005,273
2026-08-18T05:30:00+00:00,3056.2300000000005,3056.5700000000006,3055.1100000000006,3055.4300000000007,493
2026-08-18T05:45:00+00:00,3055.4300000000007,3056.8800000000006,3055.0600000000004,3055.2100000000005,515
2026-08-18T06:00:00+00:00,3055.2100000000005,3055.2100000000005,3051.9800000000005,3055.0600000000004,1297
2026-08-18T06:15:00+00:00,3055.0600000000004,3056.2700000000004,3053.9300000000007,3055.9200000000005,1096
2026-08-18T06:30:00+00:00,3055.9200000000005,3056.2300000000005,3054.8600000000006,3055.5300000000007,670
2026-08-18T06:45:00+00:00,3055.5300000000007,3058.0600000000004,3055.5100000000007,3057.9800000000005,569
2026-08-18T07:00:00+00:00,3057.9800000000005,3057.9800000000005,3054.7600000000007,3054.8200000000006,1066
2026-08-18T07:15:00+00:00,3054.8200000000006,3055.7800000000007,3054.1100000000006,3054.1700000000005,759
2026-08-18T07:30:00+00:00,3054.1700000000005,3054.5200000000004,3051.2700000000004,3051.3100000000004,1025
2026-08-18T07:45:00+00:00,3051.3100000000004,3051.7800000000007,3049.2600000000007,3049.5800000000004,1108
2026-08-18T08:00:00+00:00,3049.5800000000004,3051.9600000000005,3047.2600000000007,3051.6600000000008,2230
2026-08-18T08:15:00+00:00,3051.6600000000008,3052.5300000000007,3049.8300000000004,3050.5700000000006,1473
2026-08-18T08:30:00+00:00,3050.5700000000006,3055.0300000000007,3049.8600000000006,3054.7600000000007,1160
2026-08-18T08:45:00+00:00,3054.7600000000007,3054.8600000000006,3051.5200000000004,3054.2200000000007,864
2026-08-18T09:00:00+00:00,3054.2200000000007,3054.2600000000007,3051.7800000000007,3052.2600000000007,1235
2026-08-18T09:15:00+00:00,3052.2600000000007,3053.8800000000006,3051.8300000000004,3053.120000000001,1135
2026-08-18T09:30:00+00:00,3053.120000000001,3054.7300000000005,3052.2100000000005,3053.5600000000004,1261
2026-08-18T09:45:00+00:00,3053.5600000000004,3055.1800000000007,3052.2700000000004,3054.5800000000004,1066
2026-08-18T10:00:00+00:00,3054.5800000000004,3056.8800000000006,3054.4100000000008,3055.7200000000007,936
2026-08-18T10:15:00+00:00,3055.7200000000007,3055.7300000000005,3052.8100000000004,3054.6600000000008,694
2026-08-18T10:30:00+00:00,3054.6600000000008,3055.4600000000005,3052.7700000000004,3053.0800000000004,741
2026-08-18T10:45:00+00:00,3053.0800000000004,3055.3300000000004,3052.8200000000006,3053.0100000000007,661
2026-08-18T11:00:00+00:00,3053.0100000000007,3056.2800000000007,3052.9300000000007,3055.4200000000005,856
2026-08-18T11:15:00+00:00,3055.4200000000005,3055.4300000000007,3053.5200000000004,3053.7200000000007,686
2026-08-18T11:30:00+00:00,3053.7200000000007,3054.7800000000007,3052.1700000000005,3054.370000000001,843
2026-08-18T11:45:00+00:00,3054.370000000001,3055.0200000000004,3053.120000000001,3053.9700000000007,959
2026-08-18T12:00:00+00:00,3053.9700000000007,3056.0800000000004,3053.0600000000004,3054.8100000000004,1416
2026-08-18T12:15:00+00:00,3054.8100000000004,3056.3200000000006,3052.9300000000007,3053.0600000000004,1131
2026-08-18T12:30:00+00:00,3053.0600000000004,3053.8600000000006,3051.0100000000007,3051.7100000000005,1285
2026-08-18T12:45:00+00:00,3051.7100000000005,3053.3200000000006,3050.9600000000005,3053.2100000000005,751
2026-08-18T13:00:00+00:00,3053.2100000000005,3053.8300000000004,3052.1100000000006,3052.370000000001,1108
2026-08-18T13:15:00+00:00,3052.370000000001,3052.370000000001,3045.9300000000007,3046.5300000000007,1921
2026-08-18T13:30:00+00:00,3046.5300000000007,3053.6700000000005,3042.3600000000006,3045.2300000000005,16350
2026-08-18T13:45:00+00:00,3045.2300000000005,3049.3600000000006,3041.1100000000006,3047.2300000000005,10985
2026-08-18T14:00:00+00:00,3047.2300000000005,3049.0700000000006,3039.2700000000004,3040.3200000000006,10958
2026-08-18T14:15:00+00:00,3040.3200000000006,3045.8300000000004,3039.8100000000004,3043.8600000000006,9793
2026-08-18T14:30:00+00:00,3043.8600000000006,3047.1300000000006,3038.4600000000005,3038.5300000000007,8817
2026-08-18T14:45:00+00:00,3038.5300000000007,3041.1700000000005,3033.620000000001,3033.9100000000008,8080
2026-08-18T15:00:00+00:00,3033.9100000000008,3036.0800000000004,3030.0600000000004,3030.7200000000007,7950
2026-08-18T15:15:00+00:00,3030.7200000000007,3034.2800000000007,3027.5600000000004,3033.1300000000006,6037
2026-08-18T15:30:00+00:00,3033.1300000000006,3035.1300000000006,3029.0700000000006,3031.120000000001,6154
2026-08-18T15:45:00+00:00,3031.120000000001,3036.0200000000004,3031.120000000001,3033.5700000000006,5118
2026-08-18T16:00:00+00:00,3033.5700000000006,3034.870000000001,3031.8300000000004,3032.1100000000006,4203
2026-08-18T16:15:00+00:00,3032.1100000000006,3034.1300000000006,3030.3100000000004,3030.370000000001,3501
2026-08-18T16:30:00+00:00,3030.370000000001,3033.4300000000007,3030.120000000001,3032.6100000000006,3163
2026-08-18T16:45:00+00:00,3032.6100000000006,3034.9200000000005,3031.9700000000007,3032.0200000000004,2682
2026-08-18T17:00:00+00:00,3032.0200000000004,3033.870000000001,3031.0700000000006,3033.0600000000004,2951
2026-08-18T17:15:00+00:00,3033.0600000000004,3033.2200000000007,3028.2600000000007,3029.0600000000004,2176
2026-08-18T17:30:00+00:00,3029.0600000000004,3029.870000000001,3027.7300000000005,3027.7700000000004,2517
2026-08-18T17:45:00+00:00,3027.7700000000004,3029.3200000000006,3025.9100000000008,3025.9100000000008,1818
2026-08-18T18:00:00+00:00,3025.9100000000008,3027.3100000000004,3023.1700000000005,3027.1300000000006,3094
2026-08-18T18:15:00+00:00,3027.1300000000006,3028.4100000000008,3025.6300000000006,3027.4100000000008,3042
2026-08-18T18:30:00+00:00,3027.4100000000008,3029.8800000000006,3026.9200000000005,3028.2300000000005,2035
2026-08-18T18:45:00+00:00,3028.2300000000005,3029.4100000000008,3026.870000000001,3027.2100000000005,2171
2026-08-18T19:00:00+00:00,3027.2100000000005,3027.5800000000004,3025.8100000000004,3026.0100000000007,2234
2026-08-18T19:15:00+00:00,3026.0100000000007,3029.4800000000005,3025.4600000000005,3028.9300000000007,2537
2026-08-18T19:30:00+00:00,3028.9300000000007,3030.0700000000006,3027.5600000000004,3028.0300000000007,2811
2026-08-18T19:45:00+00:00,3028.0300000000007,3028.8300000000004,3023.6100000000006,3024.9700000000007,4405
2026-08-18T20:00:00+00:00,3024.9700000000007,3025.2100000000005,3022.9100000000008,3023.2100000000005,1353
2026-08-18T20:15:00+00:00,3023.2100000000005,3024.4100000000008,3022.9600000000005,3024.0600000000004,438
2026-08-18T20:30:00+00:00,3024.0600000000004,3025.2300000000005,3023.7100000000005,3024.7700000000004,501
2026-08-18T20:45:00+00:00,3024.7700000000004,3024.9300000000007,3022.5200000000004,3024.870000000001,618
2026-08-18T22:00:00+00:00,3024.870000000001,3025.4800000000005,3023.0800000000004,3024.7200000000007,580
2026-08-18T22:15:00+00:00,3024.7200000000007,3026.6700000000005,3024.5100000000007,3024.5100000000007,510
2026-08-18T22:30:00+00:00,3024.5100000000007,3024.9300000000007,3023.620000000001,3024.3200000000006,432
2026-08-18T22:45:00+00:00,3024.3200000000006,3024.3200000000006,3022.9700000000007,3023.1700000000005,353
2026-08-18T23:00:00+00:00,3023.1700000000005,3024.9600000000005,3022.8600000000006,3024.2200000000007,417
2026-08-18T23:15:00+00:00,3024.2200000000007,3025.5300000000007,3023.6300000000006,3024.4600000000005,372
2026-08-18T23:30:00+00:00,3024.4600000000005,3024.7800000000007,3024.0700000000006,3024.2800000000007,358
2026-08-18T23:45:00+00:00,3024.2800000000007,3025.9300000000007,3023.9300000000007,3024.2200000000007,918
2026-08-19T00:00:00+00:00,3024.2200000000007,3024.3800000000006,3021.6600000000008,3022.0200000000004,1764
2026-08-19T00:15:00+00:00,3022.0200000000004,3024.5200000000004,3020.9600000000005,3024.0300000000007,1126
2026-08-19T00:30:00+00:00,3024.0300000000007,3025.5100000000007,3023.8800000000006,3024.5800000000004,785
2026-08-19T00:45:00+00:00,3024.5800000000004,3024.8300000000004,3023.2600000000007,3023.6800000000007,680
2026-08-19T01:00:00+00:00,3023.6800000000007,3024.4700000000007,3023.0600000000004,3024.120000000001,724
2026-08-19T01:15:00+00:00,3024.120000000001,3025.3300000000004,3023.1700000000005,3025.0600000000004,659
2026-08-19T01:30:00+00:00,3025.0600000000004,3025.2200000000007,3022.5100000000007,3022.7200000000007,519
2026-08-19T01:45:00+00:00,3022.7200000000007,3023.7300000000005,3022.120000000001,3023.0600000000004,647
2026-08-19T02:00:00+00:00,3023.0600000000004,3023.6300000000006,3021.7100000000005,3021.9100000000008,444
2026-08-19T02:15:00+00:00,3021.9100000000008,3024.2300000000005,3021.9100000000008,3023.3200000000006,1022
2026-08-19T02:30:00+00:00,3023.3200000000006,3023.7800000000007,3022.1600000000008,3023.4100000000008,532
2026-08-19T02:45:00+00:00,3023.4100000000008,3024.4300000000007,3022.2300000000005,3022.7800000000007,548
2026-08-19T03:00:00+00:00,3022.7800000000007,3022.9700000000007,3020.4700000000007,3021.3800000000006,400
2026-08-19T03:15:00+00:00,3021.3800000000006,3022.6100000000006,3021.2600000000007,3021.7700000000004,573
2026-08-19T03:30:00+00:00,3021.7700000000004,3023.6300000000006,3021.620000000001,3021.6700000000005,676
2026-08-19T03:45:00+00:00,3021.6700000000005,3022.6600000000008,3020.9800000000005,3021.5200000000004,569
2026-08-19T04:00:00+00:00,3021.5200000000004,3021.8300000000004,3020.5800000000004,3021.0800000000004,502
2026-08-19T04:15:00+00:00,3021.0800000000004,3022.3200000000006,3020.7100000000005,3021.8300000000004,622
2026-08-19T04:30:00+00:00,3021.8300000000004,3022.2300000000005,3020.4200000000005,3020.9300000000007,653
2026-08-19T04:45:00+00:00,3020.9300000000007,3021.3800000000006,3019.4800000000005,3021.2300000000005,571
2026-08-19T05:00:00+00:00,3021.2300000000005,3023.0700000000006,3020.870000000001,3021.1100000000006,959
2026-08-19T05:15:00+00:00,3021.1100000000006,3021.7300000000005,3019.3800000000006,3021.6600000000008,1257
2026-08-19T05:30:00+00:00,3021.6600000000008,3021.8300000000004,3019.8200000000006,3020.5300000000007,1166
2026-08-19T05:45:00+00:00,3020.5300000000007,3020.9300000000007,3019.4600000000005,3020.0300000000007,803
2026-08-19T06:00:00+00:00,3020.0300000000007,3020.6300000000006,3018.5100000000007,3018.7700000000004,928
2026-08-19T06:15:00+00:00,3018.7700000000004,3023.1300000000006,3018.7300000000005,3022.8300000000004,1246
2026-08-19T06:30:00+00:00,3022.8300000000004,3023.9300000000007,3022.120000000001,3023.7600000000007,1207
2026-08-19T06:45:00+00:00,3023.7600000000007,3027.5200000000004,3023.7600000000007,3027.4200000000005,1219
2026-08-19T07:00:00+00:00,3027.4200000000005,3027.4200000000005,3023.5600000000004,3025.8600000000006,1638
2026-08-19T07:15:00+00:00,3025.8600000000006,3027.1300000000006,3024.8100000000004,3027.1300000000006,1123
2026-08-19T07:30:00+00:00,3027.1300000000006,3028.0700000000006,3025.2100000000005,3025.7800000000007,717
2026-08-19T07:45:00+00:00,3025.7800000000007,3026.9600000000005,3024.8800000000006,3026.7100000000005,944
2026-08-19T08:00:00+00:00,3026.7100000000005,3029.2800000000007,3025.9600000000005,3027.4800000000005,1069
2026-08-19T08:15:00+00:00,3027.4800000000005,3028.8800000000006,3026.9700000000007,3028.8200000000006,792
2026-08-19T08:30:00+00:00,3028.8200000000006,3028.8200000000006,3026.3600000000006,3026.3600000000006,502
2026-08-19T08:45:00+00:00,3026.3600000000006,3026.9600000000005,3025.2200000000007,3025.5300000000007,660
2026-08-19T09:00:00+00:00,3025.5300000000007,3026.2300000000005,3024.1600000000008,3024.1600000000008,778
2026-08-19T09:15:00+00:00,3024.1600000000008,3024.1800000000007,3021.6100000000006,3021.870000000001,713
2026-08-19T09:30:00+00:00,3021.870000000001,3022.7700000000004,3021.3100000000004,3021.8600000000006,587
2026-08-19T09:45:00+00:00,3021.8600000000006,3022.120000000001,3020.2600000000007,3021.4700000000007,595
2026-08-19T10:00:00+00:00,3021.4700000000007,3021.8200000000006,3020.3200000000006,3021.0200000000004,661
2026-08-19T10:15:00+00:00,3021.0200000000004,3021.4200000000005,3019.3100000000004,3021.3200000000006,688
2026-08-19T10:30:00+00:00,3021.3200000000006,3023.2800000000007,3020.9300000000007,3023.120000000001,720
2026-08-19T10:45:00+00:00,3023.120000000001,3023.1800000000007,3021.120000000001,3021.9700000000007,630
2026-08-19T11:00:00+00:00,3021.9700000000007,3024.3800000000006,3021.7700000000004,3024.120000000001,1065
2026-08-19T11:15:00+00:00,3024.120000000001,3025.6300000000006,3023.6300000000006,3025.3200000000006,872
2026-08-19T11:30:00+00:00,3025.3200000000006,3026.3600000000006,3023.9600000000005,3025.1300000000006,647
2026-08-19T11:45:00+00:00,3025.1300000000006,3025.4800000000005,3024.3100000000004,3025.4100000000008,765
2026-08-19T12:00:00+00:00,3025.4100000000008,3026.0100000000007,3024.0300000000007,3024.9200000000005,930
2026-08-19T12:15:00+00:00,3024.9200000000005,3028.7800000000007,3023.7100000000005,3028.6700000000005,1059
2026-08-19T12:30:00+00:00,3028.6700000000005,3047.0300000000007,3028.1600000000008,3047.0300000000007,7031
2026-08-19T12:45:00+00:00,3047.0300000000007,3057.6700000000005,3046.9600000000005,3049.1800000000007,5874
2026-08-19T13:00:00+00:00,3049.1800000000007,3050.7700000000004,3044.9600000000005,3048.9700000000007,3264
2026-08-19T13:15:00+00:00,3048.9700000000007,3051.620000000001,3047.1600000000008,3050.9700000000007,2960
2026-08-19T13:30:00+00:00,3050.9700000000007,3053.4800000000005,3042.7200000000007,3050.3600000000006,19442
2026-08-19T13:45:00+00:00,3050.3600000000006,3052.5800000000004,3039.4600000000005,3045.7100000000005,16666
2026-08-19T14:00:00+00:00,3045.7100000000005,3046.7200000000007,3036.870000000001,3036.9600000000005,15726
2026-08-19T14:15:00+00:00,3036.9600000000005,3047.1700000000005,3036.6700000000005,3046.4300000000007,13961
2026-08-19T14:30:00+00:00,3046.4300000000007,3052.5800000000004,3045.9700000000007,3052.5800000000004,10502
2026-08-19T14:45:00+00:00,3052.5800000000004,3054.120000000001,3048.3800000000006,3054.0800000000004,8394
2026-08-19T15:00:00+00:00,3054.0800000000004,3056.7100000000005,3052.0700000000006,3055.5100000000007,8031
2026-08-19T15:15:00+00:00,3055.5100000000007,3055.7300000000005,3049.8600000000006,3052.2300000000005,7064
2026-08-19T15:30:00+00:00,3052.2300000000005,3053.2600000000007,3046.4600000000005,3048.3300000000004,6881
2026-08-19T15:45:00+00:00,3048.3300000000004,3049.870000000001,3045.1700000000005,3045.4700000000007,6113
2026-08-19T16:00:00+00:00,3045.4700000000007,3049.9600000000005,3044.2100000000005,3046.870000000001,4813
2026-08-19T16:15:00+00:00,3046.870000000001,3048.5300000000007,3045.2800000000007,3045.5300000000007,3864
2026-08-19T16:30:00+00:00,3045.5300000000007,3046.4300000000007,3044.6600000000008,3045.7200000000007,3901
2026-08-19T16:45:00+00:00,3045.7200000000007,3046.3200000000006,3043.2100000000005,3043.8300000000004,3632
2026-08-19T17:00:00+00:00,3043.8300000000004,3045.3300000000004,3041.4600000000005,3041.8200000000006,3671
2026-08-19T17:15:00+00:00,3041.8200000000006,3042.2800000000007,3039.1600000000008,3041.2800000000007,3744
2026-08-19T17:30:00+00:00,3041.2800000000007,3041.8300000000004,3039.0300000000007,3040.3300000000004,3723
2026-08-19T17:45:00+00:00,3040.3300000000004,3041.6800000000007,3039.2600000000007,3040.0700000000006,2999
2026-08-19T18:00:00+00:00,3040.0700000000006,3042.4300000000007,3036.0600000000004,3037.7300000000005,6143
2026-08-19T18:15:00+00:00,3037.7300000000005,3039.4800000000005,3036.9600000000005,3038.5700000000006,3782
2026-08-19T18:30:00+00:00,3038.5700000000006,3040.4700000000007,3037.5200000000004,3038.5100000000007,3618
2026-08-19T18:45:00+00:00,3038.5100000000007,3038.9300000000007,3034.8600000000006,3036.0200000000004,3222
2026-08-19T19:00:00+00:00,3036.0200000000004,3038.3100000000004,3035.2300000000005,3036.3800000000006,3397
2026-08-19T19:15:00+00:00,3036.3800000000006,3040.5200000000004,3036.2700000000004,3039.1300000000006,3210
2026-08-19T19:30:00+00:00,3039.1300000000006,3040.8200000000006,3036.2600000000007,3037.4100000000008,4865
2026-08-19T19:45:00+00:00,3037.4100000000008,3039.6100000000006,3035.6100000000006,3039.6100000000006,5969
2026-08-19T20:00:00+00:00,3039.6100000000006,3040.5600000000004,3037.8600000000006,3038.3800000000006,1498
2026-08-19T20:15:00+00:00,3038.3800000000006,3039.370000000001,3037.6800000000007,3039.0700000000006,650
2026-08-19T20:30:00+00:00,3039.0700000000006,3039.0700000000006,3037.8200000000006,3038.0600000000004,608
2026-08-19T20:45:00+00:00,3038.0600000000004,3039.6800000000007,3037.9600000000005,3039.4600000000005,735
2026-08-19T22:00:00+00:00,3039.4600000000005,3042.890000000001,3039.4600000000005,3042.2900000000004,1247
2026-08-19T22:15:00+00:00,3042.2900000000004,3042.2900000000004,3040.6700000000005,3040.9700000000007,511
2026-08-19T22:30:00+00:00,3040.9700000000007,3042.9800000000005,3040.9300000000007,3042.5900000000006,463
2026-08-19T22:45:00+00:00,3042.5900000000006,3043.5400000000004,3042.3800000000006,3042.7700000000004,447
2026-08-19T23:00:00+00:00,3042.7700000000004,3043.8400000000006,3042.0200000000004,3042.640000000001,652
2026-08-19T23:15:00+00:00,3042.640000000001,3042.9300000000007,3042.0700000000006,3042.6300000000006,338
2026-08-19T23:30:00+00:00,3042.6300000000006,3043.0200000000004,3041.3800000000006,3042.7400000000007,322
2026-08-19T23:45:00+00:00,3042.7400000000007,3043.120000000001,3041.4700000000007,3041.5200000000004,619
2026-08-20T00:00:00+00:00,3041.5200000000004,3041.5400000000004,3039.7700000000004,3041.4700000000007,1755
2026-08-20T00:15:00+00:00,3041.4700000000007,3042.5800000000004,3041.3200000000006,3041.9900000000007,686
2026-08-20T00:30:00+00:00,3041.9900000000007,3043.7200000000007,3041.370000000001,3042.6700000000005,467
2026-08-20T00:45:00+00:00,3042.6700000000005,3044.2400000000007,3042.6700000000005,3043.7400000000007,275
2026-08-20T01:00:00+00:00,3043.7400000000007,3044.2800000000007,3042.6700000000005,3043.4900000000007,680
2026-08-20T01:15:00+00:00,3043.4900000000007,3044.5300000000007,3041.120000000001,3041.9900000000007,748
2026-08-20T01:30:00+00:00,3041.9900000000007,3043.1700000000005,3041.5700000000006,3043.0400000000004,1123
2026-08-20T01:45:00+00:00,3043.0400000000004,3043.2400000000007,3041.3300000000004,3041.8800000000006,710
2026-08-20T02:00:00+00:00,3041.8800000000006,3044.2400000000007,3041.870000000001,3043.6900000000005,1136
2026-08-20T02:15:00+00:00,3043.6900000000005,3043.7400000000007,3041.2700000000004,3042.0900000000006,938
2026-08-20T02:30:00+00:00,3042.0900000000006,3043.9800000000005,3041.5200000000004,3043.370000000001,825
2026-08-20T02:45:00+00:00,3043.370000000001,3043.890000000001,3042.370000000001,3043.1300000000006,842
2026-08-20T03:00:00+00:00,3043.1300000000006,3044.5300000000007,3042.5400000000004,3043.5900000000006,702
2026-08-20T03:15:00+00:00,3043.5900000000006,3045.5700000000006,3043.4300000000007,3044.8300000000004,404
2026-08-20T03:30:00+00:00,3044.8300000000004,3045.5800000000004,3044.0700000000006,3045.390000000001,431
2026-08-20T03:45:00+00:00,3045.390000000001,3045.7900000000004,3044.4700000000007,3045.1800000000007,442
2026-08-20T04:00:00+00:00,3045.1800000000007,3046.4800000000005,3044.8400000000006,3046.1700000000005,303
2026-08-20T04:15:00+00:00,3046.1700000000005,3046.2300000000005,3045.0200000000004,3045.1900000000005,279
2026-08-20T04:30:00+00:00,3045.1900000000005,3046.3300000000004,3044.370000000001,3045.7900000000004,377
2026-08-20T04:45:00+00:00,3045.7900000000004,3046.3800000000006,3045.370000000001,3045.4900000000007,219
2026-08-20T05:00:00+00:00,3045.4900000000007,3045.4900000000007,3044.0700000000006,3044.2900000000004,314
2026-08-20T05:15:00+00:00,3044.2900000000004,3046.0700000000006,3044.2700000000004,3044.8200000000006,398
2026-08-20T05:30:00+00:00,3044.8200000000006,3045.5300000000007,3044.0700000000006,3044.0900000000006,363
2026-08-20T05:45:00+00:00,3044.0900000000006,3044.0900000000006,3042.1900000000005,3042.5700000000006,358
2026-08-20T06:00:00+00:00,3042.5700000000006,3046.4400000000005,3042.5200000000004,3045.3200000000006,719
2026-08-20T06:15:00+00:00,3045.3200000000006,3045.3200000000006,3043.5700000000006,3044.9900000000007,490
2026-08-20T06:30:00+00:00,3044.9900000000007,3047.0900000000006,3044.4700000000007,3046.2700000000004,451
2026-08-20T06:45:00+00:00,3046.2700000000004,3047.4400000000005,3045.5700000000006,3045.5700000000006,467
2026-08-20T07:00:00+00:00,3045.5700000000006,3045.5700000000006,3042.2800000000007,3042.5400000000004,1173
2026-08-20T07:15:00+00:00,3042.5400000000004,3042.7400000000007,3039.0900000000006,3040.1900000000005,885
2026-08-20T07:30:00+00:00,3040.1900000000005,3041.390000000001,3037.9800000000005,3039.370000000001,1120
2026-08-20T07:45:00+00:00,3039.370000000001,3040.8300000000004,3038.2800000000007,3038.3800000000006,807
2026-08-20T08:00:00+00:00,3038.3800000000006,3040.4800000000005,3038.0700000000006,3039.7900000000004,1607
2026-08-20T08:15:00+00:00,3039.7900000000004,3040.6800000000007,3036.620000000001,3036.9900000000007,1191
2026-08-20T08:30:00+00:00,3036.9900000000007,3037.2400000000007,3033.390000000001,3033.6800000000007,1464
2026-08-20T08:45:00+00:00,3033.6800000000007,3034.1900000000005,3031.890000000001,3032.2200000000007,1356
2026-08-20T09:00:00+00:00,3032.2200000000007,3035.4900000000007,3031.4900000000007,3034.2200000000007,1205
2026-08-20T09:15:00+00:00,3034.2200000000007,3035.4400000000005,3033.4700000000007,3034.140000000001,769
2026-08-20T09:30:00+00:00,3034.140000000001,3035.3800000000006,3033.370000000001,3035.1700000000005,897
2026-08-20T09:45:00+00:00,3035.1700000000005,3035.7700000000004,3033.6300000000006,3034.9700000000007,766
2026-08-20T10:00:00+00:00,3034.9700000000007,3037.1800000000007,3033.9700000000007,3036.8400000000006,933
2026-08-20T10:15:00+00:00,3036.8400000000006,3037.1900000000005,3035.4700000000007,3036.2800000000007,808
2026-08-20T10:30:00+00:00,3036.2800000000007,3036.3200000000006,3033.8200000000006,3034.8400000000006,1007
2026-08-20T10:45:00+00:00,3034.8400000000006,3037.2400000000007,3034.4400000000005,3036.9700000000007,784
2026-08-20T11:00:00+00:00,3036.9700000000007,3037.7800000000007,3034.0700000000006,3035.370000000001,1565
2026-08-20T11:15:00+00:00,3035.370000000001,3036.4800000000005,3029.7700000000004,3029.7700000000004,1216
2026-08-20T11:30:00+00:00,3029.7700000000004,3031.9200000000005,3028.8400000000006,3029.120000000001,1415
2026-08-20T11:45:00+00:00,3029.120000000001,3029.5900000000006,3022.7200000000007,3023.0700000000006,1875
2026-08-20T12:00:00+00:00,3023.0700000000006,3023.8400000000006,3015.7400000000007,3017.0700000000006,3691
2026-08-20T12:15:00+00:00,3017.0700000000006,3017.5900000000006,3014.7300000000005,3015.3300000000004,2263
2026-08-20T12:30:00+00:00,3015.3300000000004,3016.5200000000004,3013.0200000000004,3015.370000000001,1979
2026-08-20T12:45:00+00:00,3015.370000000001,3017.7900000000004,3015.370000000001,3017.120000000001,1244
2026-08-20T13:00:00+00:00,3017.120000000001,3018.5400000000004,3015.0300000000007,3015.1800000000007,1774
2026-08-20T13:15:00+00:00,3015.1800000000007,3017.4400000000005,3013.9900000000007,3015.2300000000005,2746
2026-08-20T13:30:00+00:00,3015.2300000000005,3022.4200000000005,3012.4800000000005,3019.6300000000006,20525
2026-08-20T13:45:00+00:00,3019.6300000000006,3022.7300000000005,3011.4400000000005,3012.2900000000004,15335
2026-08-20T14:00:00+00:00,3012.2900000000004,3013.4900000000007,3004.2800000000007,3005.3200000000006,15810
2026-08-20T14:15:00+00:00,3005.3200000000006,3010.8400000000006,3001.620000000001,3006.120000000001,13362
2026-08-20T14:30:00+00:00,3006.120000000001,3010.9800000000005,3004.7300000000005,3009.9700000000007,10761
2026-08-20T14:45:00+00:00,3009.9700000000007,3012.9400000000005,3009.2200000000007,3011.3200000000006,9253
2026-08-20T15:00:00+00:00,3011.3200000000006,3018.9800000000005,3007.140000000001,3011.620000000001,12857
2026-08-20T15:15:00+00:00,3011.620000000001,3011.640000000001,3005.0300000000007,3007.1700000000005,9156
2026-08-20T15:30:00+00:00,3007.1700000000005,3008.2400000000007,2998.7200000000007,2998.8200000000006,7651
2026-08-20T15:45:00+00:00,2998.8200000000006,3003.8200000000006,2998.5200000000004,3002.370000000001,6210
2026-08-20T16:00:00+00:00,3002.370000000001,3002.7200000000007,2999.0900000000006,2999.9400000000005,5712
2026-08-20T16:15:00+00:00,2999.9400000000005,3002.3800000000006,2999.4300000000007,3000.870000000001,4461
2026-08-20T16:30:00+00:00,3000.870000000001,3003.8400000000006,2999.0200000000004,3003.7200000000007,4390
2026-08-20T16:45:00+00:00,3003.7200000000007,3004.7700000000004,3002.4700000000007,3004.2900000000004,3473
2026-08-20T17:00:00+00:00,3004.2900000000004,3004.390000000001,2998.4200000000005,2998.7300000000005,2857
2026-08-20T17:15:00+00:00,2998.7300000000005,2998.8300000000004,2995.6800000000007,2997.0900000000006,3719
2026-08-20T17:30:00+00:00,2997.0900000000006,2997.9800000000005,2996.1900000000005,2997.8800000000006,2783
2026-08-20T17:45:00+00:00,2997.8800000000006,3001.3300000000004,2997.640000000001,2998.2900000000004,2684
2026-08-20T18:00:00+00:00,2998.2900000000004,2998.3200000000006,2993.3300000000004,2994.3200000000006,3355
2026-08-20T18:15:00+00:00,2994.3200000000006,2998.0400000000004,2992.1800000000007,2997.140000000001,3458
2026-08-20T18:30:00+00:00,2997.140000000001,2997.5700000000006,2993.2700000000004,2994.9400000000005,2716
2026-08-20T18:45:00+00:00,2994.9400000000005,2996.890000000001,2994.2800000000007,2994.3200000000006,2491
2026-08-20T19:00:00+00:00,2994.3200000000006,2998.640000000001,2994.1900000000005,2998.2400000000007,2777
2026-08-20T19:15:00+00:00,2998.2400000000007,3000.870000000001,2997.6700000000005,2998.2300000000005,2751
2026-08-20T19:30:00+00:00,2998.2300000000005,3000.0800000000004,2997.0200000000004,2997.5700000000006,3295
2026-08-20T19:45:00+00:00,2997.5700000000006,3000.3800000000006,2995.8200000000006,2999.0400000000004,5869
2026-08-20T20:00:00+00:00,2999.0400000000004,3000.3400000000006,2997.7200000000007,2998.140000000001,1331
2026-08-20T20:15:00+00:00,2998.140000000001,2998.2200000000007,2996.3200000000006,2996.7400000000007,431
2026-08-20T20:30:00+00:00,2996.7400000000007,2997.7300000000005,2996.3200000000006,2997.3200000000006,388
2026-08-20T20:45:00+00:00,2997.3200000000006,2998.2300000000005,2997.1700000000005,2997.7900000000004,256
2026-08-20T22:00:00+00:00,2997.7900000000004,2999.120000000001,2997.100000000001,2998.7100000000005,1111
2026-08-20T22:15:00+00:00,2998.7100000000005,3000.370000000001,2998.6500000000005,3000.3100000000004,414
2026-08-20T22:30:00+00:00,3000.3100000000004,3001.0200000000004,2999.5500000000006,3000.5200000000004,326
2026-08-20T22:45:00+00:00,3000.5200000000004,3002.0500000000006,3000.4600000000005,3002.0500000000006,285
2026-08-20T23:00:00+00:00,3002.0500000000006,3002.0500000000006,3001.3100000000004,3001.6100000000006,279
2026-08-20T23:15:00+00:00,3001.6100000000006,3001.9500000000007,3001.0500000000006,3001.4200000000005,228
2026-08-20T23:30:00+00:00,3001.4200000000005,3002.0100000000007,3000.7100000000005,3001.7600000000007,327
2026-08-20T23:45:00+00:00,3001.7600000000007,3001.8200000000006,2999.9600000000005,3000.7000000000007,812
2026-08-21T00:00:00+00:00,3000.7000000000007,3004.0700000000006,3000.4000000000005,3003.7200000000007,1034
2026-08-21T00:15:00+00:00,3003.7200000000007,3004.0700000000006,3001.620000000001,3003.120000000001,812
2026-08-21T00:30:00+00:00,3003.120000000001,3004.9000000000005,3002.600000000001,3004.1500000000005,647
2026-08-21T00:45:00+00:00,3004.1500000000005,3004.7200000000007,3002.3200000000006,3002.3200000000006,774
2026-08-21T01:00:00+00:00,3002.3200000000006,3003.6100000000006,3001.7500000000005,3002.370000000001,977
2026-08-21T01:15:00+00:00,3002.370000000001,3004.2000000000007,3001.370000000001,3003.620000000001,769
2026-08-21T01:30:00+00:00,3003.620000000001,3004.4600000000005,3002.5600000000004,3004.0700000000006,629
2026-08-21T01:45:00+00:00,3004.0700000000006,3004.620000000001,3002.2200000000007,3003.4100000000008,425
2026-08-21T02:00:00+00:00,3003.4100000000008,3005.6700000000005,3003.4100000000008,3005.5500000000006,364
2026-08-21T02:15:00+00:00,3005.5500000000006,3006.9200000000005,3005.120000000001,3006.5200000000004,296
2026-08-21T02:30:00+00:00,3006.5200000000004,3007.2600000000007,3006.5000000000005,3006.6700000000005,318
2026-08-21T02:45:00+00:00,3006.6700000000005,3008.870000000001,3006.4100000000008,3008.2000000000007,290
2026-08-21T03:00:00+00:00,3008.2000000000007,3008.5700000000006,3006.5700000000006,3006.9000000000005,332
2026-08-21T03:15:00+00:00,3006.9000000000005,3007.8200000000006,3006.870000000001,3007.7200000000007,235
2026-08-21T03:30:00+00:00,3007.7200000000007,3008.6600000000008,3007.5600000000004,3007.9100000000008,333
2026-08-21T03:45:00+00:00,3007.9100000000008,3008.1100000000006,3006.8600000000006,3007.4100000000008,256
2026-08-21T04:00:00+00:00,3007.4100000000008,3008.5700000000006,3007.4100000000008,3007.9700000000007,270
2026-08-21T04:15:00+00:00,3007.9700000000007,3008.1100000000006,3006.9000000000005,3007.0200000000004,229
2026-08-21T04:30:00+00:00,3007.0200000000004,3007.370000000001,3006.3000000000006,3007.2000000000007,264
2026-08-21T04:45:00+00:00,3007.2000000000007,3008.9200000000005,3007.2000000000007,3008.4100000000008,297
2026-08-21T05:00:00+00:00,3008.4100000000008,3008.9200000000005,3007.9100000000008,3008.2200000000007,240
2026-08-21T05:15:00+00:00,3008.2200000000007,3008.600000000001,3006.9600000000005,3007.100000000001,279
2026-08-21T05:30:00+00:00,3007.100000000001,3007.8200000000006,3006.350000000001,3007.4500000000007,318
2026-08-21T05:45:00+00:00,3007.4500000000007,3007.7600000000007,3005.9000000000005,3007.7600000000007,336
2026-08-21T06:00:00+00:00,3007.7600000000007,3008.3200000000006,3007.0100000000007,3008.3000000000006,512
2026-08-21T06:15:00+00:00,3008.3000000000006,3009.1700000000005,3007.8200000000006,3008.5000000000005,356
2026-08-21T06:30:00+00:00,3008.5000000000005,3010.2700000000004,3008.4000000000005,3009.120000000001,433
2026-08-21T06:45:00+00:00,3009.120000000001,3010.100000000001,3008.3100000000004,3009.9000000000005,428
2026-08-21T07:00:00+00:00,3009.9000000000005,3010.620000000001,3008.7600000000007,3010.620000000001,877
2026-08-21T07:15:00+00:00,3010.620000000001,3012.100000000001,3010.120000000001,3011.2000000000007,518
2026-08-21T07:30:00+00:00,3011.2000000000007,3012.870000000001,3010.9500000000007,3012.1500000000005,671
2026-08-21T07:45:00+00:00,3012.1500000000005,3013.8200000000006,3011.5700000000006,3012.9500000000007,650
2026-08-21T08:00:00+00:00,3012.9500000000007,3013.5000000000005,3010.4000000000005,3010.7500000000005,1031
2026-08-21T08:15:00+00:00,3010.7500000000005,3014.120000000001,3010.7100000000005,3014.100000000001,751
2026-08-21T08:30:00+00:00,3014.100000000001,3015.600000000001,3013.3100000000004,3015.2200000000007,713
2026-08-21T08:45:00+00:00,3015.2200000000007,3015.850000000001,3014.5500000000006,3015.7000000000007,503
2026-08-21T09:00:00+00:00,3015.7000000000007,3016.870000000001,3014.5100000000007,3016.8600000000006,780
2026-08-21T09:15:00+00:00,3016.8600000000006,3017.6600000000008,3016.0000000000005,3016.1600000000008,476
2026-08-21T09:30:00+00:00,3016.1600000000008,3017.8600000000006,3015.9500000000007,3017.620000000001,424
2026-08-21T09:45:00+00:00,3017.620000000001,3018.4200000000005,3016.5700000000006,3017.6700000000005,419
2026-08-21T10:00:00+00:00,3017.6700000000005,3019.5700000000006,3016.7700000000004,3017.4100000000008,720
2026-08-21T10:15:00+00:00,3017.4100000000008,3018.6100000000006,3016.8200000000006,3018.4000000000005,435
2026-08-21T10:30:00+00:00,3018.4000000000005,3018.5700000000006,3016.7600000000007,3017.0000000000005,477
2026-08-21T10:45:00+00:00,3017.0000000000005,3018.6700000000005,3016.7500000000005,3018.120000000001,393
2026-08-21T11:00:00+00:00,3018.120000000001,3019.0700000000006,3017.100000000001,3018.6100000000006,606
2026-08-21T11:15:00+00:00,3018.6100000000006,3025.870000000001,3018.5500000000006,3024.350000000001,2017
2026-08-21T11:30:00+00:00,3024.350000000001,3024.7700000000004,3021.6700000000005,3022.4200000000005,1716
2026-08-21T11:45:00+00:00,3022.4200000000005,3022.7700000000004,3020.6700000000005,3022.5500000000006,844
2026-08-21T12:00:00+00:00,3022.5500000000006,3023.4000000000005,3019.4500000000007,3019.5200000000004,1102
2026-08-21T12:15:00+00:00,3019.5200000000004,3022.620000000001,3019.0000000000005,3022.3600000000006,932
2026-08-21T12:30:00+00:00,3022.3600000000006,3024.1700000000005,3020.0700000000006,3023.5600000000004,1150
2026-08-21T12:45:00+00:00,3023.5600000000004,3024.5000000000005,3021.9000000000005,3023.2000000000007,838
2026-08-21T13:00:00+00:00,3023.2000000000007,3024.2700000000004,3020.1700000000005,3020.9200000000005,1722
2026-08-21T13:15:00+00:00,3020.9200000000005,3021.1600000000008,3017.3000000000006,3020.2000000000007,3001
2026-08-21T13:30:00+00:00,3020.2000000000007,3021.350000000001,3011.7100000000005,3018.7700000000004,15546
2026-08-21T13:45:00+00:00,3018.7700000000004,3021.4100000000008,3014.5000000000005,3015.7700000000004,12382
2026-08-21T14:00:00+00:00,3015.7700000000004,3017.4000000000005,3009.5000000000005,3009.6500000000005,11634
2026-08-21T14:15:00+00:00,3009.6500000000005,3011.5600000000004,3005.370000000001,3010.2100000000005,10195
2026-08-21T14:30:00+00:00,3010.2100000000005,3010.9600000000005,3003.2500000000005,3005.6700000000005,9072
2026-08-21T14:45:00+00:00,3005.6700000000005,3009.5200000000004,3005.600000000001,3008.5200000000004,7629
2026-08-21T15:00:00+00:00,3008.5200000000004,3012.870000000001,3008.0500000000006,3010.1700000000005,6354
2026-08-21T15:15:00+00:00,3010.1700000000005,3013.0500000000006,3008.850000000001,3012.7600000000007,4934
2026-08-21T15:30:00+00:00,3012.7600000000007,3019.5200000000004,3012.5600000000004,3018.1700000000005,5298
2026-08-21T15:45:00+00:00,3018.1700000000005,3019.6100000000006,3016.2000000000007,3017.0200000000004,4190
2026-08-21T16:00:00+00:00,3017.0200000000004,3018.4700000000007,3014.9600000000005,3016.1700000000005,3980
2026-08-21T16:15:00+00:00,3016.1700000000005,3021.7100000000005,3015.600000000001,3019.2200000000007,5183
2026-08-21T16:30:00+00:00,3019.2200000000007,3020.2200000000007,3016.5500000000006,3018.600000000001,3218
2026-08-21T16:45:00+00:00,3018.600000000001,3018.7700000000004,3016.3000000000006,3017.9100000000008,3001
2026-08-21T17:00:00+00:00,3017.9100000000008,3018.2200000000007,3016.4200000000005,3016.9000000000005,2652
2026-08-21T17:15:00+00:00,3016.9000000000005,3019.0700000000006,3016.2000000000007,3018.6100000000006,2562
2026-08-21T17:30:00+00:00,3018.6100000000006,3020.0000000000005,3017.7600000000007,3018.2100000000005,2331
2026-08-21T17:45:00+00:00,3018.2100000000005,3020.6100000000006,3018.2100000000005,3018.5500000000006,2153
2026-08-21T18:00:00+00:00,3018.5500000000006,3020.0700000000006,3017.350000000001,3017.370000000001,2150
2026-08-21T18:15:00+00:00,3017.370000000001,3020.5600000000004,3016.9600000000005,3019.5700000000006,1940
2026-08-21T18:30:00+00:00,3019.5700000000006,3021.3200000000006,3018.5000000000005,3020.9600000000005,1866
2026-08-21T18:45:00+00:00,3020.9600000000005,3022.4000000000005,3020.5000000000005,3021.8000000000006,2221
2026-08-21T19:00:00+00:00,3021.8000000000006,3023.370000000001,3021.6600000000008,3022.6500000000005,2419
2026-08-21T19:15:00+00:00,3022.6500000000005,3023.3600000000006,3021.1700000000005,3023.0600000000004,1914
2026-08-21T19:30:00+00:00,3023.0600000000004,3023.7500000000005,3021.100000000001,3022.8600000000006,2560
2026-08-21T19:45:00+00:00,3022.8600000000006,3024.7200000000007,3020.600000000001,3020.7200000000007,4273
2026-08-21T20:00:00+00:00,3020.7200000000007,3021.370000000001,3019.6500000000005,3020.9500000000007,1360
2026-08-21T20:15:00+00:00,3020.9500000000007,3021.6700000000005,3020.620000000001,3020.7600000000007,415
2026-08-21T20:30:00+00:00,3020.7600000000007,3021.1700000000005,3020.3600000000006,3021.0200000000004,351
2026-08-23T22:00:00+00:00,3021.0200000000004,3022.4100000000008,3016.2500000000005,3017.1100000000006,1389
2026-08-23T22:15:00+00:00,3017.1100000000006,3017.7500000000005,3016.3100000000004,3017.3600000000006,350
2026-08-23T22:30:00+00:00,3017.3600000000006,3020.0700000000006,3017.0500000000006,3020.0700000000006,418
2026-08-23T22:45:00+00:00,3020.0700000000006,3021.8200000000006,3019.9500000000007,3021.6500000000005,289
2026-08-23T23:00:00+00:00,3021.6500000000005,3022.9200000000005,3021.620000000001,3022.4000000000005,165
2026-08-23T23:15:00+00:00,3022.4000000000005,3024.3200000000006,3022.1700000000005,3024.3100000000004,476
2026-08-23T23:30:00+00:00,3024.3100000000004,3025.4700000000007,3024.1700000000005,3024.6700000000005,278
2026-08-23T23:45:00+00:00,3024.6700000000005,3028.4700000000007,3024.5100000000007,3028.4700000000007,1404
2026-08-24T00:00:00+00:00,3028.4700000000007,3028.5100000000007,3023.4000000000005,3023.5000000000005,2274
2026-08-24T00:15:00+00:00,3023.5000000000005,3024.1600000000008,3020.3100000000004,3021.9700000000007,2557
2026-08-24T00:30:00+00:00,3021.9700000000007,3023.0600000000004,3021.0000000000005,3021.2000000000007,2445
2026-08-24T00:45:00+00:00,3021.2000000000007,3025.1100000000006,3020.8200000000006,3024.7500000000005,2184
2026-08-24T01:00:00+00:00,3024.7500000000005,3027.3200000000006,3024.6700000000005,3026.850000000001,2624
2026-08-24T01:15:00+00:00,3026.850000000001,3027.6600000000008,3025.6500000000005,3026.5100000000007,2043
2026-08-24T01:30:00+00:00,3026.5100000000007,3027.9700000000007,3025.5600000000004,3027.4500000000007,1551
2026-08-24T01:45:00+00:00,3027.4500000000007,3028.8200000000006,3025.870000000001,3026.0200000000004,1782
2026-08-24T02:00:00+00:00,3026.0200000000004,3027.9600000000005,3023.9500000000007,3027.7000000000007,2309
2026-08-24T02:15:00+00:00,3027.7000000000007,3028.4200000000005,3026.5500000000006,3027.3100000000004,1545
2026-08-24T02:30:00+00:00,3027.3100000000004,3027.7500000000005,3026.8200000000006,3027.7100000000005,1574
2026-08-24T02:45:00+00:00,3027.7100000000005,3028.1600000000008,3026.2000000000007,3027.9500000000007,1452
2026-08-24T03:00:00+00:00,3027.9500000000007,3027.9600000000005,3024.0700000000006,3024.7700000000004,961
2026-08-24T03:15:00+00:00,3024.7700000000004,3025.1700000000005,3024.2100000000005,3024.5600000000004,909
2026-08-24T03:30:00+00:00,3024.5600000000004,3024.5600000000004,3022.5000000000005,3022.5000000000005,1082
2026-08-24T03:45:00+00:00,3022.5000000000005,3023.6700000000005,3022.0500000000006,3022.2600000000007,983
2026-08-24T04:00:00+00:00,3022.2600000000007,3022.8600000000006,3021.6600000000008,3022.5100000000007,877
2026-08-24T04:15:00+00:00,3022.5100000000007,3022.870000000001,3021.0100000000007,3022.0600000000004,897
2026-08-24T04:30:00+00:00,3022.0600000000004,3022.370000000001,3020.7000000000007,3021.8000000000006,1650
2026-08-24T04:45:00+00:00,3021.8000000000006,3022.0000000000005,3020.2200000000007,3020.2600000000007,1094
2026-08-24T05:00:00+00:00,3020.2600000000007,3023.0200000000004,3020.2100000000005,3022.9700000000007,1303
2026-08-24T05:15:00+00:00,3022.9700000000007,3022.9700000000007,3021.6100000000006,3021.7500000000005,1544
2026-08-24T05:30:00+00:00,3021.7500000000005,3021.7700000000004,3019.3100000000004,3019.6600000000008,1418
2026-08-24T05:45:00+00:00,3019.6600000000008,3020.2600000000007,3018.5500000000006,3019.9700000000007,1437
2026-08-24T06:00:00+00:00,3019.9700000000007,3021.5700000000006,3019.1700000000005,3020.6100000000006,2299
2026-08-24T06:15:00+00:00,3020.6100000000006,3021.8200000000006,3018.120000000001,3019.4100000000008,1993
2026-08-24T06:30:00+00:00,3019.4100000000008,3021.120000000001,3018.7200000000007,3018.8100000000004,1263
2026-08-24T06:45:00+00:00,3018.8100000000004,3020.4100000000008,3018.2700000000004,3019.5500000000006,944
2026-08-24T07:00:00+00:00,3019.5500000000006,3021.3600000000006,3018.7700000000004,3020.6100000000006,2010
2026-08-24T07:15:00+00:00,3020.6100000000006,3021.4700000000007,3018.7700000000004,3018.8000000000006,1194
2026-08-24T07:30:00+00:00,3018.8000000000006,3020.8200000000006,3017.9700000000007,3018.0100000000007,1360
2026-08-24T07:45:00+00:00,3018.0100000000007,3019.5200000000004,3017.4600000000005,3017.5500000000006,1881
2026-08-24T08:00:00+00:00,3017.5500000000006,3024.0000000000005,3017.3600000000006,3021.5000000000005,2474
2026-08-24T08:15:00+00:00,3021.5000000000005,3022.9200000000005,3020.0200000000004,3020.4500000000007,1726
2026-08-24T08:30:00+00:00,3020.4500000000007,3022.9200000000005,3019.6600000000008,3022.4500000000007,1036
2026-08-24T08:45:00+00:00,3022.4500000000007,3022.8200000000006,3020.8000000000006,3020.8000000000006,939
2026-08-24T09:00:00+00:00,3020.8000000000006,3022.3600000000006,3019.7000000000007,3021.7500000000005,1023
2026-08-24T09:15:00+00:00,3021.7500000000005,3021.8600000000006,3019.1500000000005,3019.600000000001,943
2026-08-24T09:30:00+00:00,3019.600000000001,3020.7600000000007,3019.5500000000006,3020.3100000000004,876
2026-08-24T09:45:00+00:00,3020.3100000000004,3021.3000000000006,3019.7500000000005,3020.2500000000005,877
2026-08-24T10:00:00+00:00,3020.2500000000005,3020.9600000000005,3018.5600000000004,3018.850000000001,984
2026-08-24T10:15:00+00:00,3018.850000000001,3019.9500000000007,3017.9500000000007,3018.2700000000004,1077
2026-08-24T10:30:00+00:00,3018.2700000000004,3020.1700000000005,3016.6700000000005,3017.0700000000006,1309
2026-08-24T10:45:00+00:00,3017.0700000000006,3017.4100000000008,3014.9600000000005,3015.3100000000004,1345
2026-08-24T11:00:00+00:00,3015.3100000000004,3016.0700000000006,3013.0700000000006,3014.4600000000005,1492
2026-08-24T11:15:00+00:00,3014.4600000000005,3014.7700000000004,3013.100000000001,3014.1700000000005,1053
2026-08-24T11:30:00+00:00,3014.1700000000005,3023.9500000000007,3014.1600000000008,3022.4100000000008,4697
2026-08-24T11:45:00+00:00,3022.4100000000008,3022.4200000000005,3019.850000000001,3021.6600000000008,2296
2026-08-24T12:00:00+00:00,3021.6600000000008,3021.6600000000008,3017.9100000000008,3018.6100000000006,2045
2026-08-24T12:15:00+00:00,3018.6100000000006,3019.3000000000006,3016.9200000000005,3018.8600000000006,1277
2026-08-24T12:30:00+00:00,3018.8600000000006,3020.5100000000007,3013.5100000000007,3017.350000000001,2393
2026-08-24T12:45:00+00:00,3017.350000000001,3019.8000000000006,3017.350000000001,3019.0700000000006,957
2026-08-24T13:00:00+00:00,3019.0700000000006,3019.8200000000006,3016.8000000000006,3017.2700000000004,1810
2026-08-24T13:15:00+00:00,3017.2700000000004,3018.850000000001,3016.4000000000005,3017.0700000000006,2536
2026-08-24T13:30:00+00:00,3017.0700000000006,3019.2200000000007,3006.0200000000004,3006.5500000000006,14785
2026-08-24T13:45:00+00:00,3006.5500000000006,3013.1700000000005,3003.370000000001,3007.6700000000005,12929
2026-08-24T14:00:00+00:00,3007.6700000000005,3008.9600000000005,3002.3100000000004,3006.2500000000005,10404
2026-08-24T14:15:00+00:00,3006.2500000000005,3011.2100000000005,3005.3600000000006,3009.8600000000006,8112
2026-08-24T14:30:00+00:00,3009.8600000000006,3012.0200000000004,3007.8000000000006,3007.8600000000006,6725
2026-08-24T14:45:00+00:00,3007.8600000000006,3009.4000000000005,3006.4200000000005,3007.7100000000005,5396
2026-08-24T15:00:00+00:00,3007.7100000000005,3008.0700000000006,3004.620000000001,3004.7000000000007,5158
2026-08-24T15:15:00+00:00,3004.7000000000007,3008.6600000000008,3003.7100000000005,3006.8200000000006,4975
2026-08-24T15:30:00+00:00,3006.8200000000006,3009.6600000000008,3005.8200000000006,3007.1100000000006,5287
2026-08-24T15:45:00+00:00,3007.1100000000006,3010.120000000001,3005.5200000000004,3006.7200000000007,3978
2026-08-24T16:00:00+00:00,3006.7200000000007,3009.7200000000007,3005.2000000000007,3005.5700000000006,4572
2026-08-24T16:15:00+00:00,3005.5700000000006,3007.7500000000005,3005.4100000000008,3005.5500000000006,2923
2026-08-24T16:30:00+00:00,3005.5500000000006,3006.0500000000006,3002.350000000001,3002.7200000000007,2354
2026-08-24T16:45:00+00:00,3002.7200000000007,3003.5100000000007,3001.620000000001,3002.1700000000005,1930
2026-08-24T17:00:00+00:00,3002.1700000000005,3007.3000000000006,3001.0600000000004,3005.1500000000005,3660
2026-08-24T17:15:00+00:00,3005.1500000000005,3006.1500000000005,2999.1500000000005,2999.350000000001,4249
2026-08-24T17:30:00+00:00,2999.350000000001,2999.9000000000005,2997.4200000000005,2997.4200000000005,2496
2026-08-24T17:45:00+00:00,2997.4200000000005,2998.2100000000005,2996.0100000000007,2997.7600000000007,2001
2026-08-24T18:00:00+00:00,2997.7600000000007,3001.5700000000006,2997.4000000000005,3001.5200000000004,2672
2026-08-24T18:15:00+00:00,3001.5200000000004,3004.3600000000006,3001.1500000000005,3004.2500000000005,2939
2026-08-24T18:30:00+00:00,3004.2500000000005,3005.3200000000006,3001.4000000000005,3003.2500000000005,2455
2026-08-24T18:45:00+00:00,3003.2500000000005,3003.4700000000007,3001.9500000000007,3002.3000000000006,2036
2026-08-24T19:00:00+00:00,3002.3000000000006,3003.5600000000004,3001.8000000000006,3003.0100000000007,1883
2026-08-24T19:15:00+00:00,3003.0100000000007,3003.9200000000005,3002.5200000000004,3002.5200000000004,1521
2026-08-24T19:30:00+00:00,3002.5200000000004,3003.7700000000004,3001.3000000000006,3002.4500000000007,2126
2026-08-24T19:45:00+00:00,3002.4500000000007,3003.7500000000005,3000.1100000000006,3001.8100000000004,3816
2026-08-24T20:00:00+00:00,3001.8100000000004,3002.9700000000007,3000.9100000000008,3002.0700000000006,1520
2026-08-24T20:15:00+00:00,3002.0700000000006,3002.9000000000005,3001.6700000000005,3002.9000000000005,923
2026-08-24T20:30:00+00:00,3002.9000000000005,3003.9200000000005,3002.8100000000004,3003.5500000000006,605
2026-08-24T20:45:00+00:00,3003.5500000000006,3005.7500000000005,3002.5500000000006,3005.4600000000005,604
2026-08-24T22:00:00+00:00,3005.4600000000005,3006.2300000000005,3004.7700000000004,3005.0700000000006,789
2026-08-24T22:15:00+00:00,3005.0700000000006,3005.390000000001,3004.7700000000004,3004.7700000000004,323
2026-08-24T22:30:00+00:00,3004.7700000000004,3004.9200000000005,3003.8300000000004,3003.8300000000004,288
2026-08-24T22:45:00+00:00,3003.8300000000004,3004.7400000000007,3003.7900000000004,3004.4300000000007,200
2026-08-24T23:00:00+00:00,3004.4300000000007,3004.5300000000007,3003.7700000000004,3004.0700000000006,195
2026-08-24T23:15:00+00:00,3004.0700000000006,3004.1900000000005,3002.370000000001,3002.4900000000007,343
2026-08-24T23:30:00+00:00,3002.4900000000007,3002.4900000000007,3000.4200000000005,3001.1700000000005,428
2026-08-24T23:45:00+00:00,3001.1700000000005,3001.6700000000005,3000.620000000001,3001.5900000000006,970
2026-08-25T00:00:00+00:00,3001.5900000000006,3001.870000000001,2998.7200000000007,2998.7200000000007,1520
2026-08-25T00:15:00+00:00,2998.7200000000007,3000.0900000000006,2997.370000000001,2999.9800000000005,1217
2026-08-25T00:30:00+00:00,2999.9800000000005,3002.2200000000007,2999.8300000000004,3001.6900000000005,996
2026-08-25T00:45:00+00:00,3001.6900000000005,3003.1300000000006,3001.0300000000007,3001.9900000000007,937
2026-08-25T01:00:00+00:00,3001.9900000000007,3003.1900000000005,3001.2300000000005,3002.5900000000006,1115
2026-08-25T01:15:00+00:00,3002.5900000000006,3003.2800000000007,3001.6700000000005,3002.3400000000006,902
2026-08-25T01:30:00+00:00,3002.3400000000006,3003.9900000000007,3002.0200000000004,3003.2800000000007,876
2026-08-25T01:45:00+00:00,3003.2800000000007,3004.0400000000004,3002.6700000000005,3002.6700000000005,629
2026-08-25T02:00:00+00:00,3002.6700000000005,3003.4900000000007,3000.0800000000004,3000.5700000000006,950
2026-08-25T02:15:00+00:00,3000.5700000000006,3001.5900000000006,2999.7800000000007,3001.5300000000007,804
2026-08-25T02:30:00+00:00,3001.5300000000007,3004.0800000000004,3001.0700000000006,3002.8800000000006,865
2026-08-25T02:45:00+00:00,3002.8800000000006,3003.0900000000006,3000.2300000000005,3000.9700000000007,728
2026-08-25T03:00:00+00:00,3000.9700000000007,3005.8400000000006,3000.9700000000007,3005.2700000000004,927
2026-08-25T03:15:00+00:00,3005.2700000000004,3007.2800000000007,3005.2700000000004,3007.1800000000007,606
2026-08-25T03:30:00+00:00,3007.1800000000007,3007.6900000000005,3005.4800000000005,3005.6800000000007,586
2026-08-25T03:45:00+00:00,3005.6800000000007,3005.6800000000007,3003.9900000000007,3004.5900000000006,358
2026-08-25T04:00:00+00:00,3004.5900000000006,3006.1900000000005,3004.4900000000007,3005.8300000000004,494
2026-08-25T04:15:00+00:00,3005.8300000000004,3005.8300000000004,3004.870000000001,3005.1800000000007,322
2026-08-25T04:30:00+00:00,3005.1800000000007,3006.1800000000007,3005.120000000001,3005.890000000001,474
2026-08-25T04:45:00+00:00,3005.890000000001,3006.0300000000007,3004.4200000000005,3005.0200000000004,518
2026-08-25T05:00:00+00:00,3005.0200000000004,3006.4200000000005,3004.7900000000004,3005.9400000000005,541
2026-08-25T05:15:00+00:00,3005.9400000000005,3006.7200000000007,3005.7200000000007,3005.9300000000007,477
2026-08-25T05:30:00+00:00,3005.9300000000007,3006.1900000000005,3005.1900000000005,3005.1900000000005,617
2026-08-25T05:45:00+00:00,3005.1900000000005,3007.1900000000005,3004.9700000000007,3006.8800000000006,743
2026-08-25T06:00:00+00:00,3006.8800000000006,3008.3300000000004,3006.6800000000007,3007.5900000000006,697
2026-08-25T06:15:00+00:00,3007.5900000000006,3010.1900000000005,3007.0200000000004,3009.890000000001,610
2026-08-25T06:30:00+00:00,3009.890000000001,3010.370000000001,3008.3800000000006,3010.1300000000006,553
2026-08-25T06:45:00+00:00,3010.1300000000006,3010.9300000000007,3008.6700000000005,3010.9300000000007,422
2026-08-25T07:00:00+00:00,3010.9300000000007,3013.1300000000006,3008.5700000000006,3009.390000000001,869
2026-08-25T07:15:00+00:00,3009.390000000001,3010.4400000000005,3006.7700000000004,3007.890000000001,798
2026-08-25T07:30:00+00:00,3007.890000000001,3009.6900000000005,3007.7700000000004,3009.3800000000006,749
2026-08-25T07:45:00+00:00,3009.3800000000006,3009.640000000001,3006.5300000000007,3007.5400000000004,614
2026-08-25T08:00:00+00:00,3007.5400000000004,3008.8300000000004,3006.8800000000006,3008.4400000000005,884
2026-08-25T08:15:00+00:00,3008.4400000000005,3018.5300000000007,3008.4400000000005,3014.0900000000006,2761
2026-08-25T08:30:00+00:00,3014.0900000000006,3017.0900000000006,3013.1700000000005,3014.9700000000007,1432
2026-08-25T08:45:00+00:00,3014.9700000000007,3017.3400000000006,3014.9300000000007,3016.9700000000007,953
2026-08-25T09:00:00+00:00,3016.9700000000007,3019.0800000000004,3015.9800000000005,3017.9900000000007,1084
2026-08-25T09:15:00+00:00,3017.9900000000007,3019.5700000000006,3017.9300000000007,3019.5200000000004,798
2026-08-25T09:30:00+00:00,3019.5200000000004,3024.2900000000004,3019.370000000001,3021.5900000000006,2330
2026-08-25T09:45:00+00:00,3021.5900000000006,3025.0900000000006,3021.370000000001,3023.4700000000007,1215
2026-08-25T10:00:00+00:00,3023.4700000000007,3023.9200000000005,3020.2700000000004,3020.7300000000005,932
2026-08-25T10:15:00+00:00,3020.7300000000005,3021.1900000000005,3019.7200000000007,3020.0700000000006,646
2026-08-25T10:30:00+00:00,3020.0700000000006,3020.2900000000004,3018.7900000000004,3018.7900000000004,472
2026-08-25T10:45:00+00:00,3018.7900000000004,3021.2200000000007,3018.7300000000005,3020.390000000001,504
2026-08-25T11:00:00+00:00,3020.390000000001,3020.5900000000006,3016.3300000000004,3018.5400000000004,1048
2026-08-25T11:15:00+00:00,3018.5400000000004,3019.5300000000007,3018.120000000001,3018.890000000001,757
2026-08-25T11:30:00+00:00,3018.890000000001,3021.2900000000004,3018.890000000001,3020.9200000000005,520
2026-08-25T11:45:00+00:00,3020.9200000000005,3025.0100000000007,3020.9200000000005,3024.9700000000007,1005
2026-08-25T12:00:00+00:00,3024.9700000000007,3024.9700000000007,3020.2500000000005,3021.8100000000004,1125
2026-08-25T12:15:00+00:00,3021.8100000000004,3022.8200000000006,3020.7100000000005,3021.4200000000005,725
2026-08-25T12:30:00+00:00,3021.4200000000005,3021.7700000000004,3016.1500000000005,3016.6500000000005,1031
2026-08-25T12:45:00+00:00,3016.6500000000005,3017.9200000000005,3016.4500000000007,3017.2100000000005,751
2026-08-25T13:00:00+00:00,3017.2100000000005,3017.8100000000004,3015.5600000000004,3016.0200000000004,1841
2026-08-25T13:15:00+00:00,3016.0200000000004,3018.7200000000007,3014.6500000000005,3017.7100000000005,1869
2026-08-25T13:30:00+00:00,3017.7100000000005,3019.1500000000005,3008.7000000000007,3008.7700000000004,16550
2026-08-25T13:45:00+00:00,3008.7700000000004,3009.9200000000005,3005.0000000000005,3007.7500000000005,8958
2026-08-25T14:00:00+00:00,3007.7500000000005,3009.1500000000005,3003.9000000000005,3005.5600000000004,8806
2026-08-25T14:15:00+00:00,3005.5600000000004,3010.3100000000004,3004.4600000000005,3008.9100000000003,6858
2026-08-25T14:30:00+00:00,3008.9100000000003,3013.0100000000007,3001.4000000000005,3008.8100000000004,7622
2026-08-25T14:45:00+00:00,3008.8100000000004,3011.7200000000007,3007.7100000000005,3011.6000000000004,5087
2026-08-25T15:00:00+00:00,3011.6000000000004,3013.2500000000005,3010.4600000000005,3010.8500000000004,4814
2026-08-25T15:15:00+00:00,3010.8500000000004,3013.2700000000004,3010.2000000000007,3012.0600000000004,3404
2026-08-25T15:30:00+00:00,3012.0600000000004,3013.6700000000005,3009.5600000000004,3010.8700000000003,5060
2026-08-25T15:45:00+00:00,3010.8700000000003,3012.5000000000005,3008.9000000000005,3011.7700000000004,2918
2026-08-25T16:00:00+00:00,3011.7700000000004,3012.5500000000006,3007.2500000000005,3008.0600000000004,2647
2026-08-25T16:15:00+00:00,3008.0600000000004,3009.3700000000003,3007.4000000000005,3009.0000000000005,1882
2026-08-25T16:30:00+00:00,3009.0000000000005,3010.8200000000006,3008.4000000000005,3008.9700000000007,1777
2026-08-25T16:45:00+00:00,3008.9700000000007,3010.0200000000004,3007.9600000000005,3009.6100000000006,1897
2026-08-25T17:00:00+00:00,3009.6100000000006,3009.7700000000004,3006.3200000000006,3007.8600000000006,2416
2026-08-25T17:15:00+00:00,3007.8600000000006,3008.2700000000004,3007.0600000000004,3007.8700000000003,2056
2026-08-25T17:30:00+00:00,3007.8700000000003,3010.1000000000004,3007.8100000000004,3008.2500000000005,1759
2026-08-25T17:45:00+00:00,3008.2500000000005,3009.1700000000005,3007.9600000000005,3008.7100000000005,1527
2026-08-25T18:00:00+00:00,3008.7100000000005,3010.2200000000007,3008.1000000000004,3008.3000000000006,1556
2026-08-25T18:15:00+00:00,3008.3000000000006,3009.3200000000006,3007.9600000000005,3008.8000000000006,1311
2026-08-25T18:30:00+00:00,3008.8000000000006,3009.2000000000007,3007.6400000000003,3008.9400000000005,1209
2026-08-25T18:45:00+00:00,3008.9400000000005,3011.7400000000007,3008.9400000000005,3010.0500000000006,1605
2026-08-25T19:00:00+00:00,3010.0500000000006,3010.6400000000003,3008.1900000000005,3008.2900000000004,1440
2026-08-25T19:15:00+00:00,3008.2900000000004,3010.5100000000007,3007.5600000000004,3010.3100000000004,1703
2026-08-25T19:30:00+00:00,3010.3100000000004,3012.0100000000007,3009.8100000000004,3011.3400000000006,2075
2026-08-25T19:45:00+00:00,3011.3400000000006,3016.2600000000007,3009.7400000000007,3013.9900000000007,4693
2026-08-25T20:00:00+00:00,3013.9900000000007,3015.2500000000005,3013.2400000000007,3013.5000000000005,1281
2026-08-25T20:15:00+00:00,3013.5000000000005,3014.7500000000005,3013.1500000000005,3013.7000000000003,456
2026-08-25T20:30:00+00:00,3013.7000000000003,3014.3100000000004,3012.8400000000006,3013.0900000000006,295
2026-08-25T20:45:00+00:00,3013.0900000000006,3013.7900000000004,3012.6500000000005,3013.7500000000005,300
2026-08-25T22:00:00+00:00,3013.7500000000005,3014.5700000000006,3013.1000000000004,3013.7200000000007,558
2026-08-25T22:15:00+00:00,3013.7200000000007,3014.1000000000004,3013.1100000000006,3013.9600000000005,197
2026-08-25T22:30:00+00:00,3013.9600000000005,3014.1200000000003,3013.0500000000006,3013.4500000000003,109
2026-08-25T22:45:00+00:00,3013.4500000000003,3013.7100000000005,3008.79,3008.81,190
2026-08-25T23:00:00+00:00,3008.81,3008.91,3008.24,3008.76,126
2026-08-25T23:15:00+00:00,3008.76,3008.76,3007.89,3007.9,325
2026-08-25T23:30:00+00:00,3007.9,3008.36,3007.44,3007.61,424
2026-08-25T23:45:00+00:00,3007.61,3007.61,3006.24,3006.46,848
2026-08-26T00:00:00+00:00,3006.46,3007.55,3005.45,3006.14,1718
2026-08-26T00:15:00+00:00,3006.14,3007.71,3006.05,3006.34,818
2026-08-26T00:30:00+00:00,3006.34,3006.96,3005.46,3005.86,1062
2026-08-26T00:45:00+00:00,3005.86,3006.84,3005.25,3005.41,1124
2026-08-26T01:00:00+00:00,3005.41,3007.46,3005.39,3007.25,875
2026-08-26T01:15:00+00:00,3007.25,3007.44,3005.34,3005.45,835
2026-08-26T01:30:00+00:00,3005.45,3005.71,3003.79,3004.26,1563
2026-08-26T01:45:00+00:00,3004.26,3004.44,3003.16,3004.34,1073
2026-08-26T02:00:00+00:00,3004.34,3005.4,3003.64,3004.71,1070
2026-08-26T02:15:00+00:00,3004.71,3006.5,3004.66,3006.45,682
2026-08-26T02:30:00+00:00,3006.45,3008.91,3006.25,3008.79,601
2026-08-26T02:45:00+00:00,3008.79,3009.96,3008.56,3009.3,732
2026-08-26T03:00:00+00:00,3009.3,3010.16,3008.79,3010.04,705
2026-08-26T03:15:00+00:00,3010.04,3010.06,3009.24,3009.44,571
2026-08-26T03:30:00+00:00,3009.44,3010.5,3008.99,3010.14,708
2026-08-26T03:45:00+00:00,3010.14,3010.86,3009.61,3009.61,620
2026-08-26T04:00:00+00:00,3009.61,3010.51,3009.34,3010.06,481
2026-08-26T04:15:00+00:00,3010.06,3010.26,3009.5,3009.64,486
2026-08-26T04:30:00+00:00,3009.64,3010.01,3009.41,3009.41,343
2026-08-26T04:45:00+00:00,3009.41,3009.41,3007.49,3007.99,471
2026-08-26T05:00:00+00:00,3007.99,3010.35,3007.99,3009.56,819
2026-08-26T05:15:00+00:00,3009.56,3009.66,3008.54,3009.46,722
2026-08-26T05:30:00+00:00,3009.46,3009.86,3008.54,3009.25,750
2026-08-26T05:45:00+00:00,3009.25,3009.26,3008.45,3009.24,706
2026-08-26T06:00:00+00:00,3009.24,3009.81,3007.69,3009.14,956
2026-08-26T06:15:00+00:00,3009.14,3010.36,3008.69,3009.94,919
2026-08-26T06:30:00+00:00,3009.94,3012.85,3009.39,3012.75,650
2026-08-26T06:45:00+00:00,3012.75,3013.06,3011.15,3012.25,550
2026-08-26T07:00:00+00:00,3012.25,3012.25,3008.45,3011.1,1787
2026-08-26T07:15:00+00:00,3011.1,3011.56,3008.46,3008.8,1393
2026-08-26T07:30:00+00:00,3008.8,3009.46,3007.31,3008.64,1394
2026-08-26T07:45:00+00:00,3008.64,3010.61,3008.49,3010.45,1044
2026-08-26T08:00:00+00:00,3010.45,3011.64,3009.01,3009.11,1575
2026-08-26T08:15:00+00:00,3009.11,3010.51,3007.14,3009.79,1065
2026-08-26T08:30:00+00:00,3009.79,3010.69,3008.19,3010.15,1149
2026-08-26T08:45:00+00:00,3010.15,3010.36,3007.89,3009.64,748
2026-08-26T09:00:00+00:00,3009.64,3011.51,3008.99,3009.11,861
2026-08-26T09:15:00+00:00,3009.11,3009.96,3007.34,3007.94,993
2026-08-26T09:30:00+00:00,3007.94,3008.86,3007.61,3008.29,804
2026-08-26T09:45:00+00:00,3008.29,3009.21,3008.14,3008.69,674
2026-08-26T10:00:00+00:00,3008.69,3008.96,3006.31,3006.49,532
2026-08-26T10:15:00+00:00,3006.49,3007.1,3005.84,3005.84,590
2026-08-26T10:30:00+00:00,3005.84,3009.25,3005.05,3007.29,703
2026-08-26T10:45:00+00:00,3007.29,3007.9,3006.65,3007.56,612
2026-08-26T11:00:00+00:00,3007.56,3009.11,3007.45,3008.71,777
2026-08-26T11:15:00+00:00,3008.71,3010.15,3007.54,3008.79,972
2026-08-26T11:30:00+00:00,3008.79,3010,3007.51,3008.91,910
2026-08-26T11:45:00+00:00,3008.91,3009.15,3007.3,3008.04,1220
2026-08-26T12:00:00+00:00,3008.04,3008.19,3006.26,3007.45,1328
2026-08-26T12:15:00+00:00,3007.45,3013.26,3006.44,3013.11,1290
2026-08-26T12:30:00+00:00,3013.11,3013.64,3003.05,3003.3,4216
2026-08-26T12:45:00+00:00,3003.3,3004.11,2999.89,3001.11,2517
2026-08-26T13:00:00+00:00,3001.11,3001.96,3000.16,3001.59,1772
2026-08-26T13:15:00+00:00,3001.59,3003.66,3000.39,3002.89,2050
2026-08-26T13:30:00+00:00,3002.89,3010.05,2998.49,3009.99,16568
2026-08-26T13:45:00+00:00,3009.99,3014.69,3008.44,3013.41,9424
2026-08-26T14:00:00+00:00,3013.41,3016.31,3010.9,3011.34,7952
2026-08-26T14:15:00+00:00,3011.34,3012.71,3006.65,3006.9,7684
2026-08-26T14:30:00+00:00,3006.9,3007.86,3002.95,3003.29,6168
2026-08-26T14:45:00+00:00,3003.29,3004.34,3001.95,3003.05,4860
2026-08-26T15:00:00+00:00,3003.05,3005.01,3001.21,3001.84,4046
2026-08-26T15:15:00+00:00,3001.84,3003.5,3000.19,3001.31,3937
2026-08-26T15:30:00+00:00,3001.31,3003.76,2999.29,3003.75,3258
2026-08-26T15:45:00+00:00,3003.75,3004.3,2999.19,3002.36,4774
2026-08-26T16:00:00+00:00,3002.36,3003.05,3000.73,3001.38,3484
2026-08-26T16:15:00+00:00,3001.38,3001.8900000000003,2999.88,3000.63,2203
2026-08-26T16:30:00+00:00,3000.63,3002.34,2999.4500000000003,2999.6400000000003,2274
2026-08-26T16:45:00+00:00,2999.6400000000003,3003.28,2999.4500000000003,3003.28,2378
2026-08-26T17:00:00+00:00,3003.28,3004.7000000000003,3002.34,3002.7400000000002,2253
2026-08-26T17:15:00+00:00,3002.7400000000002,3005.3,3002.63,3005.1000000000004,1926
2026-08-26T17:30:00+00:00,3005.1000000000004,3005.8,3004.23,3004.69,1787
2026-08-26T17:45:00+00:00,3004.69,3006.6000000000004,3004.04,3006.19,1412
2026-08-26T18:00:00+00:00,3006.19,3007,3005.48,3006.84,1374
2026-08-26T18:15:00+00:00,3006.84,3008.75,3006.6400000000003,3007.08,1442
2026-08-26T18:30:00+00:00,3007.08,3007.7400000000002,3005.78,3007.69,1362
2026-08-26T18:45:00+00:00,3007.69,3008.8,3007.58,3008.3199999999997,1565
2026-08-26T19:00:00+00:00,3008.3199999999997,3011.5299999999997,3008.02,3008.73,2282
2026-08-26T19:15:00+00:00,3008.73,3009.6099999999997,3007.8199999999997,3007.83,1656
2026-08-26T19:30:00+00:00,3007.83,3008.5299999999997,3006.92,3008.16,2220
2026-08-26T19:45:00+00:00,3008.16,3008.71,3005.3199999999997,3006.96,3918
2026-08-26T20:00:00+00:00,3006.96,3009.72,3006.96,3008.46,1411
2026-08-26T20:15:00+00:00,3008.46,3010.08,3007.62,3009.5699999999997,3198
2026-08-26T20:30:00+00:00,3009.5699999999997,3009.62,3008.0099999999998,3008.48,871
2026-08-26T20:45:00+00:00,3008.48,3010.23,3007.91,3009.8199999999997,941
2026-08-26T22:00:00+00:00,3009.8199999999997,3013.38,3007.27,3013.12,1563
2026-08-26T22:15:00+00:00,3013.12,3015.63,3012.67,3015.31,664
2026-08-26T22:30:00+00:00,3015.31,3016.72,3015.16,3016.5099999999998,342
2026-08-26T22:45:00+00:00,3016.5099999999998,3016.5099999999998,3014.3599999999997,3014.37,378
2026-08-26T23:00:00+00:00,3014.37,3014.71,3013.21,3013.66,427
2026-08-26T23:15:00+00:00,3013.66,3013.77,3012.21,3012.5299999999997,315
2026-08-26T23:30:00+00:00,3012.5299999999997,3013.3199999999997,3012.43,3013.2599999999998,282
2026-08-26T23:45:00+00:00,3013.2599999999998,3014.48,3012.73,3014.33,1198
2026-08-27T00:00:00+00:00,3014.33,3015.3199999999997,3013.2599999999998,3014.08,1620
2026-08-27T00:15:00+00:00,3014.08,3014.2799999999997,3012.87,3013.5099999999998,1428
2026-08-27T00:30:00+00:00,3013.5099999999998,3013.5299999999997,3007.3599999999997,3007.5699999999997,1108
2026-08-27T00:45:00+00:00,3007.5699999999997,3008.18,3003.88,3003.88,2457
2026-08-27T01:00:00+00:00,3003.88,3007.46,3003.02,3006.56,2143
2026-08-27T01:15:00+00:00,3006.56,3008.88,3005.96,3008.77,1586
2026-08-27T01:30:00+00:00,3008.77,3008.93,3006.41,3006.42,1769
2026-08-27T01:45:00+00:00,3006.42,3009.43,3006.42,3009.0099999999998,1324
2026-08-27T02:00:00+00:00,3009.0099999999998,3010.72,3008.72,3010.41,1066
2026-08-27T02:15:00+00:00,3010.41,3010.98,3010.11,3010.58,814
2026-08-27T02:30:00+00:00,3010.58,3011.2599999999998,3009.82,3010.43,980
2026-08-27T02:45:00+00:00,3010.43,3010.93,3009.96,3010.03,1038
2026-08-27T03:00:00+00:00,3010.03,3010.5099999999998,3009.0099999999998,3009.61,808
2026-08-27T03:15:00+00:00,3009.61,3010.28,3009.41,3009.56,591
2026-08-27T03:30:00+00:00,3009.56,3009.97,3008.11,3008.23,558
2026-08-27T03:45:00+00:00,3008.23,3009.32,3007.81,3008.43,938
2026-08-27T04:00:00+00:00,3008.43,3008.97,3007.7599999999998,3008.23,1103
2026-08-27T04:15:00+00:00,3008.23,3008.5099999999998,3007.23,3007.23,906
2026-08-27T04:30:00+00:00,3007.23,3007.28,3005.81,3006.17,730
2026-08-27T04:45:00+00:00,3006.17,3006.78,3005.32,3005.72,831
2026-08-27T05:00:00+00:00,3005.72,3006.06,3004.36,3005.18,950
2026-08-27T05:15:00+00:00,3005.18,3005.78,3004.17,3005.31,891
2026-08-27T05:30:00+00:00,3005.31,3005.53,3003.52,3003.62,944
2026-08-27T05:45:00+00:00,3003.62,3004.97,3003.61,3004.81,794
2026-08-27T06:00:00+00:00,3004.81,3005.07,3002.87,3004.0099999999998,1140
2026-08-27T06:15:00+00:00,3004.0099999999998,3005.33,3004.0099999999998,3004.48,1194
2026-08-27T06:30:00+00:00,3004.48,3005.87,3004.16,3005.87,1048
2026-08-27T06:45:00+00:00,3005.87,3007.12,3005.46,3007.02,880
2026-08-27T07:00:00+00:00,3007.02,3007.46,3005.27,3007.33,1907
2026-08-27T07:15:00+00:00,3007.33,3007.67,3006.38,3007.23,1347
2026-08-27T07:30:00+00:00,3007.23,3007.42,3004.61,3005.03,1433
2026-08-27T07:45:00+00:00,3005.03,3007.37,3004.62,3006.41,1293
2026-08-27T08:00:00+00:00,3006.41,3010.68,3006.12,3009.27,1680
2026-08-27T08:15:00+00:00,3009.27,3009.37,3006.83,3008.67,1454
2026-08-27T08:30:00+00:00,3008.67,3008.88,3005.7599999999998,3006.03,2047
2026-08-27T08:45:00+00:00,3006.03,3006.68,3004.07,3004.27,1567
2026-08-27T09:00:00+00:00,3004.27,3005.23,3002.33,3003.38,2089
2026-08-27T09:15:00+00:00,3003.38,3007.13,3002.91,3007.12,1411
2026-08-27T09:30:00+00:00,3007.12,3009.63,3007.06,3008.82,1140
2026-08-27T09:45:00+00:00,3008.82,3010.47,3006.18,3006.18,1226
2026-08-27T10:00:00+00:00,3006.18,3006.47,3003.17,3003.81,1482
2026-08-27T10:15:00+00:00,3003.81,3004.43,3002.23,3003.68,1322
2026-08-27T10:30:00+00:00,3003.68,3005.43,3003.36,3004.81,725
2026-08-27T10:45:00+00:00,3004.81,3008.08,3004.81,3007.82,730
2026-08-27T11:00:00+00:00,3007.82,3007.82,3005.82,3007.11,1054
2026-08-27T11:15:00+00:00,3007.11,3007.63,3006.0099999999998,3006.0099999999998,969
2026-08-27T11:30:00+00:00,3006.0099999999998,3007.98,3005.11,3006.83,3183
2026-08-27T11:45:00+00:00,3006.83,3009.07,3005.21,3008.46,2188
2026-08-27T12:00:00+00:00,3008.46,3008.73,3006.81,3007.21,1987
2026-08-27T12:15:00+00:00,3007.21,3007.37,3005.41,3006.73,1514
2026-08-27T12:30:00+00:00,3006.73,3007.56,3004.06,3004.78,1545
2026-08-27T12:45:00+00:00,3004.78,3005.27,3003.06,3003.63,1227
2026-08-27T13:00:00+00:00,3003.63,3003.91,3002.36,3002.42,1987
2026-08-27T13:15:00+00:00,3002.42,3006.98,3001.57,3005.57,2028
2026-08-27T13:30:00+00:00,3005.57,3014.53,3001.68,3010.27,17375
2026-08-27T13:45:00+00:00,3010.27,3012.28,3005.07,3005.28,12831
2026-08-27T14:00:00+00:00,3005.28,3005.82,2999.5099999999998,3001.32,10556
2026-08-27T14:15:00+00:00,3001.32,3007.21,3001.21,3003.13,7300
2026-08-27T14:30:00+00:00,3003.13,3007.42,3001.63,3007.27,6801
2026-08-27T14:45:00+00:00,3007.27,3010.7599999999998,3007.17,3010.17,5693
2026-08-27T15:00:00+00:00,3010.17,3015.1699999999996,3010.16,3014.6699999999996,4123
2026-08-27T15:15:00+00:00,3014.6699999999996,3017.2799999999997,3014.18,3014.83,3712
2026-08-27T15:30:00+00:00,3014.83,3017.52,3014.6699999999996,3015.47,4583
2026-08-27T15:45:00+00:00,3015.47,3021.3399999999997,3015.02,3020.8799999999997,3735
2026-08-27T16:00:00+00:00,3020.8799999999997,3022.12,3016.69,3017.24,3134
2026-08-27T16:15:00+00:00,3017.24,3018.46,3015.15,3017.41,2565
2026-08-27T16:30:00+00:00,3017.41,3019.31,3016.49,3018.85,2496
2026-08-27T16:45:00+00:00,3018.85,3021.56,3018.64,3021.24,2103
2026-08-27T17:00:00+00:00,3021.24,3022.16,3019.64,3020.75,2188
2026-08-27T17:15:00+00:00,3020.75,3021.76,3019.69,3020,1756
2026-08-27T17:30:00+00:00,3020,3021.54,3019.06,3019.21,1715
2026-08-27T17:45:00+00:00,3019.21,3019.25,3016.55,3016.59,2993
2026-08-27T18:00:00+00:00,3016.59,3016.84,3013.21,3015.09,4601
2026-08-27T18:15:00+00:00,3015.09,3017.21,3012.94,3013.5,3786
2026-08-27T18:30:00+00:00,3013.5,3015.86,3013.14,3015.49,3156
2026-08-27T18:45:00+00:00,3015.49,3018.16,3015.4,3017.85,2736
2026-08-27T19:00:00+00:00,3017.85,3020.26,3017.81,3018.46,2887
2026-08-27T19:15:00+00:00,3018.46,3019.46,3018.14,3018.56,2353
2026-08-27T19:30:00+00:00,3018.56,3021.06,3018.09,3019.76,3088
2026-08-27T19:45:00+00:00,3019.76,3020.11,3016.2,3017.71,4496
2026-08-27T20:00:00+00:00,3017.71,3018.8,3016.76,3016.81,1608
2026-08-27T20:15:00+00:00,3016.81,3017.45,3015.66,3016.16,803
2026-08-27T20:30:00+00:00,3016.16,3016.66,3015.89,3016.29,832
2026-08-27T20:45:00+00:00,3016.29,3017.56,3016.24,3017.16,610
2026-08-27T22:00:00+00:00,3017.16,3018.54,3016.24,3017.74,610
2026-08-27T22:15:00+00:00,3017.74,3018.14,3016.93,3017.38,313
2026-08-27T22:30:00+00:00,3017.38,3017.69,3017.09,3017.24,254
2026-08-27T22:45:00+00:00,3017.24,3017.8,3017.13,3017.39,200
2026-08-27T23:00:00+00:00,3017.39,3017.83,3017.1,3017.4,273
2026-08-27T23:15:00+00:00,3017.4,3017.4,3016.73,3016.98,122
2026-08-27T23:30:00+00:00,3016.98,3017.09,3016.44,3016.59,215
2026-08-27T23:45:00+00:00,3016.59,3016.59,3015.18,3015.75,456
2026-08-28T00:00:00+00:00,3015.75,3017.3,3015.53,3017.23,694
2026-08-28T00:15:00+00:00,3017.23,3017.9,3015.88,3017.78,664
2026-08-28T00:30:00+00:00,3017.78,3018.95,3016.98,3018.6,388
2026-08-28T00:45:00+00:00,3018.6,3019.5,3018.25,3019.45,429
2026-08-28T01:00:00+00:00,3019.45,3020.49,3019.45,3020.18,424
2026-08-28T01:15:00+00:00,3020.18,3020.2,3019.13,3019.35,356
2026-08-28T01:30:00+00:00,3019.35,3020.5,3019.2,3019.94,399
2026-08-28T01:45:00+00:00,3019.94,3021.93,3019.88,3021.93,294
2026-08-28T02:00:00+00:00,3021.93,3023.85,3021.93,3022.93,348
2026-08-28T02:15:00+00:00,3022.93,3023.65,3022.43,3022.43,500
2026-08-28T02:30:00+00:00,3022.43,3022.43,3020.05,3020.1,317
2026-08-28T02:45:00+00:00,3020.1,3020.5,3019.54,3020.44,253
2026-08-28T03:00:00+00:00,3020.44,3022.2,3020.44,3021.78,478
2026-08-28T03:15:00+00:00,3021.78,3022.78,3021.69,3022.39,292
2026-08-28T03:30:00+00:00,3022.39,3022.48,3019.73,3019.84,460
2026-08-28T03:45:00+00:00,3019.84,3021.75,3019.44,3021.34,548
2026-08-28T04:00:00+00:00,3021.34,3021.55,3020.19,3021.18,723
2026-08-28T04:15:00+00:00,3021.18,3021.45,3020.28,3020.45,929
2026-08-28T04:30:00+00:00,3020.45,3020.8,3019.64,3020.13,713
2026-08-28T04:45:00+00:00,3020.13,3020.3,3019.34,3019.75,373
2026-08-28T05:00:00+00:00,3019.75,3020.09,3019.29,3019.75,489
2026-08-28T05:15:00+00:00,3019.75,3019.94,3019.03,3019.45,723
2026-08-28T05:30:00+00:00,3019.45,3019.75,3018.58,3019.19,627
2026-08-28T05:45:00+00:00,3019.19,3019.33,3017.94,3017.94,352
2026-08-28T06:00:00+00:00,3017.94,3019.05,3017.1,3018.39,641
2026-08-28T06:15:00+00:00,3018.39,3020.28,3018.39,3018.58,755
2026-08-28T06:30:00+00:00,3018.58,3021.55,3018.58,3021.45,884
2026-08-28T06:45:00+00:00,3021.45,3022.74,3020.84,3022.68,785
2026-08-28T07:00:00+00:00,3022.68,3023.14,3020.44,3021.1,1056
2026-08-28T07:15:00+00:00,3021.1,3022.2,3020.88,3020.98,860
2026-08-28T07:30:00+00:00,3020.98,3022.25,3020.43,3020.94,704
2026-08-28T07:45:00+00:00,3020.94,3021.84,3020.55,3020.95,595
2026-08-28T08:00:00+00:00,3020.95,3021.58,3018.8,3020.15,794
2026-08-28T08:15:00+00:00,3020.15,3020.55,3019.05,3020.25,568
2026-08-28T08:30:00+00:00,3020.25,3022.83,3020,3020.24,639
2026-08-28T08:45:00+00:00,3020.24,3020.24,3017.38,3018.85,517
2026-08-28T09:00:00+00:00,3018.85,3018.95,3017.05,3017.25,609
2026-08-28T09:15:00+00:00,3017.25,3018.44,3016.48,3017.43,418
2026-08-28T09:30:00+00:00,3017.43,3017.9,3016.78,3016.95,414
2026-08-28T09:45:00+00:00,3016.95,3018.94,3016.88,3018.09,377
2026-08-28T10:00:00+00:00,3018.09,3018.73,3016.89,3017.53,399
2026-08-28T10:15:00+00:00,3017.53,3017.95,3016.98,3017.24,282
2026-08-28T10:30:00+00:00,3017.24,3017.7,3014.98,3014.99,361
2026-08-28T10:45:00+00:00,3014.99,3015.3,3013.6,3014.85,454
2026-08-28T11:00:00+00:00,3014.85,3015.69,3013.43,3014.28,586
2026-08-28T11:15:00+00:00,3014.28,3014.93,3012.88,3013.13,431
2026-08-28T11:30:00+00:00,3013.13,3013.55,3010.85,3011.7,468
2026-08-28T11:45:00+00:00,3011.7,3013.15,3011.43,3012.84,449
2026-08-28T12:00:00+00:00,3012.84,3015.23,3012.49,3015.13,587
2026-08-28T12:15:00+00:00,3015.13,3016.69,3015.13,3016.29,719
2026-08-28T12:30:00+00:00,3016.29,3016.33,3013.13,3016.13,865
2026-08-28T12:45:00+00:00,3016.13,3017.15,3015.33,3016.1,793
2026-08-28T13:00:00+00:00,3016.1,3016.74,3013.83,3014.08,1358
2026-08-28T13:15:00+00:00,3014.08,3015.43,3011.98,3015.39,1150
2026-08-28T13:30:00+00:00,3015.39,3022.64,3008.18,3009.15,14948
2026-08-28T13:45:00+00:00,3009.15,3012.9,3008.48,3009.2,8376
2026-08-28T14:00:00+00:00,3009.2,3017.7,2992.24,2993.88,17758
2026-08-28T14:15:00+00:00,2993.88,3002.6,2992.69,2994.68,17182
2026-08-28T14:30:00+00:00,2994.68,3004.8,2991.83,3002.93,14003
2026-08-28T14:45:00+00:00,3002.93,3003.38,2999.73,3002.6,10416
2026-08-28T15:00:00+00:00,3002.6,3004.09,2995.58,2998.03,8698
2026-08-28T15:15:00+00:00,2998.03,3002.98,2997.63,3000.89,6847
2026-08-28T15:30:00+00:00,3000.89,3000.95,2990.49,2990.69,7879
2026-08-28T15:45:00+00:00,2990.69,2991.28,2983.49,2984,10366
2026-08-28T16:00:00+00:00,2984,2986.09,2980.9,2981.4,9780
2026-08-28T16:15:00+00:00,2981.4,2982.28,2976.53,2977.18,10831
2026-08-28T16:30:00+00:00,2977.18,2983.85,2976.94,2981.23,7786
2026-08-28T16:45:00+00:00,2981.23,2985.55,2981.03,2982.04,6803
2026-08-28T17:00:00+00:00,2982.04,2982.19,2977.03,2981.65,9103
2026-08-28T17:15:00+00:00,2981.65,2982.08,2979.53,2980.24,5769
2026-08-28T17:30:00+00:00,2980.24,2983.05,2979.09,2979.93,5166
2026-08-28T17:45:00+00:00,2979.93,2982.3,2979.63,2981.29,3608
2026-08-28T18:00:00+00:00,2981.29,2982.2,2979.03,2979.13,4148
2026-08-28T18:15:00+00:00,2979.13,2981.05,2977.45,2978.43,4058
2026-08-28T18:30:00+00:00,2978.43,2979.5,2977.44,2978.53,3086
2026-08-28T18:45:00+00:00,2978.53,2979.35,2976.63,2977.6,3049
2026-08-28T19:00:00+00:00,2977.6,2979.7,2976.48,2979.18,3565
2026-08-28T19:15:00+00:00,2979.18,2983.7,2978.44,2982.5,2575
2026-08-28T19:30:00+00:00,2982.5,2982.5,2978.93,2979.4,3264
2026-08-28T19:45:00+00:00,2979.4,2979.53,2975.23,2976.04,5666
2026-08-28T20:00:00+00:00,2976.04,2977.05,2975.03,2975.18,1338
2026-08-28T20:15:00+00:00,2975.18,2976.23,2975.03,2975.95,281
2026-08-28T20:30:00+00:00,2975.95,2977.54,2975.63,2977.33,288
2026-08-30T22:00:00+00:00,2977.33,2977.33,2966.85,2972.86,1562
2026-08-30T22:15:00+00:00,2972.86,2973.76,2971.44,2971.65,541
2026-08-30T22:30:00+00:00,2971.65,2972.31,2969.54,2970.15,756
2026-08-30T22:45:00+00:00,2970.15,2972.06,2970.05,2971.81,333
2026-08-30T23:00:00+00:00,2971.81,2971.81,2969.09,2969.11,482
2026-08-30T23:15:00+00:00,2969.11,2969.95,2967.24,2967.34,643
2026-08-30T23:30:00+00:00,2967.34,2967.55,2965.39,2967.4,1460
2026-08-30T23:45:00+00:00,2967.4,2967.61,2962.36,2962.75,3193
2026-08-31T00:00:00+00:00,2962.75,2968.91,2962.54,2968.09,3153
2026-08-31T00:15:00+00:00,2968.09,2970.34,2967.44,2970.21,1438
2026-08-31T00:30:00+00:00,2970.21,2971.46,2969.74,2970.26,1285
2026-08-31T00:45:00+00:00,2970.26,2970.81,2969.04,2969.71,1256
2026-08-31T01:00:00+00:00,2969.71,2969.76,2963.19,2965.9,2691
2026-08-31T01:15:00+00:00,2965.9,2966.96,2964.6,2965.26,2678
2026-08-31T01:30:00+00:00,2965.26,2966.86,2964.1,2965.44,2197
2026-08-31T01:45:00+00:00,2965.44,2966.66,2964.59,2965.94,2196
2026-08-31T02:00:00+00:00,2965.94,2968.65,2965.05,2968.24,2079
2026-08-31T02:15:00+00:00,2968.24,2968.36,2964.54,2966.51,2190
2026-08-31T02:30:00+00:00,2966.51,2967.11,2964.09,2965.04,1546
2026-08-31T02:45:00+00:00,2965.04,2967.24,2963.99,2966.95,1007
2026-08-31T03:00:00+00:00,2966.95,2969.11,2966.4,2968.45,1013
2026-08-31T03:15:00+00:00,2968.45,2969.11,2968.09,2968.69,782
2026-08-31T03:30:00+00:00,2968.69,2968.76,2967.19,2967.66,893
2026-08-31T03:45:00+00:00,2967.66,2968.05,2967.34,2968.05,552
2026-08-31T04:00:00+00:00,2968.05,2968.1,2966.91,2967.51,622
2026-08-31T04:15:00+00:00,2967.51,2967.74,2966.84,2967.41,436
2026-08-31T04:30:00+00:00,2967.41,2969.21,2966.59,2969.21,680
2026-08-31T04:45:00+00:00,2969.21,2971.21,2968.19,2970.34,626
2026-08-31T05:00:00+00:00,2970.34,2972.01,2969.69,2971.89,790
2026-08-31T05:15:00+00:00,2971.89,2973.51,2971.66,2971.7,763
2026-08-31T05:30:00+00:00,2971.7,2971.86,2969.09,2971.09,1048
2026-08-31T05:45:00+00:00,2971.09,2972.96,2970.89,2972.75,848
2026-08-31T06:00:00+00:00,2972.75,2973.61,2971.84,2973.46,773
2026-08-31T06:15:00+00:00,2973.46,2976.64,2973.46,2976.64,735
2026-08-31T06:30:00+00:00,2976.64,2976.91,2975.65,2976.29,758
2026-08-31T06:45:00+00:00,2976.29,2978.21,2976.15,2977.95,595
2026-08-31T07:00:00+00:00,2977.95,2978.29,2975.74,2978.29,887
2026-08-31T07:15:00+00:00,2978.29,2979.44,2977.66,2978.39,900
2026-08-31T07:30:00+00:00,2978.39,2979.66,2977.74,2978.8,1006
2026-08-31T07:45:00+00:00,2978.8,2978.81,2976.74,2977.99,742
2026-08-31T08:00:00+00:00,2977.99,2980.9,2977.04,2978.71,1594
2026-08-31T08:15:00+00:00,2978.71,2980.61,2978.46,2979.81,1057
2026-08-31T08:30:00+00:00,2979.81,2980.26,2978.74,2979.34,970
2026-08-31T08:45:00+00:00,2979.34,2980.3,2978.84,2979.35,829
2026-08-31T09:00:00+00:00,2979.35,2980.3,2978.8,2980.1,1348
2026-08-31T09:15:00+00:00,2980.1,2981.44,2979.99,2980.11,940
2026-08-31T09:30:00+00:00,2980.11,2980.4,2978.25,2979.01,746
2026-08-31T09:45:00+00:00,2979.01,2979.31,2976.64,2976.91,633
2026-08-31T10:00:00+00:00,2976.91,2977.16,2974.66,2975.41,803
2026-08-31T10:15:00+00:00,2975.41,2976.21,2973.39,2975.24,829
2026-08-31T10:30:00+00:00,2975.24,2975.29,2973.64,2973.85,952
2026-08-31T10:45:00+00:00,2973.85,2976.16,2973.34,2975.39,976
2026-08-31T11:00:00+00:00,2975.39,2977.21,2975.09,2975.25,1116
2026-08-31T11:15:00+00:00,2975.25,2975.96,2973.96,2975.8,663
2026-08-31T11:30:00+00:00,2975.8,2975.84,2971.9,2972.2,1182
2026-08-31T11:45:00+00:00,2972.2,2974.24,2972.09,2974.09,1103
2026-08-31T12:00:00+00:00,2974.09,2976.54,2970.24,2973.96,2428
2026-08-31T12:15:00+00:00,2973.96,2975.24,2967.96,2969.01,2634
2026-08-31T12:30:00+00:00,2969.01,2970.76,2966.41,2967.59,2412
2026-08-31T12:45:00+00:00,2967.59,2968.25,2963.84,2965.11,1760
2026-08-31T13:00:00+00:00,2965.11,2968.86,2964.65,2968.74,2144
2026-08-31T13:15:00+00:00,2968.74,2971.86,2967.29,2969.36,2190
2026-08-31T13:30:00+00:00,2969.36,2972.01,2957.09,2957.51,18176
2026-08-31T13:45:00+00:00,2957.51,2960.66,2952.14,2952.99,11727
2026-08-31T14:00:00+00:00,2952.99,2955.36,2951.1,2952.24,9345
2026-08-31T14:15:00+00:00,2952.24,2954.46,2948.54,2949.05,7342
2026-08-31T14:30:00+00:00,2949.05,2954.8,2948.54,2951.19,6746
2026-08-31T14:45:00+00:00,2951.19,2953.8,2949.14,2951.31,6067
2026-08-31T15:00:00+00:00,2951.31,2954.36,2947.84,2949.5,5910
2026-08-31T15:15:00+00:00,2949.5,2950.76,2947.26,2949.96,4171
2026-08-31T15:30:00+00:00,2949.96,2951.51,2948.66,2950.56,4324
2026-08-31T15:45:00+00:00,2950.56,2952.19,2949.66,2950.01,3143
2026-08-31T16:00:00+00:00,2950.01,2951.66,2948.59,2950.55,3798
2026-08-31T16:15:00+00:00,2950.55,2951.06,2947.8,2950.51,2636
2026-08-31T16:30:00+00:00,2950.51,2950.96,2947.34,2949.71,2769
2026-08-31T16:45:00+00:00,2949.71,2950.76,2948.44,2948.66,2155
2026-08-31T17:00:00+00:00,2948.66,2948.86,2946.84,2947.85,2226
2026-08-31T17:15:00+00:00,2947.85,2948.91,2945.24,2945.59,2294
2026-08-31T17:30:00+00:00,2945.59,2948.45,2945.14,2948.35,2272
2026-08-31T17:45:00+00:00,2948.35,2950.9,2947.7,2949.86,2211
2026-08-31T18:00:00+00:00,2949.86,2951.06,2948.26,2949.65,2483
2026-08-31T18:15:00+00:00,2949.65,2950.14,2947.25,2948.76,1937
2026-08-31T18:30:00+00:00,2948.76,2949.61,2947.29,2948.7,2454
2026-08-31T18:45:00+00:00,2948.7,2951.16,2948.04,2950.21,2382
2026-08-31T19:00:00+00:00,2950.21,2951.91,2949.99,2951.54,2041
2026-08-31T19:15:00+00:00,2951.54,2954.86,2950.59,2954.1,1938
2026-08-31T19:30:00+00:00,2954.1,2957.74,2953.35,2956.74,2669
2026-08-31T19:45:00+00:00,2956.74,2961.81,2955.74,2957.14,7288
2026-08-31T20:00:00+00:00,2957.14,2960.41,2957.04,2958.86,1929
2026-08-31T20:15:00+00:00,2958.86,2959.11,2957.99,2958.4,597
2026-08-31T20:30:00+00:00,2958.4,2959,2957.94,2958.74,375
2026-08-31T20:45:00+00:00,2958.74,2958.91,2957.56,2957.96,522
2026-08-31T22:00:00+00:00,2957.96,2958.05,2956.19,2957.36,511
2026-08-31T22:15:00+00:00,2957.36,2957.56,2956.75,2957,136
2026-08-31T22:30:00+00:00,2957,2957.89,2956.94,2957.45,176
2026-08-31T22:45:00+00:00,2957.45,2957.7,2956.94,2957.05,183
2026-08-31T23:00:00+00:00,2957.05,2958.16,2956.84,2958.09,279
2026-08-31T23:15:00+00:00,2958.09,2958.21,2957.39,2958.16,205
2026-08-31T23:30:00+00:00,2958.16,2959.26,2957.89,2958.75,382
2026-08-31T23:45:00+00:00,2958.75,2959.15,2957.59,2957.89,637
2026-09-01T00:00:00+00:00,2957.89,2960.15,2956.64,2959.29,1263
2026-09-01T00:15:00+00:00,2959.29,2961.8,2958.94,2960.26,727
2026-09-01T00:30:00+00:00,2960.26,2961.06,2959.19,2960.45,521
2026-09-01T00:45:00+00:00,2960.45,2961.05,2959.79,2960.05,392
2026-09-01T01:00:00+00:00,2960.05,2960.55,2959.14,2960.34,886
2026-09-01T01:15:00+00:00,2960.34,2960.56,2958.19,2958.69,530
2026-09-01T01:30:00+00:00,2958.69,2960.7,2957.99,2960.7,645
2026-09-01T01:45:00+00:00,2960.7,2961.2,2959.81,2960.25,435
2026-09-01T02:00:00+00:00,2960.25,2960.7,2958.75,2958.91,432
2026-09-01T02:15:00+00:00,2958.91,2959.2,2957.64,2958.05,398
2026-09-01T02:30:00+00:00,2958.05,2959.1,2956.74,2957,653
2026-09-01T02:45:00+00:00,2957,2959.21,2956.74,2959.15,524
2026-09-01T03:00:00+00:00,2959.15,2959.26,2958.3,2958.66,488
2026-09-01T03:15:00+00:00,2958.66,2959.24,2958.05,2958.36,503
2026-09-01T03:30:00+00:00,2958.36,2959.26,2957.99,2958.75,625
2026-09-01T03:45:00+00:00,2958.75,2959,2958.09,2958.46,391
2026-09-01T04:00:00+00:00,2958.46,2959.06,2958.15,2958.59,533
2026-09-01T04:15:00+00:00,2958.59,2959.21,2957.79,2958.2,291
2026-09-01T04:30:00+00:00,2958.2,2958.71,2957.44,2957.59,348
2026-09-01T04:45:00+00:00,2957.59,2958.64,2956.49,2956.96,442
2026-09-01T05:00:00+00:00,2956.96,2957.56,2956.31,2957.04,423
2026-09-01T05:15:00+00:00,2957.04,2958.2,2955.91,2958.2,459
2026-09-01T05:30:00+00:00,2958.2,2962.11,2957.59,2961.96,797
2026-09-01T05:45:00+00:00,2961.96,2962.36,2960.89,2961.2,742
2026-09-01T06:00:00+00:00,2961.2,2961.71,2959.2,2959.59,747
2026-09-01T06:15:00+00:00,2959.59,2960.2,2958.59,2958.76,758
2026-09-01T06:30:00+00:00,2958.76,2960.31,2958.24,2959.84,734
2026-09-01T06:45:00+00:00,2959.84,2960.05,2958.79,2959.14,590
2026-09-01T07:00:00+00:00,2959.14,2963.71,2958.59,2962.54,1711
2026-09-01T07:15:00+00:00,2962.54,2962.61,2959.7,2960.8,1159
2026-09-01T07:30:00+00:00,2960.8,2960.81,2954.9,2955.04,1603
2026-09-01T07:45:00+00:00,2955.04,2957.16,2953.34,2956.31,1606
2026-09-01T08:00:00+00:00,2956.31,2956.89,2949.39,2950.91,4476
2026-09-01T08:15:00+00:00,2950.91,2952.24,2944.9,2945.39,3025
2026-09-01T08:30:00+00:00,2945.39,2945.75,2940.34,2941.49,2756
2026-09-01T08:45:00+00:00,2941.49,2946.06,2940.7,2942.45,2216
2026-09-01T09:00:00+00:00,2942.45,2944.81,2941.49,2941.81,2114
2026-09-01T09:15:00+00:00,2941.81,2942.91,2939.95,2940.95,2046
2026-09-01T09:30:00+00:00,2940.95,2941.51,2939.69,2940.45,1670
2026-09-01T09:45:00+00:00,2940.45,2942.19,2940.39,2940.41,1127
2026-09-01T10:00:00+00:00,2940.41,2944.1,2939.5,2943.66,1077
2026-09-01T10:15:00+00:00,2943.66,2947.95,2943.34,2946.65,943
2026-09-01T10:30:00+00:00,2946.65,2948.55,2945.11,2945.16,799
2026-09-01T10:45:00+00:00,2945.16,2946.5,2942.84,2943.85,1346
2026-09-01T11:00:00+00:00,2941.05,2941.21,2938.64,2939.34,1283
2026-09-01T11:15:00+00:00,2939.34,2940.86,2938.94,2940.65,1333
2026-09-01T11:30:00+00:00,2940.65,2943.85,2940.54,2942.31,983
2026-09-01T11:45:00+00:00,2942.31,2942.96,2937.64,2937.91,1439
2026-09-01T12:00:00+00:00,2937.91,2938.46,2936.04,2938.04,2074
2026-09-01T12:15:00+00:00,2938.04,2940,2936.89,2939.15,1430
2026-09-01T12:30:00+00:00,2939.15,2939.15,2935.04,2936.3,1932
2026-09-01T12:45:00+00:00,2936.3,2938.36,2935.66,2936.26,1088
2026-09-01T13:00:00+00:00,2936.26,2936.74,2933.99,2934.91,2408
2026-09-01T13:15:00+00:00,2934.91,2937.79,2934.29,2935.36,2295
2026-09-01T13:30:00+00:00,2935.36,2945.41,2928.59,2931.14,19379
2026-09-01T13:45:00+00:00,2931.14,2935.55,2928.06,2930.79,11112
2026-09-01T14:00:00+00:00,2930.79,2935.86,2928.21,2935.61,10723
2026-09-01T14:15:00+00:00,2935.61,2940.65,2934.14,2938.56,8598
2026-09-01T14:30:00+00:00,2938.56,2943.66,2938.5,2940.29,6676
2026-09-01T14:45:00+00:00,2940.29,2942.11,2936.19,2936.95,6269
2026-09-01T15:00:00+00:00,2936.95,2938.19,2934.89,2935.95,5599
2026-09-01T15:15:00+00:00,2935.95,2936.14,2933.64,2936.09,4494
2026-09-01T15:30:00+00:00,2936.09,2937.14,2934.55,2937.1,3924
2026-09-01T15:45:00+00:00,2937.1,2939.05,2935.29,2936,3512
2026-09-01T16:00:00+00:00,2936,2936.76,2932.99,2933.06,3819
2026-09-01T16:15:00+00:00,2933.06,2933.25,2923.04,2924.04,6979
2026-09-01T16:30:00+00:00,2924.04,2925.66,2919.4,2922.96,5834
2026-09-01T16:45:00+00:00,2922.96,2926.51,2922.5,2925.09,3681
2026-09-01T17:00:00+00:00,2925.09,2925.36,2922.14,2923.3,3758
2026-09-01T17:15:00+00:00,2923.3,2924.81,2920.85,2924.11,3228
2026-09-01T17:30:00+00:00,2924.11,2925.5,2923.14,2924.36,3071
2026-09-01T17:45:00+00:00,2924.36,2924.59,2922.04,2922.74,2301
2026-09-01T18:00:00+00:00,2922.74,2923.26,2921.16,2921.81,2662
2026-09-01T18:15:00+00:00,2921.81,2923.39,2920.94,2921.36,2451
2026-09-01T18:30:00+00:00,2921.36,2921.96,2917.44,2917.44,2762
2026-09-01T18:45:00+00:00,2917.44,2920.94,2915.54,2920.15,3707
2026-09-01T19:00:00+00:00,2920.15,2923.74,2919.54,2923.74,3336
2026-09-01T19:15:00+00:00,2923.74,2924.5,2922.1,2922.69,2835
2026-09-01T19:30:00+00:00,2922.69,2922.7,2918.54,2919.49,3185
2026-09-01T19:45:00+00:00,2919.49,2922.34,2917.51,2922.01,5057
2026-09-01T20:00:00+00:00,2922.01,2923.19,2919.65,2920.95,1759
2026-09-01T20:15:00+00:00,2920.95,2923.24,2920.89,2922.5,501
2026-09-01T20:30:00+00:00,2922.5,2923.75,2921.3,2922.45,483
2026-09-01T20:45:00+00:00,2922.45,2923.36,2921.75,2923.25,473
2026-09-01T22:00:00+00:00,2923.25,2923.59,2921.15,2921.7,566
2026-09-01T22:15:00+00:00,2921.7,2921.85,2920.95,2921.15,251
2026-09-01T22:30:00+00:00,2921.15,2921.76,2920.9,2921.25,265
2026-09-01T22:45:00+00:00,2921.25,2922.15,2921.14,2921.64,309
2026-09-01T23:00:00+00:00,2921.64,2921.99,2921.44,2921.76,185
2026-09-01T23:15:00+00:00,2921.76,2921.96,2921.31,2921.85,378
2026-09-01T23:30:00+00:00,2921.85,2922.3,2921.34,2921.69,308
2026-09-01T23:45:00+00:00,2921.69,2922.21,2921.06,2921.74,491
2026-09-02T00:00:00+00:00,2921.74,2922.05,2919.45,2920.39,1597
2026-09-02T00:15:00+00:00,2920.39,2922.84,2919.14,2919.2,1993
2026-09-02T00:30:00+00:00,2919.2,2920.45,2917.91,2919.19,1535
2026-09-02T00:45:00+00:00,2919.19,2919.46,2916.54,2916.54,1096
2026-09-02T01:00:00+00:00,2916.54,2918.26,2915.26,2916.05,1464
2026-09-02T01:15:00+00:00,2916.05,2918.45,2915.85,2917.36,1605
2026-09-02T01:30:00+00:00,2917.36,2918.15,2916.31,2917.2,1299
2026-09-02T01:45:00+00:00,2917.2,2918.01,2915.84,2917.91,1689
2026-09-02T02:00:00+00:00,2917.91,2917.96,2917.86,2917.96,13
